Date/Time,Open,High,Low,Close,MACD,MACD_signal,MACD_hist,K,D,J,ATR (14),ATR (200),Supply Zone,Demand Zone,Entry Price,Stop Loss,Take Profit,Exit Price,Trade Status,Running PnL %
2025-01-01 08:00:00,93576,94509.42,93489.03,93838.04,0,0,0,34.20358882,34.20358882,34.20358882,1020.39,1020.39,,,,,,,,
2025-01-01 12:00:00,93838.04,93937.19,93500,93684.1,-12.28011396,-2.456022792,-9.824091168,29.17479264,32.52732343,22.46973107,728.79,728.79,,,,,,,,
2025-01-01 16:00:00,93684.11,93756.02,92888,93444.64,-40.86356377,-10.13753099,-30.72603278,30.89332901,31.98265862,28.71466979,775.20,775.20,,,,,,,,
2025-01-01 20:00:00,93444.65,94500,93407.07,94432.94,16.04642357,-4.900740075,20.94716365,52.35660163,38.77397296,79.52185897,854.63,854.63,,,,,,,,
2025-01-02 00:00:00,94432.94,94823.75,93760.93,94627.07,75.93730911,11.26686976,64.67043935,64.85093344,47.46629312,99.62021408,896.27,896.27,,,,,,,,
2025-01-02 04:00:00,94627.08,95151.15,94542,94591.79,119.1806262,32.84962104,86.33100513,68.32862456,54.4204036,96.14506648,848.42,848.42,,,,,,,,
2025-01-02 08:00:00,94591.78,95516,94392,95010.33,185.0903404,63.29776491,121.7925755,72.4718735,60.43756023,96.54050004,887.79,887.79,,,,,,,,
2025-01-02 12:00:00,95010.34,96000,94984.84,95822,299.3683177,110.5118755,188.8564422,79.74131755,66.87214601,105.4796606,903.71,903.71,,,,,,,,
2025-01-02 16:00:00,95822.01,96876.38,95640.05,96732.99,458.1623077,180.0419619,278.1203458,85.29581369,73.01336857,109.8607039,940.67,940.67,,,,,,,,
2025-01-02 20:00:00,96733,97440.91,95924.6,96455.01,555.1772879,255.0690271,300.1082607,82.97911491,76.33528402,96.2667767,998.23,998.23,,,,,,,,
2025-01-03 00:00:00,96455.01,97777,96040.04,97317.74,693.6811351,342.7914487,350.8896864,85.52149626,79.39735476,97.76977925,1065.39,1065.39,,,,,,,,
2025-01-03 04:00:00,97317.74,97839.5,96666.66,96984.79,767.7302333,427.7792056,339.9510276,83.91996349,80.90489101,89.95010846,1074.34,1074.34,,,,,,,,
2025-01-03 08:00:00,96984.79,97342.44,96650,97062.3,823.1799799,506.8593605,316.3206194,82.92807618,81.57928606,85.62565641,1044.96,1044.96,,,,,,,,
2025-01-03 12:00:00,97062.3,97066.18,96280.65,96304,796.751377,564.8377638,231.9136132,73.77221032,78.97692748,63.362776,1026.43,1026.43,,,,,,,,
2025-01-03 16:00:00,96304,96830,96100.01,96757.58,803.1484389,612.4998988,190.6485401,72.05389318,76.66924938,62.82318077,1005.69,1006.67,,,,,,,,
2025-01-03 20:00:00,96757.57,97660,96472.43,97521.35,859.9352145,661.9869619,197.9482526,77.6542838,76.99759419,78.96766303,1059.29,1017.98,,,,,,,,
2025-01-04 00:00:00,97521.36,98976.91,97406.54,98592.01,980.0352215,725.5966138,254.4386076,81.25792381,78.41770406,86.9383633,1109.46,1050.47,,,,,,,,
2025-01-04 04:00:00,98592.02,98748,98067.99,98174.18,1029.631008,786.4034926,243.2275152,78.73891652,78.52477488,79.16719979,1079.96,1029.89,,,,,,,,
2025-01-04 08:00:00,98174.17,98314.15,97800,98200,1058.814134,840.8856209,217.928513,77.00805319,78.01920098,74.9857576,1040.77,1002.75,,,,,,,,
2025-01-04 12:00:00,98200.01,98350.04,97862.87,98271.88,1075.346166,887.7777298,187.5684357,76.50317314,77.51385837,74.48180269,1032.06,976.97,,,,,,,,
2025-01-04 16:00:00,98271.87,98306.22,97532.58,97889.39,1045.531932,919.3285703,126.2033618,71.73484858,75.58752177,64.02950219,1007.03,967.28,,,,,,,,
2025-01-04 20:00:00,97889.4,98152.02,97514.79,97657.94,991.7950605,933.8218683,57.97319215,65.87425953,72.34976769,52.92324321,980.04,952.28,,,,,,,,
2025-01-05 00:00:00,97657.95,98350,97549.99,98166.26,978.9407587,942.8456464,36.09511228,67.85687308,70.85213616,61.86634693,948.87,945.66,,,,,,,,
2025-01-05 04:00:00,98166.26,98778.43,98143.2,98220.5,962.040542,946.6846255,15.35591653,68.50382288,70.06936506,65.37273852,885.94,932.73,,,,,,,,
2025-01-05 08:00:00,98220.51,98391.59,98050,98187.96,935.2404231,944.395785,-9.155361905,62.25596445,67.46489819,51.83809696,786.27,909.08,,,,,,,,
2025-01-05 12:00:00,98187.97,98522.76,98187.96,98268.77,910.0315502,937.5229381,-27.49138786,61.39307974,65.44095871,53.29732179,726.41,886.99,,,,,,,,
2025-01-05 16:00:00,98268.77,98268.78,97600,97641.63,829.8820167,915.9947538,-86.11273707,44.27460948,58.38550896,16.0528105,724.72,878.91,,,,,,,,
2025-01-05 20:00:00,97641.62,98281.89,97276.79,98028.98,788.5291684,890.5016367,-101.9724683,46.21348418,54.32816737,29.9841178,740.40,883.42,,,,,,,,
2025-01-06 00:00:00,98028.98,98332.54,97577.46,98079.63,751.1845816,862.6382257,-111.4536441,48.63039361,52.42890945,41.03336192,742.19,878.99,,,,,,,,
2025-01-06 04:00:00,98079.64,98836.85,98024,98363.61,736.0191693,837.3144144,-101.2952451,55.64201883,53.49994591,59.92616468,715.43,876.79,,,,,,,,
2025-01-06 08:00:00,98363.61,99333,97920,99037.57,769.5129441,823.7541204,-54.24117625,65.63878059,57.54622413,81.82389349,704.19,894.09,,,,,,,,
2025-01-06 12:00:00,99037.57,99892,99037.57,99318.7,809.4114521,820.8855867,-11.47413463,69.78526782,61.62590536,86.10399273,716.65,892.85,,,,,,,,
2025-01-06 16:00:00,99318.7,99625.69,98709.28,99259.99,826.7634859,822.0611665,4.702319368,71.80127797,65.01769623,85.36844145,745.38,893.56,,,,,,,,
2025-01-06 20:00:00,99259.99,102468.92,98711.94,102147.95,1061.315154,869.911964,191.4031897,79.14023331,69.72520859,97.97028276,978.94,977.78,,,,,,,,
2025-01-07 00:00:00,102147.95,102480,101250,101817.22,1206.602926,937.2501563,269.3527694,81.8475202,73.76597913,98.01060235,1011.53,984.98,,,,,,,,
2025-01-07 04:00:00,101817.22,102329.98,101600.05,102235.6,1340.056959,1017.811517,322.245442,86.33264665,77.9548683,103.0882034,1018.16,977.90,,,,,,,,
2025-01-07 08:00:00,102235.6,102724.38,101512.91,101708.08,1387.26229,1091.701671,295.5606186,84.3065012,80.07207927,92.77534505,1047.55,984.21,,,,,,,,
2025-01-07 12:00:00,101708.09,102015.01,101582.79,101664.81,1404.985529,1154.358443,250.6270862,82.18625063,80.77680306,85.00514578,1033.05,969.69,,,,,,,,
2025-01-07 16:00:00,101664.81,101995.64,100472.45,100830.86,1336.334101,1190.753575,145.5805263,74.98671057,78.84677223,67.26658726,1117.45,983.88,,,,,,,,
2025-01-07 20:00:00,100830.86,100960.06,97153.5,97952.26,1037.686582,1160.140176,-122.4535943,54.77051695,70.8213538,22.66884324,1365.43,1054.45,,,,,,,,
2025-01-08 00:00:00,97952.26,98347.81,96323.67,96451.98,672.1975388,1062.551649,-390.3541098,37.18188509,59.60819756,-7.670739866,1462.24,1078.10,,,,,,,,
2025-01-08 04:00:00,96451.99,97220.76,96181.81,96954.61,418.2811941,933.6975577,-515.4163635,28.72521409,49.31386974,-12.45209721,1464.66,1077.16,,,,,,,,
2025-01-08 08:00:00,96954.6,97268.65,96216.83,96525.2,180.322221,783.0224903,-602.7002693,20.8996591,39.84246619,-16.98595509,1485.85,1076.58,,,,,,,,
2025-01-08 12:00:00,96525.2,96654.61,95250.76,95657.09,-77.41876608,610.9342391,-688.3530051,15.74539159,31.81010799,-16.38404122,1528.07,1084.01,,,,,,,,
2025-01-08 16:00:00,95657.09,96132.47,94543.86,95134.92,-320.1249097,424.7224093,-744.847319,12.90533208,25.50851602,-12.3010358,1540.61,1095.23,,,,,,,,
2025-01-08 20:00:00,95134.92,96079.32,94624.43,95493.77,-478.0049377,244.1769399,-722.1818776,12.8416796,21.28623721,-4.047435635,1583.50,1103.05,,,,,,,,
2025-01-09 00:00:00,95493.77,95555.25,92500.9,94243.89,-695.9582937,56.14989318,-752.1081869,14.68026219,19.08424554,5.872295492,1736.21,1144.56,,,,,,,,
2025-01-09 04:00:00,94243.89,95310.94,93600,95060.61,-793.6368685,-113.8074591,-679.8294093,19.87338276,19.34729128,20.92556571,1590.07,1156.36,,,,,,,,
2025-01-09 08:00:00,95060.61,95382.32,93422.89,94027.9,-943.502796,-279.7465265,-663.7562695,21.9543748,20.21631912,25.43048617,1642.17,1172.75,,,,,,,,
2025-01-09 12:00:00,94027.91,94618.63,93186.38,93221.59,-1114.487978,-446.6948168,-667.7931612,19.67489493,20.03584439,18.95299601,1692.33,1177.94,,,,,,,,
2025-01-09 16:00:00,93221.59,93877.46,92750,93465.23,-1216.31434,-600.6187215,-615.6956188,19.85863077,19.97677318,19.62234595,1686.33,1176.95,,,,,,,,
2025-01-09 20:00:00,93465.23,94588.23,91800,94244.02,-1220.105999,-724.5161771,-495.5898221,30.02052448,23.32469028,43.41219288,1854.62,1207.94,,,,,,,,
2025-01-10 00:00:00,94244.02,94685.25,91900.01,91909.59,-1395.394666,-858.6918749,-536.7027915,20.85685097,22.50207718,17.56639856,1944.77,1237.70,,,,,,,,
2025-01-10 04:00:00,91909.59,92720.67,91203.67,92552.49,-1465.541689,-980.0618377,-485.479851,23.12603864,22.71006433,23.95798725,1781.23,1242.87,,,,,,,,
2025-01-10 08:00:00,92552.49,93727.83,92431.73,93696.13,-1412.568311,-1066.563132,-346.0051785,34.50973474,26.6432878,50.24262861,1729.22,1243.84,,,,,,,,
2025-01-10 12:00:00,93696.13,95000,93500,94492.63,-1291.428846,-1111.536275,-179.8925709,49.24271444,34.17643002,79.3752833,1762.16,1248.41,101512.91 - 102724.38 | bar 36 | 2025-01-07 08:00:00,,,,,,,
2025-01-10 16:00:00,94492.62,95293.4,94388.5,95073.95,-1135.428766,-1116.314773,-19.11399243,63.70192426,44.01826143,103.0692499,1751.66,1242.39,101512.91 - 102724.38 | bar 36 | 2025-01-07 08:00:00,,,,,,,
2025-01-10 20:00:00,95073.95,95117.26,92206.02,93730.92,-1107.403418,-1114.532502,7.129084495,63.06629381,50.36760556,88.46367033,1859.33,1271.16,101512.91 - 102724.38 | bar 36 | 2025-01-07 08:00:00,,,,,,,
2025-01-11 00:00:00,93730.93,95836,93177.4,95327.06,-945.4988466,-1080.725771,135.2269243,71.71529732,57.48350281,100.1788863,1935.76,1294.68,101512.91 - 102724.38 | bar 36 | 2025-01-07 08:00:00,,,,,,,
2025-01-11 04:00:00,95327.07,95442.15,94586.02,94726.11,-855.8146518,-1035.743547,179.9288953,73.15698194,62.70799585,94.05495411,1892.99,1287.37,101512.91 - 102724.38 | bar 36 | 2025-01-07 08:00:00,,,,,,,
2025-01-11 08:00:00,94726.1,94746.37,94106.49,94206.95,-817.2108564,-992.037009,174.8261526,70.38233202,65.26610791,80.61478025,1720.53,1276.75,101512.91 - 102724.38 | bar 36 | 2025-01-07 08:00:00,,,,,,,
2025-01-11 12:00:00,94206.96,94441.87,93831.73,94246.36,-774.5089557,-948.5313983,174.0224426,68.816152,66.44945594,73.54954412,1641.90,1266.00,101512.91 - 102724.38 | bar 36 | 2025-01-07 08:00:00,,,,,,,
2025-01-11 16:00:00,94246.36,94791.67,94031.22,94625.65,-701.9699855,-899.2191157,197.2491302,68.0963817,66.99843119,70.2922827,1556.26,1257.98,101512.91 - 102724.38 | bar 36 | 2025-01-07 08:00:00,,,,,,,
2025-01-11 20:00:00,94625.66,94655.2,94307.25,94410.26,-654.3199093,-850.2392745,195.9193651,65.63865432,66.54517224,63.8256185,1478.81,1243.76,101512.91 - 102724.38 | bar 36 | 2025-01-07 08:00:00,,,,,,,
2025-01-12 00:00:00,94410.26,94708.12,93984.55,94249.26,-622.3738963,-804.6661988,182.2923026,62.52174069,65.20402839,57.1571653,1449.96,1235.75,101512.91 - 102724.38 | bar 36 | 2025-01-07 08:00:00,,,,,,,
2025-01-12 04:00:00,94249.27,95050.94,94200.89,94599.99,-562.2739271,-756.1877445,193.9138174,63.66447717,64.69084465,61.61174222,1311.52,1229.91,101512.91 - 102724.38 | bar 36 | 2025-01-07 08:00:00,,,,,,,
2025-01-12 08:00:00,94599.99,94699,94296.99,94622.4,-506.9916843,-706.3485324,199.3568482,60.56028963,63.31399298,55.05288294,1141.29,1217.55,101512.91 - 102724.38 | bar 36 | 2025-01-07 08:00:00,,,,,,,
2025-01-12 12:00:00,94622.4,94650,94274.01,94323.85,-481.7176572,-661.4223574,179.7047002,50.55968904,59.06255833,33.55395045,1059.79,1205.18,101512.91 - 102724.38 | bar 36 | 2025-01-07 08:00:00,,,,,,,
2025-01-12 16:00:00,94323.85,94393.57,93711.19,94255.1,-461.9107396,-621.5200338,159.6092942,47.2390836,55.12140009,31.47445063,1015.95,1197.60,101512.91 - 102724.38 | bar 36 | 2025-01-07 08:00:00,,,,,,,
2025-01-12 20:00:00,94255.1,95450.1,94173.48,95071.9,-375.9707245,-572.410172,196.4394475,57.5763035,55.93970122,60.84950804,999.99,1198.73,101512.91 - 102724.38 | bar 36 | 2025-01-07 08:00:00,,,,,,,
2025-01-13 00:00:00,95071.91,95314.12,94578.54,94650.26,-337.9893369,-525.5260049,187.5366681,56.38532564,56.0882427,56.97949153,987.90,1192.21,101512.91 - 102724.38 | bar 36 | 2025-01-07 08:00:00,,,,,,,
2025-01-13 04:00:00,94650.26,94800,93800,94545.06,-312.7721319,-482.9752303,170.2030984,53.57475147,55.25041229,50.22342983,851.38,1189.54,101512.91 - 102724.38 | bar 36 | 2025-01-07 08:00:00,,,,,,,
2025-01-13 08:00:00,94545.07,95940,93899.99,94269.23,-311.4542405,-448.6710324,137.2167919,44.06235968,51.52106142,29.1449562,807.20,1201.19,101512.91 - 102724.38 | bar 36 | 2025-01-07 08:00:00,,,,,,,
2025-01-13 12:00:00,94269.23,94913.03,93281,93590.24,-361.0368128,-431.1441885,70.10737562,33.25155181,45.43122488,8.892205663,862.62,1207.01,101512.91 - 102724.38 | bar 36 | 2025-01-07 08:00:00,,,,,,,
2025-01-13 16:00:00,93590.24,93661.55,90833.12,90851.22,-614.2664999,-467.7686507,-146.4978491,22.28584248,37.71609742,-8.574667378,1018.94,1228.63,93899.99 - 95940.00 | bar 72 | 2025-01-13 08:00:00,,,,,,,
2025-01-13 20:00:00,90851.23,93100,89256.69,92123.75,-704.1532746,-515.0455755,-189.1076991,29.15682937,34.86300807,17.74447197,1249.88,1263.03,93899.99 - 95940.00 | bar 72 | 2025-01-13 08:00:00,,,,,,,
2025-01-14 00:00:00,92123.75,92534.1,91250,92312.18,-751.5213941,-562.3407392,-189.1806549,34.67729107,34.8011024,34.42966841,1287.29,1263.30,93899.99 - 95940.00 | bar 72 | 2025-01-13 08:00:00,,,,,,,
2025-01-14 04:00:00,92312.18,94727.15,91908.2,94536.1,-602.6620987,-570.4050111,-32.25708754,49.44950792,39.68390424,68.98071528,1463.79,1283.25,93899.99 - 95940.00 | bar 72 | 2025-01-13 08:00:00,,,,,,,
2025-01-14 08:00:00,94536.11,95280.8,94346.22,94861.4,-453.2166438,-546.9673377,93.75069383,60.92010204,46.76263684,89.23503245,1478.86,1278.84,93899.99 - 95940.00 | bar 72 | 2025-01-13 08:00:00,,,,,,,
2025-01-14 12:00:00,94861.39,95464.71,94753.42,94864,-330.7574796,-503.725366,172.9678865,68.58013242,54.03513537,97.67012652,1468.95,1271.74,93899.99 - 95940.00 | bar 72 | 2025-01-13 08:00:00,,,,,,,
2025-01-14 16:00:00,94863.99,97371,94860.11,96548.04,-96.70500069,-422.321293,325.6162923,75.67272751,61.24766608,104.5228504,1619.58,1287.04,101512.91 - 102724.38 | bar 36 | 2025-01-07 08:00:00,,,,,,,
2025-01-14 20:00:00,96548.04,97265.48,95748.93,96471.65,81.6777107,-321.5214922,403.1992029,80.08731648,67.52754955,105.2068504,1701.05,1289.84,101512.91 - 102724.38 | bar 36 | 2025-01-07 08:00:00,91250.00 - 92534.10 | bar 76 | 2025-01-14 00:00:00,,,,,,
2025-01-15 00:00:00,96471.65,97088.57,95351.76,96537.8,225.7823682,-212.0607201,437.8430884,83.30211795,72.78573901,104.3348758,1776.37,1295.22,101512.91 - 102724.38 | bar 36 | 2025-01-07 08:00:00,91250.00 - 92534.10 | bar 76 | 2025-01-14 00:00:00,,,,,,
2025-01-15 04:00:00,96537.23,96921.13,96152.31,96560.86,337.9514034,-102.0582954,440.0096988,85.54004869,77.03717557,102.5457949,1740.10,1288.96,101512.91 - 102724.38 | bar 36 | 2025-01-07 08:00:00,91250.00 - 92534.10 | bar 76 | 2025-01-14 00:00:00,,,,,,
2025-01-15 08:00:00,96560.85,97554.63,96500,97317.12,482.3102611,14.81541587,467.4948452,89.10428866,81.0595466,105.1937728,1762.89,1286.20,101512.91 - 102724.38 | bar 36 | 2025-01-07 08:00:00,91250.00 - 92534.10 | bar 76 | 2025-01-14 00:00:00,,,,,,
2025-01-15 12:00:00,97317.12,97724.96,96750,97301.35,588.6575113,129.583835,459.0736764,90.30866692,84.14258671,102.6408274,1761.10,1282.58,101512.91 - 102724.38 | bar 36 | 2025-01-07 08:00:00,91250.00 - 92534.10 | bar 76 | 2025-01-14 00:00:00,,,,,,
2025-01-15 16:00:00,97301.35,97524,96521,96762.18,622.2589465,228.1188573,394.1400893,84.04069866,84.10862403,83.90484793,1687.03,1279.37,101512.91 - 102724.38 | bar 36 | 2025-01-07 08:00:00,91250.00 - 92534.10 | bar 76 | 2025-01-14 00:00:00,,,,,,
2025-01-15 20:00:00,96762.19,99799.98,96539.77,98992.42,819.4044705,346.3759799,473.0284906,84.02640323,84.08121709,83.9167755,1803.32,1301.88,101512.91 - 102724.38 | bar 36 | 2025-01-07 08:00:00,91250.00 - 92534.10 | bar 76 | 2025-01-14 00:00:00,,,,,,
2025-01-16 00:00:00,98992.42,99990,98602.05,99844.9,1032.529374,483.6066588,548.9227154,88.40809526,85.52350981,94.17726614,1700.43,1302.84,101512.91 - 102724.38 | bar 36 | 2025-01-07 08:00:00,91250.00 - 92534.10 | bar 76 | 2025-01-14 00:00:00,,,,,,
2025-01-16 04:00:00,99844.91,100681.94,99460.8,100497.35,1239.788152,634.8429574,604.9451946,91.11769348,87.3882377,98.57660504,1513.13,1301.94,101512.91 - 102724.38 | bar 36 | 2025-01-07 08:00:00,91250.00 - 92534.10 | bar 76 | 2025-01-14 00:00:00,,,,,,
2025-01-16 08:00:00,100497.35,100866.66,99170,99478.03,1306.728469,769.2200598,537.5084094,85.68526087,86.82057876,83.4146251,1542.60,1306.27,101512.91 - 102724.38 | bar 36 | 2025-01-07 08:00:00,91250.00 - 92534.10 | bar 76 | 2025-01-14 00:00:00,,,,,,
2025-01-16 12:00:00,99478.04,99921.86,99322.19,99799.99,1369.966513,889.3693504,480.5971624,82.91483232,85.51866328,77.70717039,1384.08,1298.59,101512.91 - 102724.38 | bar 36 | 2025-01-07 08:00:00,91250.00 - 92534.10 | bar 76 | 2025-01-14 00:00:00,,,,,,
2025-01-16 16:00:00,99800,99820,98617.55,99158.71,1352.743595,982.0441993,370.6993959,75.57208205,82.2031362,62.30997374,1403.22,1297.56,101512.91 - 102724.38 | bar 36 | 2025-01-07 08:00:00,91250.00 - 92534.10 | bar 76 | 2025-01-14 00:00:00,,,,,,
2025-01-16 20:00:00,99158.7,99517.93,97335.13,99296.17,1334.799445,1052.595249,282.2041966,71.6682965,78.69152297,57.62184357,1508.32,1306.98,101512.91 - 102724.38 | bar 36 | 2025-01-07 08:00:00,91250.00 - 92534.10 | bar 76 | 2025-01-14 00:00:00,,,,,,
2025-01-17 00:00:00,99296.17,100448.72,99079.05,100417.2,1394.956143,1121.067427,273.8887156,77.66462009,78.34922201,76.29541624,1426.81,1307.64,101512.91 - 102724.38 | bar 36 | 2025-01-07 08:00:00,91250.00 - 92534.10 | bar 76 | 2025-01-14 00:00:00,,,,,,
2025-01-17 04:00:00,100417.2,100641.99,99377,99987.3,1391.896506,1175.233243,216.6632627,78.33536605,78.34460335,78.31689144,1408.84,1307.19,101512.91 - 102724.38 | bar 36 | 2025-01-07 08:00:00,91250.00 - 92534.10 | bar 76 | 2025-01-14 00:00:00,,,,,,
2025-01-17 08:00:00,99987.3,102148.13,99950.77,101051.73,1458.54908,1231.896411,226.6526699,77.96358706,78.21759792,77.45556534,1441.74,1316.37,101512.91 - 102724.38 | bar 36 | 2025-01-07 08:00:00,91250.00 - 92534.10 | bar 76 | 2025-01-14 00:00:00,,,,,,
2025-01-17 12:00:00,101051.73,101899.49,100952.1,101440.5,1525.161108,1290.54935,234.6117581,80.40823388,78.94780991,83.32908183,1454.49,1312.60,101512.91 - 102724.38 | bar 36 | 2025-01-07 08:00:00,97335.13 - 99517.93 | bar 93 | 2025-01-16 20:00:00,,,,,,
2025-01-17 16:00:00,101440.51,102581.45,101439.77,102237.6,1623.55559,1357.150598,266.4049921,84.75411661,80.88324548,92.49585888,1460.71,1310.88,101512.91 - 102724.38 | bar 36 | 2025-01-07 08:00:00,97335.13 - 99517.93 | bar 93 | 2025-01-16 20:00:00,,,,,,
2025-01-17 20:00:00,102237.6,104254.19,102195.9,104000,1822.733539,1450.267186,372.4663531,88.61148943,83.45932679,98.9158147,1538.09,1318.35,,97335.13 - 99517.93 | bar 93 | 2025-01-16 20:00:00,,,,,,
2025-01-18 00:00:00,104000,105865.22,103841.18,105834.93,2104.38893,1581.091535,523.2973945,92.28929432,86.4026493,104.0625844,1611.02,1325.34,,97335.13 - 99517.93 | bar 93 | 2025-01-16 20:00:00,,,,,,
2025-01-18 04:00:00,105834.93,105847.02,104065.25,104077.48,2160.882025,1697.049633,463.832392,87.87351494,86.89293785,89.83466912,1505.42,1329.81,,97335.13 - 99517.93 | bar 93 | 2025-01-16 20:00:00,,,,,,
2025-01-18 08:00:00,104077.47,104656.87,103000.25,103559.82,2139.222746,1785.484256,353.7384907,80.59166519,84.79251363,72.18996832,1524.61,1332.99,,97335.13 - 99517.93 | bar 93 | 2025-01-16 20:00:00,,,,,,
2025-01-18 12:00:00,103559.82,103771.21,102602.48,102821.75,2038.99724,1836.186853,202.8103877,71.42523465,80.33675397,53.60219601,1520.87,1331.41,,97335.13 - 99517.93 | bar 93 | 2025-01-16 20:00:00,,,,,,
2025-01-18 16:00:00,102821.75,103883.01,102277.55,103589.29,1998.46481,1868.642444,129.8223657,68.12321,76.26557265,51.83848471,1514.35,1334.02,,97335.13 - 99517.93 | bar 93 | 2025-01-16 20:00:00,,,,,,
2025-01-18 20:00:00,103589.29,104988.88,103107.65,104568.96,2022.084418,1899.330839,122.7535788,69.95425928,74.16180152,61.53917479,1605.89,1339.18,,97335.13 - 99517.93 | bar 93 | 2025-01-16 20:00:00,,,,,,
2025-01-19 00:00:00,104568.96,104719.29,103156.02,104382.01,2002.632721,1919.991215,82.64150577,68.79768562,72.37376289,61.64553107,1631.66,1341.27,,97335.13 - 99517.93 | bar 93 | 2025-01-16 20:00:00,,,,,,
2025-01-19 04:00:00,104382,104750,103765.44,104556.23,1978.468654,1931.686703,46.78195116,67.30715297,70.68489291,60.55167307,1546.08,1337.97,,97335.13 - 99517.93 | bar 93 | 2025-01-16 20:00:00,,,,,,
2025-01-19 08:00:00,104556.23,105458.55,104013.51,104984.01,1971.114942,1939.572351,31.54259115,70.01737497,70.46238693,69.12735104,1551.46,1338.95,,97335.13 - 99517.93 | bar 93 | 2025-01-16 20:00:00,,,,,,
2025-01-19 12:00:00,104984.01,105634.78,104191.19,105167.12,1957.497704,1943.157421,14.34028231,73.66236807,71.52904731,77.92900959,1564.22,1339.90,,97335.13 - 99517.93 | bar 93 | 2025-01-16 20:00:00,,,,,,
2025-01-19 16:00:00,105167.11,105496.03,103450.69,104363.23,1860.393284,1926.604594,-66.21130996,69.81658728,70.9582273,67.53330723,1553.36,1346.26,,97335.13 - 99517.93 | bar 93 | 2025-01-16 20:00:00,,,,,,
2025-01-19 20:00:00,104363.24,105706.48,104300.75,104936.35,1808.832234,1903.050122,-94.21788801,72.39113282,71.43586247,74.30167352,1586.10,1346.79,,97335.13 - 99517.93 | bar 93 | 2025-01-16 20:00:00,,,,,,
2025-01-20 00:00:00,104936.35,106200.74,104520.01,106200,1848.625916,1892.165281,-43.539365,81.58780115,74.81984203,95.12371938,1624.60,1349.75,,97335.13 - 99517.93 | bar 93 | 2025-01-16 20:00:00,,,,,,
2025-01-20 04:00:00,106200,106422.43,99651.6,101331.57,1470.371553,1807.806535,-337.4349819,62.66249304,70.76739237,46.45269439,1961.21,1397.30,,97335.13 - 99517.93 | bar 93 | 2025-01-16 20:00:00,,,,,,
2025-01-20 08:00:00,101331.57,102321.42,99550,101891.93,1201.963132,1686.637854,-484.6747225,53.13405371,64.88961281,29.62293549,2014.59,1409.25,104520.01 - 106200.74 | bar 112 | 2025-01-20 00:00:00,97335.13 - 99517.93 | bar 93 | 2025-01-16 20:00:00,,,,,,
2025-01-20 12:00:00,101891.94,109588,101535.28,107120.65,1395.079917,1628.326267,-233.2463498,60.56267059,63.44729874,54.79341429,2462.52,1466.52,,97335.13 - 99517.93 | bar 93 | 2025-01-16 20:00:00,,,,,,
2025-01-20 16:00:00,107120.65,109193.23,107093.33,108239.19,1619.712157,1626.603445,-6.891287711,69.22943398,65.37467715,76.93894763,2494.18,1471.93,,97335.13 - 99517.93 | bar 93 | 2025-01-16 20:00:00,,,,,,
2025-01-20 20:00:00,108239.19,108700.01,104480,104957.99,1515.499671,1604.38269,-88.88301899,64.11134743,64.95356725,62.4269078,2712.13,1495.22,,97335.13 - 99517.93 | bar 93 | 2025-01-16 20:00:00,,,,,,
2025-01-21 00:00:00,104957.99,107050,100333,103691.63,1315.56089,1546.61833,-231.0574405,56.49406957,62.13373469,45.21473934,3077.24,1539.10,,97335.13 - 99517.93 | bar 93 | 2025-01-16 20:00:00,,,,,,
2025-01-21 04:00:00,103691.64,104331,101701.01,102260.01,1029.718244,1443.238313,-413.5200686,46.66188287,56.97645075,26.03274711,3130.72,1548.19,,97335.13 - 99517.93 | bar 93 | 2025-01-16 20:00:00,,,,,,
2025-01-21 08:00:00,102260,103260.1,100119.04,102936.01,847.9586991,1324.18239,-476.2236912,42.35189481,52.10159877,22.85248691,3243.42,1561.36,,97335.13 - 99517.93 | bar 93 | 2025-01-16 20:00:00,,,,,,
2025-01-21 12:00:00,102936.01,102974.14,101111.68,101989.05,620.3501812,1183.415948,-563.0657673,36.33398553,46.84572769,15.31050121,3306.13,1563.83,,97335.13 - 99517.93 | bar 93 | 2025-01-16 20:00:00,,,,,,
2025-01-21 16:00:00,101989.06,103973.02,101740.82,103758.25,576.0876651,1061.950292,-485.8626267,38.19705431,43.96283656,26.66548981,3362.36,1569.26,,97335.13 - 99517.93 | bar 93 | 2025-01-16 20:00:00,,,,,,
2025-01-21 20:00:00,103758.25,105320,102803.43,103943,549.5818458,959.4766026,-409.8947568,38.92608969,42.28392094,32.2104272,3439.00,1576.90,,97335.13 - 99517.93 | bar 93 | 2025-01-16 20:00:00,,,,,,
2025-01-22 00:00:00,103942.99,107240.81,103822.02,107031.34,768.9154421,921.3643705,-152.4489284,51.34252452,45.30345547,63.42066262,3537.10,1591.63,,97335.13 - 99517.93 | bar 93 | 2025-01-16 20:00:00,,,,,,
2025-01-22 04:00:00,107031.34,107199.99,105420,106143.82,861.1961179,909.33072,-48.13460207,57.63199752,49.41296948,74.07005359,3563.83,1593.13,,97335.13 - 99517.93 | bar 93 | 2025-01-16 20:00:00,,,,,,
2025-01-22 08:00:00,106143.82,106394.46,105448.99,105600.01,880.3007372,903.5247234,-23.22398621,64.07492622,54.3002884,83.62420187,3511.32,1588.03,,97335.13 - 99517.93 | bar 93 | 2025-01-16 20:00:00,,,,,,
2025-01-22 12:00:00,105600.01,105952,105043.88,105084.77,844.1350602,891.6467908,-47.51173059,65.95863924,58.18640535,81.50310704,3092.55,1582.72,,97335.13 - 99517.93 | bar 93 | 2025-01-16 20:00:00,,,,,,
2025-01-22 16:00:00,105084.77,105464.83,104647.75,105100.39,807.4263952,874.8027116,-67.37631649,67.28755709,61.22012259,79.42242609,2952.95,1576.78,,97335.13 - 99517.93 | bar 93 | 2025-01-16 20:00:00,,,,,,
2025-01-22 20:00:00,105100.38,105584.23,103662.58,104180.01,696.0439779,839.0509649,-143.006987,61.54551405,61.32858641,61.97936933,2515.02,1579.44,,97335.13 - 99517.93 | bar 93 | 2025-01-16 20:00:00,,,,,,
2025-01-23 00:00:00,104180.01,104754.64,103339.12,104630,636.7430643,798.5893848,-161.8463205,58.54055636,60.39924306,54.82318295,2466.14,1578.18,,97335.13 - 99517.93 | bar 93 | 2025-01-16 20:00:00,,,,,,
2025-01-23 04:00:00,104630,104830.12,103611.66,103706.66,509.3691513,740.7453381,-231.3761868,45.81204734,55.53684449,26.36245305,2251.74,1575.46,,97335.13 - 99517.93 | bar 93 | 2025-01-16 20:00:00,,,,,,
2025-01-23 08:00:00,103706.66,103819.99,102100,102461.25,304.4210524,653.4804809,-349.0594285,32.88373247,47.98580715,2.67958312,1894.81,1576.55,,97335.13 - 99517.93 | bar 93 | 2025-01-16 20:00:00,,,,,,
2025-01-23 12:00:00,102461.24,102968.31,101575.5,102710.27,160.2448376,554.8333523,-394.5885147,28.64766103,41.53975844,2.863466198,1806.44,1575.17,105420.00 - 107199.99 | bar 125 | 2025-01-22 04:00:00,97335.13 - 99517.93 | bar 93 | 2025-01-16 20:00:00,,,,,,
2025-01-23 16:00:00,102710.28,102724.94,101262.28,101944.49,-15.6277505,440.7411317,-456.3688822,23.52937127,35.53629605,-0.4844782916,1686.56,1574.34,105420.00 - 107199.99 | bar 125 | 2025-01-22 04:00:00,97335.13 - 99517.93 | bar 93 | 2025-01-16 20:00:00,,,,,,
2025-01-23 20:00:00,101944.5,106050.86,101281.62,105263.52,111.5243557,374.8977765,-263.3734208,43.53890251,38.20383154,54.20904446,1894.18,1597.83,105420.00 - 107199.99 | bar 125 | 2025-01-22 04:00:00,97335.13 - 99517.93 | bar 93 | 2025-01-16 20:00:00,,,,,,
2025-01-24 00:00:00,105263.52,106850,103399.98,103770.04,90.7360132,318.0654238,-227.3294107,43.98588289,40.13118199,51.6952847,1981.17,1611.35,105420.00 - 107199.99 | bar 125 | 2025-01-22 04:00:00,97335.13 - 99517.93 | bar 93 | 2025-01-16 20:00:00,,,,,,
2025-01-24 04:00:00,103770.05,106421.03,102195.7,103910.34,84.60684442,271.373708,-186.7668635,45.12082418,41.79439605,51.77368044,2103.22,1630.29,105420.00 - 107199.99 | bar 125 | 2025-01-22 04:00:00,97335.13 - 99517.93 | bar 93 | 2025-01-16 20:00:00,,,,,,
2025-01-24 08:00:00,103910.35,104298,102750,103891.75,77.35764559,232.5704955,-155.2128499,45.76655377,43.11844862,51.06276405,1969.60,1629.70,105420.00 - 107199.99 | bar 125 | 2025-01-22 04:00:00,97335.13 - 99517.93 | bar 93 | 2025-01-16 20:00:00,,,,,,
2025-01-24 12:00:00,103891.75,105355,103804.77,105046.8,162.937246,218.6438456,-55.70659961,53.08744745,46.44144823,66.37944589,1953.18,1629.13,105420.00 - 107199.99 | bar 125 | 2025-01-22 04:00:00,97335.13 - 99517.93 | bar 93 | 2025-01-16 20:00:00,,,,,,
2025-01-24 16:00:00,105046.79,105759,104922.41,105420.1,257.9088731,226.4968511,31.41202202,60.19495034,51.02594894,78.53295315,1945.41,1623.51,105420.00 - 107199.99 | bar 125 | 2025-01-22 04:00:00,97335.13 - 99517.93 | bar 93 | 2025-01-16 20:00:00,,,,,,
2025-01-24 20:00:00,105420.11,106321.66,104669.17,105859.98,364.4678531,254.0910515,110.3768016,67.55737318,56.53642368,89.59927218,1998.58,1623.72,105420.00 - 107199.99 | bar 125 | 2025-01-22 04:00:00,97335.13 - 99517.93 | bar 93 | 2025-01-16 20:00:00,,,,,,
2025-01-25 00:00:00,105859.99,107120,105589,105760.94,435.9001268,290.4528666,145.4472603,70.63785637,61.23690125,89.43976662,2049.57,1623.07,105420.00 - 107199.99 | bar 125 | 2025-01-22 04:00:00,97335.13 - 99517.93 | bar 93 | 2025-01-16 20:00:00,,,,,,
2025-01-25 04:00:00,105760.93,105781,104456.89,104870.5,415.8658099,315.5354552,100.3303547,67.58206305,63.35195518,76.04227878,2006.89,1620.99,105420.00 - 107199.99 | bar 125 | 2025-01-22 04:00:00,97335.13 - 99517.93 | bar 93 | 2025-01-16 20:00:00,104870.50,108203.43,99517.93,,OPEN SHORT,
2025-01-25 08:00:00,104870.51,105280.82,104361.89,105202.4,421.9065496,336.8096741,85.09687546,65.40751688,64.03714241,68.14826581,1971.42,1616.15,105420.00 - 107199.99 | bar 125 | 2025-01-22 04:00:00,97335.13 - 99517.93 | bar 93 | 2025-01-16 20:00:00,104870.50,108203.43,99517.93,,RUNNING SHORT,-0.32%
2025-01-25 12:00:00,105202.4,105202.4,104216.81,104385.98,356.7037496,340.7884892,15.91526038,58.43134867,62.1685445,50.95695701,1954.79,1611.83,105420.00 - 107199.99 | bar 125 | 2025-01-22 04:00:00,97335.13 - 99517.93 | bar 93 | 2025-01-16 20:00:00,104870.50,108203.43,99517.93,,RUNNING SHORT,0.46%
2025-01-25 16:00:00,104385.99,104700.01,104106.09,104670.99,324.2897752,337.4887464,-13.19897118,53.60709286,59.31472729,42.191824,1874.35,1604.91,105420.00 - 107199.99 | bar 125 | 2025-01-22 04:00:00,97335.13 - 99517.93 | bar 93 | 2025-01-16 20:00:00,104870.50,108203.43,99517.93,,RUNNING SHORT,0.19%
2025-01-25 20:00:00,104670.99,105111.11,104456,104897.79,313.290909,332.6491789,-19.35826993,46.72794798,55.11913418,29.94557556,1821.66,1598.49,105420.00 - 107199.99 | bar 125 | 2025-01-22 04:00:00,97335.13 - 99517.93 | bar 93 | 2025-01-16 20:00:00,104870.50,108203.43,99517.93,,RUNNING SHORT,-0.03%
2025-01-26 00:00:00,104897.79,105286.52,104449.75,105055.16,313.6570291,328.8507489,-15.19371987,41.64851852,50.62892896,23.68769764,1776.95,1593.38,105420.00 - 107199.99 | bar 125 | 2025-01-22 04:00:00,97335.13 - 99517.93 | bar 93 | 2025-01-16 20:00:00,104870.50,108203.43,99517.93,105055.16,KDJ RESET EXIT,-0.18%
2025-01-26 04:00:00,105055.16,105250,104696,104746.85,285.7749063,320.2355804,-34.46067411,34.85237592,45.37007795,13.81697186,1475.86,1586.45,105420.00 - 107199.99 | bar 125 | 2025-01-22 04:00:00,97335.13 - 99517.93 | bar 93 | 2025-01-16 20:00:00,,,,,,
2025-01-26 08:00:00,104746.86,105273.24,104503.7,105062.42,285.8469194,313.3578482,-27.51092878,33.81176485,41.51730692,18.40068072,1284.40,1581.04,105420.00 - 107199.99 | bar 125 | 2025-01-22 04:00:00,97335.13 - 99517.93 | bar 93 | 2025-01-16 20:00:00,,,,,,
2025-01-26 12:00:00,105062.41,105500,104950,104998.35,277.5348281,306.1932442,-28.6584161,40.29854861,41.11105415,38.67353753,1021.88,1574.26,105420.00 - 107199.99 | bar 125 | 2025-01-22 04:00:00,97335.13 - 99517.93 | bar 93 | 2025-01-16 20:00:00,,,,,,
2025-01-26 16:00:00,104998.36,105221.36,104444.01,104818.69,253.5278639,295.6601681,-42.13230424,43.90649319,42.04286716,47.63374525,966.83,1569.05,105420.00 - 107199.99 | bar 125 | 2025-01-22 04:00:00,97335.13 - 99517.93 | bar 93 | 2025-01-16 20:00:00,,,,,,
2025-01-26 20:00:00,104818.68,105126.11,104703.58,104967.01,243.6615773,285.26045,-41.5988727,49.85864698,44.6481271,60.27968675,886.28,1561.60,105420.00 - 107199.99 | bar 125 | 2025-01-22 04:00:00,97335.13 - 99517.93 | bar 93 | 2025-01-16 20:00:00,,,,,,
2025-01-27 00:00:00,104967.02,105260.36,104896,105081.63,242.2982863,276.6680172,-34.36973095,56.56772035,48.62132485,72.46051136,852.55,1553.88,105420.00 - 107199.99 | bar 125 | 2025-01-22 04:00:00,97335.13 - 99517.93 | bar 93 | 2025-01-16 20:00:00,,,,,,
2025-01-27 04:00:00,105081.64,105200,102520.44,102620,42.09960205,229.7543342,-187.6547321,38.82562456,45.35609142,25.76469083,925.91,1561.09,105420.00 - 107199.99 | bar 125 | 2025-01-22 04:00:00,97335.13 - 99517.93 | bar 93 | 2025-01-16 20:00:00,,,,,,
2025-01-27 08:00:00,102620.01,103260,100720.53,101395.64,-212.9007301,141.2233213,-354.1240514,30.59215182,40.43477822,10.90689902,997.95,1567.33,105420.00 - 107199.99 | bar 125 | 2025-01-22 04:00:00,97335.13 - 99517.93 | bar 93 | 2025-01-16 20:00:00,,,,,,
2025-01-27 12:00:00,101395.64,101399.99,97777.77,99048.02,-597.5356258,-6.528468094,-591.0071577,25.87785588,35.58247077,6.468626101,1162.10,1580.33,105420.00 - 107199.99 | bar 125 | 2025-01-22 04:00:00,97335.13 - 99517.93 | bar 93 | 2025-01-16 20:00:00,,,,,,
2025-01-27 16:00:00,99048.01,99533.33,98263.49,98761.13,-914.9640413,-188.2155827,-726.7484586,21.49661907,30.88718687,2.715483467,1187.16,1578.38,105420.00 - 107199.99 | bar 125 | 2025-01-22 04:00:00,97335.13 - 99517.93 | bar 93 | 2025-01-16 20:00:00,,,,,,
2025-01-27 20:00:00,98761.12,102317.94,98714.28,101112.03,-965.6983948,-343.7121452,-621.9862497,28.72355409,30.16597595,25.83871039,1374.17,1591.04,105420.00 - 107199.99 | bar 125 | 2025-01-22 04:00:00,97335.13 - 99517.93 | bar 93 | 2025-01-16 20:00:00,,,,,,
2025-01-28 00:00:00,101112.03,101250.56,98864,99700.02,-1107.081397,-496.3859955,-610.6954012,27.71224746,29.34806645,24.44060949,1502.21,1595.98,105420.00 - 107199.99 | bar 125 | 2025-01-22 04:00:00,97335.13 - 99517.93 | bar 93 | 2025-01-16 20:00:00,,,,,,
2025-01-28 04:00:00,99700.01,102405,99606.46,102082.83,-1015.153533,-600.139503,-415.0140302,37.65295045,32.11636112,48.72612911,1655.31,1603.40,105420.00 - 107199.99 | bar 125 | 2025-01-22 04:00:00,97335.13 - 99517.93 | bar 93 | 2025-01-16 20:00:00,,,,,,
2025-01-28 08:00:00,102082.83,102892,101334.55,102636.32,-887.4085286,-657.5933081,-229.8152205,46.74576499,36.99282908,66.25163682,1706.79,1603.12,105420.00 - 107199.99 | bar 125 | 2025-01-22 04:00:00,97335.13 - 99517.93 | bar 93 | 2025-01-16 20:00:00,,,,,,
2025-01-28 12:00:00,102636.32,103371.24,102527.39,102789.72,-764.9734564,-679.0693378,-85.9041186,53.67257723,42.55274513,75.91224143,1727.50,1598.49,105420.00 - 107199.99 | bar 125 | 2025-01-22 04:00:00,97335.13 - 99517.93 | bar 93 | 2025-01-16 20:00:00,,,,,,
2025-01-28 16:00:00,102789.72,103181.82,102393.94,102762.01,-662.5413803,-675.7637463,13.22236596,65.48444889,50.19664638,96.06005392,1728.81,1593.58,105420.00 - 107199.99 | bar 125 | 2025-01-22 04:00:00,97335.13 - 99517.93 | bar 93 | 2025-01-16 20:00:00,,,,,,
2025-01-28 20:00:00,102762.02,103800,101815.26,102777.99,-573.4632423,-655.3036455,81.84040317,71.33275798,57.24201692,99.51424012,1831.29,1595.93,105420.00 - 107199.99 | bar 125 | 2025-01-22 04:00:00,97335.13 - 99517.93 | bar 93 | 2025-01-16 20:00:00,,,,,,
2025-01-29 00:00:00,102777.99,103108,101820.15,102424.24,-525.3568579,-629.314288,103.95743,72.60554969,62.36319451,93.09026006,1867.75,1594.09,105420.00 - 107199.99 | bar 125 | 2025-01-22 04:00:00,97335.13 - 99517.93 | bar 93 | 2025-01-16 20:00:00,,,,,,
2025-01-29 04:00:00,102424.24,102538,100272.68,101335.52,-568.5291567,-617.1572617,48.62810503,65.58409248,63.43682716,69.8786231,1999.38,1598.08,105420.00 - 107199.99 | bar 125 | 2025-01-22 04:00:00,97335.13 - 99517.93 | bar 93 | 2025-01-16 20:00:00,,,,,,
2025-01-29 08:00:00,101335.52,102319.69,101328.01,102038.2,-539.8203975,-601.6898889,61.86949136,65.15843874,64.01069769,67.45392085,2044.19,1594.50,105420.00 - 107199.99 | bar 125 | 2025-01-22 04:00:00,97335.13 - 99517.93 | bar 93 | 2025-01-16 20:00:00,,,,,,
2025-01-29 12:00:00,102038.21,102853.53,101955.51,102755.82,-453.9299407,-572.1378992,118.2079586,68.47238359,65.49792632,74.42129812,1916.93,1590.40,105420.00 - 107199.99 | bar 125 | 2025-01-22 04:00:00,97335.13 - 99517.93 | bar 93 | 2025-01-16 20:00:00,,,,,,
2025-01-29 16:00:00,102755.81,103000,102180.65,102646,-390.2244267,-535.7552047,145.530778,68.07623693,66.35736319,71.51398441,1794.07,1585.89,105420.00 - 107199.99 | bar 125 | 2025-01-22 04:00:00,97335.13 - 99517.93 | bar 93 | 2025-01-16 20:00:00,,,,,,
2025-01-29 20:00:00,102646,102842.04,101582.37,101980.78,-388.9316801,-506.3904998,117.4588197,61.52578011,64.7468355,55.08366934,1625.32,1583.99,105420.00 - 107199.99 | bar 125 | 2025-01-22 04:00:00,97335.13 - 99517.93 | bar 93 | 2025-01-16 20:00:00,,,,,,
2025-01-30 00:00:00,101980.78,103999,101400.01,103583.99,-255.5951786,-456.2314356,200.636257,70.6380996,66.7105902,78.4931184,1720.25,1589.86,105420.00 - 107199.99 | bar 125 | 2025-01-22 04:00:00,97335.13 - 99517.93 | bar 93 | 2025-01-16 20:00:00,,,,,,
2025-01-30 04:00:00,103584,104782.68,102868,103733.24,-136.3105101,-392.2472505,255.9367403,72.66900653,68.69672898,80.61356164,1599.61,1591.73,105420.00 - 107199.99 | bar 125 | 2025-01-22 04:00:00,100272.68 - 102538.00 | bar 167 | 2025-01-29 04:00:00,,,,,,
2025-01-30 08:00:00,103733.25,105300,103278.54,105196,75.38694246,-298.7204119,374.1073544,81.08977214,72.82774336,97.61382969,1573.53,1594.18,105420.00 - 107199.99 | bar 125 | 2025-01-22 04:00:00,100272.68 - 102538.00 | bar 167 | 2025-01-29 04:00:00,,,,,,
2025-01-30 12:00:00,105196,105595.81,104799.66,105132.07,235.2878305,-191.9187634,427.2065939,84.48925085,76.71491252,100.0379275,1430.51,1589.65,105420.00 - 107199.99 | bar 125 | 2025-01-22 04:00:00,100272.68 - 102538.00 | bar 167 | 2025-01-29 04:00:00,,,,,,
2025-01-30 16:00:00,105132.07,105534,104925.26,105300.63,371.331343,-79.26874213,450.6000851,87.35401921,80.26128142,101.5394948,1362.74,1584.11,105420.00 - 107199.99 | bar 125 | 2025-01-22 04:00:00,100272.68 - 102538.00 | bar 167 | 2025-01-29 04:00:00,,,,,,
2025-01-30 20:00:00,105300.63,106457.44,104660,105564,494.696017,35.52420969,459.1718073,85.68071627,82.0677597,92.90662941,1430.86,1585.30,105420.00 - 107199.99 | bar 125 | 2025-01-22 04:00:00,100272.68 - 102538.00 | bar 167 | 2025-01-29 04:00:00,,,,,,
2025-01-31 00:00:00,105563.99,106013.01,104762.59,105711.27,597.4597243,147.9113126,449.5484117,85.53583209,83.22378383,90.1599286,1463.89,1583.43,105420.00 - 107199.99 | bar 125 | 2025-01-22 04:00:00,100272.68 - 102538.00 | bar 167 | 2025-01-29 04:00:00,,,,,,
2025-01-31 04:00:00,105711.28,105821.62,104693.82,104722.94,592.322803,236.7936107,355.5291923,78.9251963,81.79092132,73.19374625,1402.68,1580.90,105420.00 - 107199.99 | bar 125 | 2025-01-22 04:00:00,100272.68 - 102538.00 | bar 167 | 2025-01-29 04:00:00,,,,,,
2025-01-31 08:00:00,104722.94,105029.72,103930.09,104344.46,551.3558954,299.7060676,251.6498278,72.02355815,78.5351336,59.00040725,1389.24,1578.24,105420.00 - 107199.99 | bar 125 | 2025-01-22 04:00:00,100272.68 - 102538.00 | bar 167 | 2025-01-29 04:00:00,,,,,,
2025-01-31 12:00:00,104344.46,104814.46,103972.13,104188.56,500.53959,339.8727721,160.6668179,60.27908542,72.4497842,35.93768785,1287.60,1574.20,105420.00 - 107199.99 | bar 125 | 2025-01-22 04:00:00,100272.68 - 102538.00 | bar 167 | 2025-01-29 04:00:00,,,,,,
2025-01-31 16:00:00,104188.57,104848.65,103936.54,104736,498.6925179,371.6367213,127.0557966,55.46870189,66.78942343,32.8272588,1281.91,1570.58,105420.00 - 107199.99 | bar 125 | 2025-01-22 04:00:00,100272.68 - 102538.00 | bar 167 | 2025-01-29 04:00:00,,,,,,
2025-01-31 20:00:00,104736.01,106012,104106,105464.01,549.6371477,407.2368066,142.4003412,57.21007477,63.59630721,44.43760989,1353.91,1572.41,105420.00 - 107199.99 | bar 125 | 2025-01-22 04:00:00,100272.68 - 102538.00 | bar 167 | 2025-01-29 04:00:00,,,,,,
2025-02-01 00:00:00,105464,105574.4,102122,102312.32,331.8704942,392.1635441,-60.29304985,39.60333846,55.59865096,7.612713469,1541.99,1582.57,105420.00 - 107199.99 | bar 125 | 2025-01-22 04:00:00,100272.68 - 102538.00 | bar 167 | 2025-01-29 04:00:00,,,,,,
2025-02-01 04:00:00,102312.31,102482.94,101560,102429.56,166.8260735,347.09605,-180.2699765,32.32069189,47.83933127,1.283413125,1517.93,1579.02,104660.00 - 106457.44 | bar 177 | 2025-01-30 20:00:00,100272.68 - 102538.00 | bar 167 | 2025-01-29 04:00:00,,,,,,
2025-02-01 08:00:00,102429.56,102783.71,102198.52,102249.19,21.22812474,281.9224649,-260.6943402,26.70611028,40.79492427,-1.471517714,1374.09,1573.71,104660.00 - 106457.44 | bar 177 | 2025-01-30 20:00:00,100272.68 - 102538.00 | bar 167 | 2025-01-29 04:00:00,,,,,,
2025-02-01 12:00:00,102249.19,102588.57,102118.56,102166.49,-99.68340916,205.6012901,-305.2846993,22.34502889,34.64495915,-2.254831612,1270.90,1567.84,104660.00 - 106457.44 | bar 177 | 2025-01-30 20:00:00,100272.68 - 102538.00 | bar 167 | 2025-01-29 04:00:00,,,,,,
2025-02-01 16:00:00,102166.49,102276.99,101412,102028.81,-204.2616946,123.6286932,-327.8903878,19.36632361,29.55208063,-1.005190438,1188.30,1564.12,104660.00 - 106457.44 | bar 177 | 2025-01-30 20:00:00,100272.68 - 102538.00 | bar 167 | 2025-01-29 04:00:00,,,,,,
2025-02-01 20:00:00,102028.82,102329.01,101730.79,102073.89,-280.2723547,42.84848358,-323.1208383,17.70718675,25.60378267,1.913994915,1174.16,1559.03,104660.00 - 106457.44 | bar 177 | 2025-01-30 20:00:00,100272.68 - 102538.00 | bar 167 | 2025-01-29 04:00:00,,,,,,
2025-02-02 00:00:00,102073.89,102297.99,101448,101669.6,-368.8819335,-39.49759982,-329.3843336,13.67145784,21.62634106,-2.238308614,1191.39,1555.32,104660.00 - 106457.44 | bar 177 | 2025-01-30 20:00:00,100272.68 - 102538.00 | bar 167 | 2025-01-29 04:00:00,,,,,,
2025-02-02 04:00:00,101669.6,101669.6,100279.51,100635.65,-516.5819517,-134.9144702,-381.6674815,11.18519123,18.14595779,-2.736341873,1162.29,1554.46,104660.00 - 106457.44 | bar 177 | 2025-01-30 20:00:00,100272.68 - 102538.00 | bar 167 | 2025-01-29 04:00:00,,,,,,
2025-02-02 08:00:00,100635.66,101456.6,99148.91,99206.86,-740.3919153,-256.0099592,-484.3819561,7.757419736,14.68311177,-6.093964329,1237.81,1558.36,104660.00 - 106457.44 | bar 177 | 2025-01-30 20:00:00,97335.13 - 99517.93 | bar 93 | 2025-01-16 20:00:00,,,,,,
2025-02-02 12:00:00,99206.85,100515.99,99031.19,99643.3,-872.4883606,-379.3056395,-493.1827211,10.60893705,13.32505353,5.1767041,1263.31,1557.98,104660.00 - 106457.44 | bar 177 | 2025-01-30 20:00:00,97335.13 - 99517.93 | bar 93 | 2025-01-16 20:00:00,,,,,,
2025-02-02 16:00:00,99643.3,100100,98645,98864.6,-1028.158358,-509.0761832,-519.0821747,8.841291751,11.83046627,2.862942711,1288.70,1557.46,104660.00 - 106457.44 | bar 177 | 2025-01-30 20:00:00,97335.13 - 99517.93 | bar 93 | 2025-01-16 20:00:00,,,,,,
2025-02-02 20:00:00,98864.6,99439.05,98157,99346.87,-1099.933446,-627.2476357,-472.68581,14.84414527,12.83502594,18.86238394,1320.11,1556.05,104660.00 - 106457.44 | bar 177 | 2025-01-30 20:00:00,97335.13 - 99517.93 | bar 93 | 2025-01-16 20:00:00,99346.87,96675.08,104660.00,,OPEN LONG,
2025-02-03 00:00:00,99346.87,99361.97,96821.54,98273.16,-1229.284714,-747.6550514,-481.629663,18.68186115,14.78397101,26.47764144,1436.41,1561.05,104660.00 - 106457.44 | bar 177 | 2025-01-30 20:00:00,97335.13 - 99517.93 | bar 93 | 2025-01-16 20:00:00,99346.87,96675.08,104660.00,,RUNNING LONG,-1.08%
2025-02-03 04:00:00,98273.17,98628.74,96150,97700.59,-1362.294458,-870.5829328,-491.7115255,20.81939846,16.79578016,28.86663505,1477.32,1565.68,104660.00 - 106457.44 | bar 177 | 2025-01-30 20:00:00,97335.13 - 99517.93 | bar 93 | 2025-01-16 20:00:00,99346.87,96675.08,104660.00,97700.59,KDJ RESET EXIT,-1.66%
2025-02-03 08:00:00,97700.59,97782.79,91231,94038.74,-1743.093039,-1045.084954,-698.0080847,22.33640008,18.64265347,29.72389331,1698.71,1590.74,104660.00 - 106457.44 | bar 177 | 2025-01-30 20:00:00,91203.67 - 92720.67 | bar 53 | 2025-01-10 04:00:00,,,,,,
2025-02-03 12:00:00,94038.75,95426.63,92646.36,95333.01,-1918.328587,-1219.733681,-698.5949064,27.98978445,21.75836379,40.45262576,1831.38,1596.69,104660.00 - 106457.44 | bar 177 | 2025-01-30 20:00:00,91203.67 - 92720.67 | bar 53 | 2025-01-10 04:00:00,,,,,,
2025-02-03 16:00:00,95333.01,95950.68,94799.29,95107.89,-2051.718392,-1386.130623,-665.5877688,31.29771292,24.93814683,44.01684509,1871.82,1597.34,104660.00 - 106457.44 | bar 177 | 2025-01-30 20:00:00,91203.67 - 92720.67 | bar 53 | 2025-01-10 04:00:00,,,,,,
2025-02-03 20:00:00,95107.89,99500,94131.14,98842,-1834.966946,-1475.897887,-359.0690588,48.18881165,32.68836844,79.18969808,2221.74,1622.00,104660.00 - 106457.44 | bar 177 | 2025-01-30 20:00:00,91203.67 - 92720.67 | bar 53 | 2025-01-10 04:00:00,,,,,,
2025-02-04 00:00:00,98842,101880,98038.58,101880,-1401.888555,-1461.096021,59.20746573,65.45920777,43.61198155,109.1536602,2434.34,1636.87,104660.00 - 106457.44 | bar 177 | 2025-01-30 20:00:00,91203.67 - 92720.67 | bar 53 | 2025-01-10 04:00:00,,,,,,
2025-02-04 04:00:00,101879.99,102500.01,100918,101328.52,-1090.598892,-1386.996595,296.3977031,73.50757916,53.57718075,113.368376,2504.61,1639.31,104660.00 - 106457.44 | bar 177 | 2025-01-30 20:00:00,92646.36 - 95426.63 | bar 199 | 2025-02-03 12:00:00,,,,,,
2025-02-04 08:00:00,101328.51,101732.31,100534.03,100629.7,-890.0288269,-1287.603042,397.5742147,76.80607522,61.32014558,107.7779345,2529.49,1639.99,104660.00 - 106457.44 | bar 177 | 2025-01-30 20:00:00,92646.36 - 95426.63 | bar 199 | 2025-02-03 12:00:00,,,,,,
2025-02-04 12:00:00,100629.7,100764.11,98229.82,98448.02,-896.7814102,-1209.438715,312.6573051,72.55174026,65.06401047,87.52719984,2611.22,1649.61,104660.00 - 106457.44 | bar 177 | 2025-01-30 20:00:00,92646.36 - 95426.63 | bar 199 | 2025-02-03 12:00:00,,,,,,
2025-02-04 16:00:00,98448.01,99445.17,97860,98967.7,-850.3962101,-1137.630214,287.2340042,71.25271202,67.12691099,79.5043141,2559.61,1651.92,104660.00 - 106457.44 | bar 177 | 2025-01-30 20:00:00,92646.36 - 95426.63 | bar 199 | 2025-02-03 12:00:00,,,,,,
2025-02-04 20:00:00,98967.7,100415,98275.98,99347.19,-774.0906977,-1064.922311,290.8316133,70.16965191,68.14115796,74.22663981,2606.34,1657.54,104660.00 - 106457.44 | bar 177 | 2025-01-30 20:00:00,92646.36 - 95426.63 | bar 199 | 2025-02-03 12:00:00,,,,,,
2025-02-05 00:00:00,99347.18,100777.93,98778.58,98859.77,-744.3681373,-1000.811476,256.443339,65.61397136,67.29876243,62.24438923,2645.22,1661.35,104660.00 - 106457.44 | bar 177 | 2025-01-30 20:00:00,92646.36 - 95426.63 | bar 199 | 2025-02-03 12:00:00,,,,,,
2025-02-05 04:00:00,98859.78,99444.02,96150,97763.13,-800.0796567,-960.6651123,160.5854556,58.20891761,64.26881416,46.08912453,2788.93,1670.24,104660.00 - 106457.44 | bar 177 | 2025-01-30 20:00:00,92646.36 - 95426.63 | bar 199 | 2025-02-03 12:00:00,,,,,,
2025-02-05 08:00:00,97763.14,98930.44,97131.43,98040,-812.5240705,-931.036904,118.5128335,48.72718929,59.08827254,28.00502281,2735.97,1670.55,104660.00 - 106457.44 | bar 177 | 2025-01-30 20:00:00,92646.36 - 95426.63 | bar 199 | 2025-02-03 12:00:00,,,,,,
2025-02-05 12:00:00,98040.01,98332.41,97352.77,97864.43,-827.0200178,-910.2335267,83.21350895,41.48441124,53.22031877,18.01259617,2628.89,1669.59,104660.00 - 106457.44 | bar 177 | 2025-01-30 20:00:00,92646.36 - 95426.63 | bar 199 | 2025-02-03 12:00:00,,,,,,
2025-02-05 16:00:00,97864.43,98256,97257.05,98198,-802.3429392,-888.6554092,86.31246999,39.88538122,48.77533959,22.1054645,2232.26,1671.12,104660.00 - 106457.44 | bar 177 | 2025-01-30 20:00:00,92646.36 - 95426.63 | bar 199 | 2025-02-03 12:00:00,,,,,,
2025-02-05 20:00:00,98198,99149,97734.69,98116.24,-780.3877017,-867.0018677,86.61416598,40.75238135,46.10102018,30.0551037,2134.69,1674.26,104660.00 - 106457.44 | bar 177 | 2025-01-30 20:00:00,92646.36 - 95426.63 | bar 199 | 2025-02-03 12:00:00,,,,,,
2025-02-06 00:00:00,98116.24,98277.02,96500,97370,-813.8221145,-856.3659171,42.54380255,35.9554802,42.71917352,22.42809356,2179.38,1679.50,104660.00 - 106457.44 | bar 177 | 2025-01-30 20:00:00,92646.36 - 95426.63 | bar 199 | 2025-02-03 12:00:00,,,,,,
2025-02-06 04:00:00,97370,97706.37,96155,96612.43,-891.1757757,-863.3278888,-27.84788686,27.30103891,37.57979531,6.743526093,1906.70,1681.32,104660.00 - 106457.44 | bar 177 | 2025-01-30 20:00:00,92646.36 - 95426.63 | bar 199 | 2025-02-03 12:00:00,,,,,,
2025-02-06 08:00:00,96612.44,97493.07,96430.78,97355.67,-882.3348461,-867.1292803,-15.20556581,26.88470468,34.0147651,12.62458383,1708.19,1678.78,104660.00 - 106457.44 | bar 177 | 2025-01-30 20:00:00,92646.36 - 95426.63 | bar 199 | 2025-02-03 12:00:00,,,,,,
2025-02-06 12:00:00,97355.66,98436.61,97273.71,98195.61,-798.3493332,-853.3732908,55.02395767,38.62337507,35.55096842,44.76818835,1678.26,1681.19,104660.00 - 106457.44 | bar 177 | 2025-01-30 20:00:00,92646.36 - 95426.63 | bar 199 | 2025-02-03 12:00:00,,,,,,
2025-02-06 16:00:00,98195.6,99120,97910.01,98877.99,-669.0158478,-816.5018022,147.4859545,56.06499331,42.38897672,83.41702649,1679.10,1684.67,104660.00 - 106457.44 | bar 177 | 2025-01-30 20:00:00,92646.36 - 95426.63 | bar 199 | 2025-02-03 12:00:00,,,,,,
2025-02-06 20:00:00,98877.99,99040.09,96930.17,97333.09,-683.3019678,-789.8618353,106.5598676,50.49278334,45.09024559,61.29785883,1648.78,1692.79,104660.00 - 106457.44 | bar 177 | 2025-01-30 20:00:00,92646.36 - 95426.63 | bar 199 | 2025-02-03 12:00:00,,,,,,
2025-02-07 00:00:00,97333.09,97547.71,95676.64,95983,-794.407367,-790.7709417,-3.636425332,36.60279486,42.26109535,25.28619389,1669.20,1698.27,104660.00 - 106457.44 | bar 177 | 2025-01-30 20:00:00,92646.36 - 95426.63 | bar 199 | 2025-02-03 12:00:00,,,,,,
2025-02-07 04:00:00,95982.99,97093.5,95800,96554.35,-826.8249035,-797.981734,-28.84316949,32.82754491,39.11657854,20.24947766,1608.81,1701.55,96150.00 - 99444.02 | bar 209 | 2025-02-05 04:00:00,92646.36 - 95426.63 | bar 199 | 2025-02-03 12:00:00,,,,,,
2025-02-07 08:00:00,96554.35,97805.6,96409.65,97444.04,-771.8283307,-792.7510534,20.92272269,38.99428756,39.07581488,38.83123294,1565.71,1704.53,96150.00 - 99444.02 | bar 209 | 2025-02-05 04:00:00,92646.36 - 95426.63 | bar 199 | 2025-02-03 12:00:00,,,,,,
2025-02-07 12:00:00,97444.04,97883.12,96566,96757.05,-774.7467043,-789.1501835,14.40347925,36.45506521,38.20223166,32.96073233,1424.50,1707.94,96150.00 - 99444.02 | bar 209 | 2025-02-05 04:00:00,92646.36 - 95426.63 | bar 199 | 2025-02-03 12:00:00,,,,,,
2025-02-07 16:00:00,96757.04,97750,96613.24,97750,-688.9944705,-769.1190409,80.12457045,44.37447016,40.25964449,52.6041215,1377.20,1711.92,96150.00 - 99444.02 | bar 209 | 2025-02-05 04:00:00,92646.36 - 95426.63 | bar 199 | 2025-02-03 12:00:00,,,,,,
2025-02-07 20:00:00,97749.99,100137.99,97165.51,98283.98,-571.3611879,-729.5674703,158.2062824,49.06392945,43.19440614,60.80297605,1519.55,1725.11,96150.00 - 99444.02 | bar 209 | 2025-02-05 04:00:00,92646.36 - 95426.63 | bar 199 | 2025-02-03 12:00:00,,,,,,
2025-02-08 00:00:00,98283.98,98563.55,96856.78,96898.56,-583.2049558,-700.2949674,117.0900116,41.8389593,42.74259053,40.03169685,1570.10,1730.30,96150.00 - 99444.02 | bar 209 | 2025-02-05 04:00:00,92646.36 - 95426.63 | bar 199 | 2025-02-03 12:00:00,,,,,,
2025-02-08 04:00:00,96898.56,96944.1,95620.34,96506.8,-617.0895609,-683.6538861,66.56432527,34.43335576,39.97284561,23.35437608,1563.64,1731.89,96150.00 - 99444.02 | bar 209 | 2025-02-05 04:00:00,92646.36 - 95426.63 | bar 199 | 2025-02-03 12:00:00,,,,,,
2025-02-08 08:00:00,96506.8,96880,96335.42,96699.23,-621.2544273,-671.1739944,49.91956703,30.91612522,36.95393881,18.84049804,1475.60,1730.84,96150.00 - 99444.02 | bar 209 | 2025-02-05 04:00:00,92646.36 - 95426.63 | bar 199 | 2025-02-03 12:00:00,,,,,,
2025-02-08 12:00:00,96699.24,96699.24,95785.09,96209.92,-656.4709532,-668.2333861,11.76243295,24.96094697,32.95627486,8.970291177,1430.09,1731.34,96150.00 - 99444.02 | bar 209 | 2025-02-05 04:00:00,92646.36 - 95426.63 | bar 199 | 2025-02-03 12:00:00,,,,,,
2025-02-08 16:00:00,96209.92,96293.48,95865.71,96120,-683.7542033,-671.3375496,-12.41665374,20.32735634,28.74663536,3.488798314,1384.77,1726.42,96150.00 - 99444.02 | bar 209 | 2025-02-05 04:00:00,92646.36 - 95426.63 | bar 199 | 2025-02-03 12:00:00,,,,,,
2025-02-08 20:00:00,96120,96517.52,95688,95843.74,-719.3757331,-680.9451863,-38.43054686,15.19992052,24.23106374,-2.862365938,1360.95,1726.29,96150.00 - 99444.02 | bar 209 | 2025-02-05 04:00:00,92646.36 - 95426.63 | bar 199 | 2025-02-03 12:00:00,,,,,,
2025-02-09 00:00:00,95843.74,96750,95749.88,96579.99,-680.3541313,-680.8269753,0.4728439436,17.2140266,21.89205136,7.857977081,1345.96,1726.71,96150.00 - 99444.02 | bar 209 | 2025-02-05 04:00:00,92646.36 - 95426.63 | bar 199 | 2025-02-03 12:00:00,,,,,,
2025-02-09 04:00:00,96579.99,96712,96358.5,96444.74,-652.8175017,-675.2250806,22.4075789,17.55882627,20.447643,11.78119282,1220.50,1709.69,96150.00 - 99444.02 | bar 209 | 2025-02-05 04:00:00,92646.36 - 95426.63 | bar 199 | 2025-02-03 12:00:00,,,,,,
2025-02-09 08:00:00,96444.75,97300,96360.14,97300,-555.5778345,-651.2956314,95.71779684,30.72887835,23.87472145,44.43719215,1153.99,1708.24,96150.00 - 99444.02 | bar 209 | 2025-02-05 04:00:00,92646.36 - 95426.63 | bar 199 | 2025-02-03 12:00:00,,,,,,
2025-02-09 12:00:00,97299.99,97323.09,96777.77,97057.83,-492.3799433,-619.5124938,127.1325504,48.62647584,32.12530625,81.62881503,1100.55,1707.32,96150.00 - 99444.02 | bar 209 | 2025-02-05 04:00:00,92646.36 - 95426.63 | bar 199 | 2025-02-03 12:00:00,,,,,,
2025-02-09 16:00:00,97057.83,97294.46,96509.96,96554.01,-477.4455278,-591.0991006,113.6535727,50.07233624,38.10764958,74.00170956,1056.87,1705.19,96150.00 - 99444.02 | bar 209 | 2025-02-05 04:00:00,92646.36 - 95426.63 | bar 199 | 2025-02-03 12:00:00,,,,,,
2025-02-09 20:00:00,96554.01,96703.99,95700,96488.15,-465.5575894,-565.9907983,100.4332089,49.69360555,41.9696349,65.14154686,1034.51,1708.04,96150.00 - 99444.02 | bar 209 | 2025-02-05 04:00:00,92646.36 - 95426.63 | bar 199 | 2025-02-03 12:00:00,,,,,,
2025-02-10 00:00:00,96488.14,96567.8,95888.88,96064.74,-484.7144743,-549.7355335,65.02105926,40.80938154,41.58288378,39.26237707,1001.80,1703.82,96150.00 - 99444.02 | bar 209 | 2025-02-05 04:00:00,92646.36 - 95426.63 | bar 199 | 2025-02-03 12:00:00,,,,,,
2025-02-10 04:00:00,96064.73,96760,94713,96462.75,-462.4495325,-532.2783333,69.82880083,49.55222711,44.23933156,60.17801821,935.70,1695.03,96150.00 - 99444.02 | bar 209 | 2025-02-05 04:00:00,92646.36 - 95426.63 | bar 199 | 2025-02-03 12:00:00,,,,,,
2025-02-10 08:00:00,96462.75,97131.47,95256,96814.98,-411.63729,-508.1501246,96.51283466,59.87910313,49.45258875,80.7321319,947.75,1694.28,96150.00 - 99444.02 | bar 209 | 2025-02-05 04:00:00,92646.36 - 95426.63 | bar 199 | 2025-02-03 12:00:00,,,,,,
2025-02-10 12:00:00,96814.97,97640.02,96632.81,97429.83,-318.088242,-470.1377481,152.0495061,70.85906086,56.58807945,99.40102366,925.14,1694.12,96150.00 - 99444.02 | bar 209 | 2025-02-05 04:00:00,92646.36 - 95426.63 | bar 199 | 2025-02-03 12:00:00,,,,,,
2025-02-10 16:00:00,97429.83,97954.69,97358.79,97661.16,-222.7162159,-420.6534417,197.9372258,77.55442562,63.57686151,105.5095538,928.80,1691.84,96150.00 - 99444.02 | bar 209 | 2025-02-05 04:00:00,94713.00 - 96760.00 | bar 239 | 2025-02-10 04:00:00,,,,,,
2025-02-10 20:00:00,97661.15,98345,96866.66,97218.69,-180.7532186,-372.673397,191.9201785,74.69937112,67.28436471,89.52938393,969.10,1692.22,96150.00 - 99444.02 | bar 209 | 2025-02-05 04:00:00,94713.00 - 96760.00 | bar 239 | 2025-02-10 04:00:00,,,,,,
2025-02-11 00:00:00,97218.68,97643.29,96866.39,97376,-133.2674148,-324.7922006,191.5247858,74.23974227,69.6028239,83.51357902,994.04,1688.16,96150.00 - 99444.02 | bar 209 | 2025-02-05 04:00:00,94713.00 - 96760.00 | bar 239 | 2025-02-10 04:00:00,,,,,,
2025-02-11 04:00:00,97376,97490.71,97128.79,97430.82,-90.17161509,-277.8680835,187.6964684,74.43644345,71.21403042,80.88126953,960.64,1682.69,96150.00 - 99444.02 | bar 209 | 2025-02-05 04:00:00,94713.00 - 96760.00 | bar 239 | 2025-02-10 04:00:00,,,,,,
2025-02-11 08:00:00,97430.82,98149.92,97416.62,97607.3,-41.30132625,-230.554732,189.2534058,76.18725452,72.87177178,82.81821999,941.58,1671.09,96150.00 - 99444.02 | bar 209 | 2025-02-05 04:00:00,94713.00 - 96760.00 | bar 239 | 2025-02-10 04:00:00,,,,,,
2025-02-11 12:00:00,97607.31,98478.42,97558.99,98268.97,50.24082399,-174.3956208,224.6364448,82.27068285,76.00474214,94.80256427,982.00,1667.13,96150.00 - 99444.02 | bar 209 | 2025-02-05 04:00:00,94713.00 - 96760.00 | bar 239 | 2025-02-10 04:00:00,,,,,,
2025-02-11 16:00:00,98268.98,98330,97885.62,98151.52,112.0201061,-117.1124755,229.1325816,84.79893865,78.93614098,96.524534,946.61,1659.56,96150.00 - 99444.02 | bar 209 | 2025-02-05 04:00:00,94713.00 - 96760.00 | bar 239 | 2025-02-10 04:00:00,,,,,,
2025-02-11 20:00:00,98151.51,98158.89,96595.33,97007.53,67.88763361,-80.11245364,148.0000872,63.82914372,73.90047522,43.68648072,1019.34,1660.21,96150.00 - 99444.02 | bar 209 | 2025-02-05 04:00:00,94713.00 - 96760.00 | bar 239 | 2025-02-10 04:00:00,,,,,,
2025-02-12 00:00:00,97007.54,97045.53,94876.88,95040.82,-124.3512851,-88.96021993,-35.39106517,44.07007637,63.95700894,4.296211235,1118.21,1665.42,96150.00 - 99444.02 | bar 209 | 2025-02-05 04:00:00,94713.00 - 96760.00 | bar 239 | 2025-02-10 04:00:00,,,,,,
2025-02-12 04:00:00,95040.81,96512.7,94928.47,95778.2,-214.7263777,-114.1134515,-100.6129262,37.72203795,55.21201861,2.742076637,1159.66,1659.40,96150.00 - 99444.02 | bar 209 | 2025-02-05 04:00:00,94713.00 - 96760.00 | bar 239 | 2025-02-10 04:00:00,,,,,,
2025-02-12 08:00:00,95778.21,96263.99,95100,95299.27,-321.2912921,-155.5490196,-165.7422725,29.05737149,46.4938029,-5.81549134,1194.31,1651.29,96150.00 - 99444.02 | bar 209 | 2025-02-05 04:00:00,94713.00 - 96760.00 | bar 239 | 2025-02-10 04:00:00,,,,,,
2025-02-12 12:00:00,95299.28,96188.68,95267.71,96069.58,-339.6716519,-192.3735461,-147.2981059,30.41037736,41.13266106,8.965809967,1113.88,1648.31,96150.00 - 99444.02 | bar 209 | 2025-02-05 04:00:00,94713.00 - 96760.00 | bar 239 | 2025-02-10 04:00:00,,,,,,
2025-02-12 16:00:00,96069.58,96469.78,95913.49,96094.65,-348.2014307,-223.539123,-124.6623077,31.54441165,37.93657792,18.7600791,1019.65,1644.61,96150.00 - 99444.02 | bar 209 | 2025-02-05 04:00:00,94713.00 - 96760.00 | bar 239 | 2025-02-10 04:00:00,,,,,,
2025-02-12 20:00:00,96094.65,96631.66,94088.23,95816.18,-373.1303294,-253.4573643,-119.6729651,34.14938922,36.67418168,29.09980428,1129.38,1649.83,96150.00 - 99444.02 | bar 209 | 2025-02-05 04:00:00,94713.00 - 96760.00 | bar 239 | 2025-02-10 04:00:00,,,,,,
2025-02-13 00:00:00,95816.18,97700,95120.3,97205.06,-277.6154741,-258.2889862,-19.32648789,47.25941524,40.20259287,61.37305999,1271.08,1658.20,96150.00 - 99444.02 | bar 209 | 2025-02-05 04:00:00,94713.00 - 96760.00 | bar 239 | 2025-02-10 04:00:00,,,,,,
2025-02-13 04:00:00,97205.06,98119.99,96854.97,97869.99,-146.57534,-235.946257,89.370917,62.47390042,47.62636206,92.16897716,1255.84,1649.97,96150.00 - 99444.02 | bar 209 | 2025-02-05 04:00:00,94713.00 - 96760.00 | bar 239 | 2025-02-10 04:00:00,,,,,,
2025-02-13 08:00:00,97870,98083.91,97367.45,97498.42,-71.87910566,-203.1328267,131.2537211,69.84365352,55.03212588,99.46670881,1251.52,1640.26,96150.00 - 99444.02 | bar 209 | 2025-02-05 04:00:00,94713.00 - 96760.00 | bar 239 | 2025-02-10 04:00:00,,,,,,
2025-02-13 12:00:00,97498.43,97564.83,95800,96070.23,-126.4669665,-187.7996547,61.33268822,62.94899308,57.67108161,73.50481602,1351.73,1644.81,96150.00 - 99444.02 | bar 209 | 2025-02-05 04:00:00,94713.00 - 96760.00 | bar 239 | 2025-02-10 04:00:00,,,,,,
2025-02-13 16:00:00,96070.23,96336,95599.57,95925.11,-179.3705387,-186.1138315,6.743292792,57.15274592,57.49830305,56.46163167,1351.95,1645.29,96150.00 - 99444.02 | bar 209 | 2025-02-05 04:00:00,94713.00 - 96760.00 | bar 239 | 2025-02-10 04:00:00,,,,,,
2025-02-13 20:00:00,95925.12,96480.06,95336,95998,-212.9605108,-191.4831673,-21.47734345,53.89121292,56.29593967,49.08175941,1368.00,1647.96,96150.00 - 99444.02 | bar 209 | 2025-02-05 04:00:00,94713.00 - 96760.00 | bar 239 | 2025-02-10 04:00:00,,,,,,
2025-02-14 00:00:00,95998,96361.58,95217.36,95627.76,-266.3853549,-206.4636048,-59.92175005,48.65582882,53.74923605,38.46901435,1417.99,1649.88,96150.00 - 99444.02 | bar 209 | 2025-02-05 04:00:00,94713.00 - 96760.00 | bar 239 | 2025-02-10 04:00:00,,,,,,
2025-02-14 04:00:00,95627.75,96774.71,95600,96608.14,-226.9997444,-210.5708328,-16.42891164,53.27104861,53.58984024,52.63346534,1390.21,1654.01,96150.00 - 99444.02 | bar 209 | 2025-02-05 04:00:00,94713.00 - 96760.00 | bar 239 | 2025-02-10 04:00:00,,,,,,
2025-02-14 08:00:00,96608.13,97190,96356.41,97129.98,-151.9269186,-198.8420499,46.91513136,57.84611783,55.00859944,63.52115462,1294.85,1654.56,96150.00 - 99444.02 | bar 209 | 2025-02-05 04:00:00,94713.00 - 96760.00 | bar 239 | 2025-02-10 04:00:00,,,,,,
2025-02-14 12:00:00,97129.98,97248.6,96561.36,96944.09,-106.2066485,-180.3149696,74.1083211,58.39356652,56.1369218,62.90685598,1230.78,1653.75,96150.00 - 99444.02 | bar 209 | 2025-02-05 04:00:00,94713.00 - 96760.00 | bar 239 | 2025-02-10 04:00:00,,,,,,
2025-02-14 16:00:00,96944.09,97196,96799.99,96887.56,-73.68510766,-158.9889972,85.30388959,58.350765,56.87486953,61.30255594,1175.93,1653.72,96150.00 - 99444.02 | bar 209 | 2025-02-05 04:00:00,94713.00 - 96760.00 | bar 239 | 2025-02-10 04:00:00,,,,,,
2025-02-14 20:00:00,96887.55,97568.28,96252.82,96924.39,-44.42754591,-136.076707,91.64916107,63.10422599,58.95132169,71.41003461,1204.10,1658.41,96150.00 - 99444.02 | bar 209 | 2025-02-05 04:00:00,94713.00 - 96760.00 | bar 239 | 2025-02-10 04:00:00,,,,,,
2025-02-15 00:00:00,96924.57,98826,96494.17,97940.45,60.0545614,-96.8504533,156.9050147,67.22291206,61.70851848,78.25169923,1330.93,1666.66,97558.99 - 98478.42 | bar 247 | 2025-02-11 12:00:00,94713.00 - 96760.00 | bar 239 | 2025-02-10 04:00:00,,,,,,
2025-02-15 04:00:00,97940.44,98264.85,96697.56,97500.48,106.1320579,-56.25395107,162.3860089,65.90466018,63.10723238,71.49951579,1261.20,1668.11,96150.00 - 99444.02 | bar 209 | 2025-02-05 04:00:00,94713.00 - 96760.00 | bar 239 | 2025-02-10 04:00:00,,,,,,
2025-02-15 08:00:00,97500.47,97972.26,97223.58,97653.19,153.2051727,-14.36212632,167.567299,66.43642165,64.21696214,70.87534067,1130.42,1668.18,96150.00 - 99444.02 | bar 209 | 2025-02-05 04:00:00,94713.00 - 96760.00 | bar 239 | 2025-02-10 04:00:00,,,,,,
2025-02-15 12:00:00,97653.19,97780.73,97345.5,97346.26,163.8554459,21.28138812,142.5740577,62.33455182,63.58949203,59.82467139,1071.15,1665.36,96150.00 - 99444.02 | bar 209 | 2025-02-05 04:00:00,94713.00 - 96760.00 | bar 239 | 2025-02-10 04:00:00,,,,,,
2025-02-15 16:00:00,97346.27,97731.09,97301.77,97615.59,191.8173927,55.38858903,136.4288037,59.20988091,62.12962166,53.37039942,1050.64,1657.30,96150.00 - 99444.02 | bar 209 | 2025-02-05 04:00:00,94713.00 - 96760.00 | bar 239 | 2025-02-10 04:00:00,,,,,,
2025-02-15 20:00:00,97615.59,97962.51,97426.57,97633.22,212.9453295,86.89993712,126.0453923,57.35514846,60.53813059,50.98918419,962.86,1651.82,96150.00 - 99444.02 | bar 209 | 2025-02-05 04:00:00,94713.00 - 96760.00 | bar 239 | 2025-02-10 04:00:00,,,,,,
2025-02-16 00:00:00,97633.21,97714.39,97304.38,97531.9,218.9893218,113.317814,105.6715077,54.80614672,58.6274693,47.16350155,939.54,1639.73,96150.00 - 99444.02 | bar 209 | 2025-02-05 04:00:00,94713.00 - 96760.00 | bar 239 | 2025-02-10 04:00:00,,,,,,
2025-02-16 04:00:00,97531.91,97741.35,97414.05,97569.66,224.2412323,135.5024977,88.73873459,53.59596054,56.95029971,46.88728219,881.20,1622.15,96150.00 - 99444.02 | bar 209 | 2025-02-05 04:00:00,94713.00 - 96760.00 | bar 239 | 2025-02-10 04:00:00,,,,,,
2025-02-16 08:00:00,97569.67,97704.47,97411.11,97547.17,224.0064473,153.2032876,70.80315967,50.78319565,54.89459836,42.56039023,820.43,1617.20,96150.00 - 99444.02 | bar 209 | 2025-02-05 04:00:00,94713.00 - 96760.00 | bar 239 | 2025-02-10 04:00:00,,,,,,
2025-02-16 12:00:00,97547.17,97682.04,97212,97248.98,197.4824824,162.0591266,35.42335586,45.58313807,51.79077826,33.1678577,770.09,1605.45,96150.00 - 99444.02 | bar 209 | 2025-02-05 04:00:00,94713.00 - 96760.00 | bar 239 | 2025-02-10 04:00:00,,,,,,
2025-02-16 16:00:00,97248.98,97388.89,97061.58,97336,181.3928521,165.9258717,15.46698038,40.43326758,48.00494137,25.28992001,733.93,1602.42,96150.00 - 99444.02 | bar 209 | 2025-02-05 04:00:00,94713.00 - 96760.00 | bar 239 | 2025-02-10 04:00:00,,,,,,
2025-02-16 20:00:00,97335.99,97336,96645.35,96911.01,132.8175251,159.3042024,-26.48667727,33.67856232,43.22948169,14.5767236,734.17,1602.31,96150.00 - 99444.02 | bar 209 | 2025-02-05 04:00:00,94713.00 - 96760.00 | bar 239 | 2025-02-10 04:00:00,,,,,,
2025-02-17 00:00:00,96911.01,97169.15,96609.05,97058.47,105.0095336,148.4452686,-43.43573501,33.52079705,39.99325347,20.5758842,745.89,1592.56,96150.00 - 99444.02 | bar 209 | 2025-02-05 04:00:00,94713.00 - 96760.00 | bar 239 | 2025-02-10 04:00:00,,,,,,
2025-02-17 04:00:00,97058.47,97282.38,96046.18,96118.12,7.012280614,120.158671,-113.1463904,23.59854827,34.52835174,1.738941332,740.23,1591.16,96150.00 - 99444.02 | bar 209 | 2025-02-05 04:00:00,94713.00 - 96760.00 | bar 239 | 2025-02-10 04:00:00,,,,,,
2025-02-17 08:00:00,96118.12,96638.05,96023.17,96215.33,-62.0914621,83.70864439,-145.8001065,19.46034124,29.50568157,-0.6303394268,617.59,1585.55,96150.00 - 99444.02 | bar 209 | 2025-02-05 04:00:00,94713.00 - 96760.00 | bar 239 | 2025-02-10 04:00:00,,,,,,
2025-02-17 12:00:00,96215.32,96463.2,95800,96068.22,-127.2602467,41.51486617,-168.7751129,17.57894711,25.53010342,1.676634499,553.02,1585.02,96150.00 - 99444.02 | bar 209 | 2025-02-05 04:00:00,94713.00 - 96760.00 | bar 239 | 2025-02-10 04:00:00,,,,,,
2025-02-17 16:00:00,96068.21,96395.68,95937.05,96063.18,-177.2702033,-2.242147735,-175.0280556,16.325654,22.46195361,4.053054772,532.30,1582.04,96150.00 - 99444.02 | bar 209 | 2025-02-05 04:00:00,94713.00 - 96760.00 | bar 239 | 2025-02-10 04:00:00,,,,,,
2025-02-17 20:00:00,96063.17,97046.59,95564,95659.46,-246.6372041,-51.12115901,-195.5160451,12.38610168,19.1033363,-1.048367569,607.11,1584.58,96150.00 - 99444.02 | bar 209 | 2025-02-05 04:00:00,94713.00 - 96760.00 | bar 239 | 2025-02-10 04:00:00,,,,,,
2025-02-18 00:00:00,95659.45,95945.49,95205,95531.36,-308.3926924,-102.5754657,-205.8172267,13.23872649,17.14846636,5.419246743,629.34,1583.26,96150.00 - 99444.02 | bar 209 | 2025-02-05 04:00:00,94088.23 - 96631.66 | bar 255 | 2025-02-12 20:00:00,,,,,,
2025-02-18 04:00:00,95531.36,96413.43,95488.9,95780,-333.4276454,-148.7459016,-184.6817438,17.82003008,17.37232094,18.71544837,657.09,1571.59,96150.00 - 99444.02 | bar 209 | 2025-02-05 04:00:00,94713.00 - 96760.00 | bar 239 | 2025-02-10 04:00:00,,,,,,
2025-02-18 08:00:00,95780.01,96322.97,95538.01,96200,-315.7379061,-182.1443025,-133.5936036,27.84564342,20.86342843,41.8100734,683.87,1568.57,96150.00 - 99444.02 | bar 209 | 2025-02-05 04:00:00,94713.00 - 96760.00 | bar 239 | 2025-02-10 04:00:00,,,,,,
2025-02-18 12:00:00,96200,96300.73,95254.12,95456.93,-357.5565102,-217.2267441,-140.3297662,22.60619393,21.44435026,24.92988127,735.25,1567.70,96150.00 - 99444.02 | bar 209 | 2025-02-05 04:00:00,94088.23 - 96631.66 | bar 255 | 2025-02-12 20:00:00,,,,,,
2025-02-18 16:00:00,95456.92,95872.17,95050,95640.34,-371.6146587,-248.104327,-123.5103317,24.9266001,22.60510021,29.56959988,773.03,1563.33,96150.00 - 99444.02 | bar 209 | 2025-02-05 04:00:00,94713.00 - 96760.00 | bar 239 | 2025-02-10 04:00:00,,,,,,
2025-02-18 20:00:00,95640.35,96753.91,95200,95546.48,-385.8813601,-275.6597336,-110.2216265,24.90653247,23.3722443,27.97510882,850.44,1568.10,96150.00 - 99444.02 | bar 209 | 2025-02-05 04:00:00,94088.23 - 96631.66 | bar 255 | 2025-02-12 20:00:00,,,,,,
2025-02-19 00:00:00,95546.49,95633.15,93388.09,94104.14,-507.7199283,-322.0717725,-185.6481558,23.12843133,23.29097331,22.80334738,987.43,1573.31,96150.00 - 99444.02 | bar 209 | 2025-02-05 04:00:00,92646.36 - 95426.63 | bar 199 | 2025-02-03 12:00:00,,,,,,
2025-02-19 04:00:00,94104.15,95685,93730.72,95671.74,-472.3408016,-352.1255784,-120.2152233,36.22575118,27.60256593,53.47212167,1077.69,1572.17,96150.00 - 99444.02 | bar 209 | 2025-02-05 04:00:00,94088.23 - 96631.66 | bar 255 | 2025-02-12 20:00:00,,,,,,
2025-02-19 08:00:00,95671.74,95961.54,95055,95710.26,-436.166491,-368.9337609,-67.23273011,47.14806651,34.11773279,73.20873395,1102.43,1569.85,96150.00 - 99444.02 | bar 209 | 2025-02-05 04:00:00,94088.23 - 96631.66 | bar 255 | 2025-02-12 20:00:00,,,,,,
2025-02-19 12:00:00,95710.25,95846.15,95029.99,95687.71,-404.6530967,-376.0776281,-28.57546866,54.20628657,40.81391739,80.99102495,1072.43,1567.61,96150.00 - 99444.02 | bar 209 | 2025-02-05 04:00:00,94088.23 - 96631.66 | bar 255 | 2025-02-12 20:00:00,,,,,,
2025-02-19 16:00:00,95687.71,96468.99,95616.6,96422.6,-316.7279804,-364.2076985,47.47971809,66.18973553,49.27252343,100.0241597,1089.39,1560.88,96150.00 - 99444.02 | bar 209 | 2025-02-05 04:00:00,94088.23 - 96631.66 | bar 255 | 2025-02-12 20:00:00,,,,,,
2025-02-19 20:00:00,96422.6,96700,95536.36,95943.74,-282.4310035,-347.8523595,65.421356,69.43632075,55.99378921,96.32138383,1125.14,1561.96,96150.00 - 99444.02 | bar 209 | 2025-02-05 04:00:00,94088.23 - 96631.66 | bar 255 | 2025-02-12 20:00:00,,,,,,
2025-02-20 00:00:00,95943.74,96480,95407.41,96206.54,-231.3774632,-324.5573803,93.17991709,74.20334561,62.06364134,98.48275416,1168.99,1561.62,96150.00 - 99444.02 | bar 209 | 2025-02-05 04:00:00,94088.23 - 96631.66 | bar 255 | 2025-02-12 20:00:00,,,,,,
2025-02-20 04:00:00,96206.54,96899.99,96058.38,96644.37,-153.8148607,-290.4088764,136.5940156,80.37600339,68.16776202,104.7924861,1123.21,1555.53,96150.00 - 99444.02 | bar 209 | 2025-02-05 04:00:00,94088.23 - 96631.66 | bar 255 | 2025-02-12 20:00:00,,,,,,
2025-02-20 08:00:00,96644.37,97362.83,96415.09,97055.25,-58.516812,-244.0304635,185.5136515,84.33787966,73.55780124,105.8980365,1138.01,1550.15,96150.00 - 99444.02 | bar 209 | 2025-02-05 04:00:00,94088.23 - 96631.66 | bar 255 | 2025-02-12 20:00:00,,,,,,
2025-02-20 12:00:00,97055.24,97339.11,96781.57,96867.92,1.870055961,-194.8503596,196.7204156,85.01659845,77.37740031,100.2949947,1111.80,1544.03,96150.00 - 99444.02 | bar 209 | 2025-02-05 04:00:00,94088.23 - 96631.66 | bar 255 | 2025-02-12 20:00:00,,,,,,
2025-02-20 16:00:00,96867.92,97384.03,96801.61,97207.92,76.28290059,-140.6237076,216.9066081,87.51733854,80.75737972,101.0372562,1097.33,1538.66,96150.00 - 99444.02 | bar 209 | 2025-02-05 04:00:00,94088.23 - 96631.66 | bar 255 | 2025-02-12 20:00:00,,,,,,
2025-02-20 20:00:00,97207.93,98062.15,96799.42,96903.77,109.4515635,-90.60865335,200.0602168,78.94384932,80.15286959,76.52580878,1112.77,1539.13,96150.00 - 99444.02 | bar 209 | 2025-02-05 04:00:00,94088.23 - 96631.66 | bar 255 | 2025-02-12 20:00:00,,,,,,
2025-02-21 00:00:00,96903.76,98518,96888,98422.8,255.3672787,-21.41346695,276.7807456,84.94239533,81.74937817,91.32842966,1170.47,1539.25,97558.99 - 98478.42 | bar 247 | 2025-02-11 12:00:00,94088.23 - 96631.66 | bar 255 | 2025-02-12 20:00:00,,,,,,
2025-02-21 04:00:00,98422.8,98711.36,98000,98305,357.3813886,54.34550415,303.0358844,85.86185769,83.12020467,91.34516371,1110.29,1533.40,97558.99 - 98478.42 | bar 247 | 2025-02-11 12:00:00,94088.23 - 96631.66 | bar 255 | 2025-02-12 20:00:00,,,,,,
2025-02-21 08:00:00,98305.01,98505,98084.06,98141.99,420.2306041,127.5225241,292.70808,84.83023547,83.69021494,87.11027652,980.00,1527.69,97558.99 - 98478.42 | bar 247 | 2025-02-11 12:00:00,94088.23 - 96631.66 | bar 255 | 2025-02-12 20:00:00,98141.99,98968.42,96631.66,,OPEN SHORT,
2025-02-21 12:00:00,98141.99,98610.17,98117.73,98179.76,467.6954812,195.5571156,272.1383657,83.20754223,83.52932404,82.56397863,875.58,1525.23,97558.99 - 98478.42 | bar 247 | 2025-02-11 12:00:00,94088.23 - 96631.66 | bar 255 | 2025-02-12 20:00:00,98141.99,98968.42,96631.66,,RUNNING SHORT,-0.04%
2025-02-21 16:00:00,98179.77,98896.81,98111.11,98629.3,535.4139407,263.5284806,271.8854601,85.21195561,84.09020123,87.45546437,866.95,1521.94,96150.00 - 99444.02 | bar 209 | 2025-02-05 04:00:00,94088.23 - 96631.66 | bar 255 | 2025-02-12 20:00:00,98141.99,98968.42,96631.66,,RUNNING SHORT,-0.50%
2025-02-21 20:00:00,98629.31,99475,97177.31,98104.04,540.4670478,318.916194,221.5508538,73.17458596,80.45166281,58.62043227,972.77,1526.21,96150.00 - 99444.02 | bar 209 | 2025-02-05 04:00:00,94088.23 - 96631.66 | bar 255 | 2025-02-12 20:00:00,98141.99,98968.42,96631.66,,RUNNING SHORT,0.04%
2025-02-22 00:00:00,98104.04,98757,95247.15,95285.11,313.3949574,317.8119467,-4.416989312,49.0823426,69.99522274,7.256582331,1162.59,1533.53,96150.00 - 99444.02 | bar 209 | 2025-02-05 04:00:00,94088.23 - 96631.66 | bar 255 | 2025-02-12 20:00:00,98141.99,98968.42,96631.66,95285.11,ATR MOVE EXIT,2.91%
2025-02-22 04:00:00,95285.11,96202.68,94871.95,96181.98,203.4632061,294.9421986,-91.47899246,42.20824267,60.73289605,5.158935907,1174.52,1533.15,96150.00 - 99444.02 | bar 209 | 2025-02-05 04:00:00,94088.23 - 96631.66 | bar 255 | 2025-02-12 20:00:00,,,,,,
2025-02-22 08:00:00,96181.99,96455.97,95770.49,96299.07,124.356185,260.8249959,-136.4688109,38.47342543,53.31307251,8.794131281,1146.87,1528.18,96150.00 - 99444.02 | bar 209 | 2025-02-05 04:00:00,94088.23 - 96631.66 | bar 255 | 2025-02-12 20:00:00,,,,,,
2025-02-22 12:00:00,96299.08,96578.99,96273.85,96288.09,60.08468767,220.6769342,-160.5922466,35.90403478,47.51005993,12.69198447,1108.55,1495.85,96150.00 - 99444.02 | bar 209 | 2025-02-05 04:00:00,94088.23 - 96631.66 | bar 255 | 2025-02-12 20:00:00,,,,,,
2025-02-22 16:00:00,96288.09,96611.53,96151,96580,32.33106798,183.007761,-150.676693,36.30499593,43.7750386,21.3649106,1073.75,1484.29,96150.00 - 99444.02 | bar 209 | 2025-02-05 04:00:00,94088.23 - 96631.66 | bar 255 | 2025-02-12 20:00:00,,,,,,
2025-02-22 20:00:00,96580,96980,96485.37,96592,11.17559879,148.6413285,-137.4657298,36.65920227,41.40309316,27.1714205,1069.26,1446.50,96150.00 - 99444.02 | bar 209 | 2025-02-05 04:00:00,94088.23 - 96631.66 | bar 255 | 2025-02-12 20:00:00,,,,,,
2025-02-23 00:00:00,96592.01,96823.53,96345.49,96639.99,-1.69829415,118.573404,-120.2716982,37.24286303,40.01634978,31.69588953,1061.80,1438.39,96150.00 - 99444.02 | bar 209 | 2025-02-05 04:00:00,94088.23 - 96631.66 | bar 255 | 2025-02-12 20:00:00,,,,,,
2025-02-23 04:00:00,96640,96700,96472.22,96551.01,-18.86344339,91.08603453,-109.9494779,36.98761483,39.00677147,32.94930157,987.88,1418.43,96150.00 - 99444.02 | bar 209 | 2025-02-05 04:00:00,94088.23 - 96631.66 | bar 255 | 2025-02-12 20:00:00,,,,,,
2025-02-23 08:00:00,96551.01,96650,96355.17,96414,-43.02652677,64.26352227,-107.290049,37.88904184,38.63419492,36.39873567,892.51,1386.32,96150.00 - 99444.02 | bar 209 | 2025-02-05 04:00:00,94088.23 - 96631.66 | bar 255 | 2025-02-12 20:00:00,,,,,,
2025-02-23 12:00:00,96414,96558.01,96143.99,96508.85,-53.9010049,40.63061683,-94.53162173,51.14268152,42.80369045,67.82066364,871.27,1375.24,96150.00 - 99444.02 | bar 209 | 2025-02-05 04:00:00,94088.23 - 96631.66 | bar 255 | 2025-02-12 20:00:00,,,,,,
2025-02-23 16:00:00,96508.85,96508.86,96083.33,96115.99,-93.14589796,13.87531387,-107.0212118,43.61688327,43.07475472,44.70114035,871.60,1361.67,96150.00 - 99444.02 | bar 209 | 2025-02-05 04:00:00,94088.23 - 96631.66 | bar 255 | 2025-02-12 20:00:00,,,,,,
2025-02-23 20:00:00,96115.99,96158.5,95414.25,95436.18,-177.0616871,-24.31208633,-152.7496008,29.54479109,38.56476685,11.50483958,889.59,1356.07,96150.00 - 99444.02 | bar 209 | 2025-02-05 04:00:00,94088.23 - 96631.66 | bar 255 | 2025-02-12 20:00:00,,,,,,
2025-02-24 00:00:00,95436.19,95876,95227.94,95755.99,-215.27797,-62.50526306,-152.7727069,29.74279674,35.62411014,17.98016993,879.75,1348.15,96150.00 - 99444.02 | bar 209 | 2025-02-05 04:00:00,94088.23 - 96631.66 | bar 255 | 2025-02-12 20:00:00,,,,,,
2025-02-24 04:00:00,95756,96332.44,95522.78,96258,-202.7198101,-90.54817247,-112.1716377,39.42565302,36.8912911,44.49437686,773.47,1339.62,96150.00 - 99444.02 | bar 209 | 2025-02-05 04:00:00,94088.23 - 96631.66 | bar 255 | 2025-02-12 20:00:00,,,,,,
2025-02-24 08:00:00,96258,96500,95311,95433.21,-256.3658124,-123.7117005,-132.654112,30.57204658,34.78487626,22.14638722,607.69,1328.47,96150.00 - 99444.02 | bar 209 | 2025-02-05 04:00:00,94088.23 - 96631.66 | bar 255 | 2025-02-12 20:00:00,,,,,,
2025-02-24 12:00:00,95433.21,95945,95078.01,95872.02,-260.4698221,-151.0633248,-109.4064973,36.69897424,35.42290892,39.25110487,574.57,1323.91,96150.00 - 99444.02 | bar 209 | 2025-02-05 04:00:00,94088.23 - 96631.66 | bar 255 | 2025-02-12 20:00:00,,,,,,
2025-02-24 16:00:00,95872.02,96177.18,95355,95821.45,-264.7509713,-173.8008541,-90.95011717,40.23029006,37.0253693,46.64013158,584.33,1323.29,96150.00 - 99444.02 | bar 209 | 2025-02-05 04:00:00,94088.23 - 96631.66 | bar 255 | 2025-02-12 20:00:00,,,,,,
2025-02-24 20:00:00,95821.45,96095.32,93817.06,94323.95,-384.5467323,-215.9500297,-168.5967026,32.98460109,35.67844656,27.59691015,725.27,1330.14,96150.00 - 99444.02 | bar 209 | 2025-02-05 04:00:00,93388.09 - 95633.15 | bar 292 | 2025-02-19 00:00:00,,,,,,
2025-02-25 00:00:00,94323.95,95194.59,93666.22,93943.51,-504.3700012,-273.634024,-230.7359772,25.24128895,32.19939403,11.32507881,801.54,1333.70,96150.00 - 99444.02 | bar 209 | 2025-02-05 04:00:00,92646.36 - 95426.63 | bar 199 | 2025-02-03 12:00:00,,,,,,
2025-02-25 04:00:00,93943.52,94571.43,91349.26,91552.88,-783.2063514,-375.5484895,-407.6578619,18.14526543,27.51468449,-0.5935727078,996.37,1340.20,96150.00 - 99444.02 | bar 209 | 2025-02-05 04:00:00,91250.00 - 92534.10 | bar 76 | 2025-01-14 00:00:00,,,,,,
2025-02-25 08:00:00,91552.88,92540.69,90912.01,92153.93,-944.7954423,-489.3978801,-455.3975623,19.50511266,24.84482722,8.825683551,1078.56,1341.26,96150.00 - 99444.02 | bar 209 | 2025-02-05 04:00:00,91203.67 - 92720.67 | bar 53 | 2025-01-10 04:00:00,,,,,,
2025-02-25 12:00:00,92153.93,92327.88,88200,89320.01,-1286.697375,-648.857779,-637.8395956,17.50144057,22.39703167,7.710258374,1357.13,1355.81,96150.00 - 99444.02 | bar 209 | 2025-02-05 04:00:00,,,,,,,
2025-02-25 16:00:00,89320.01,90000,86888.1,89239.39,-1546.337266,-828.3536764,-717.9835896,19.82172076,21.5385947,16.38797288,1558.35,1362.77,96150.00 - 99444.02 | bar 209 | 2025-02-05 04:00:00,,,,,,,
2025-02-25 20:00:00,89239.39,89544.4,86050.99,87231.26,-1892.329463,-1041.148834,-851.1806291,17.09968642,20.05895861,11.18114206,1778.31,1373.27,96150.00 - 99444.02 | bar 209 | 2025-02-05 04:00:00,,,,,,,
2025-02-26 00:00:00,87231.63,88065.45,86157.69,87947.25,-2084.724951,-1249.864057,-834.8608936,17.64188859,19.2532686,14.41912856,1884.18,1375.50,96150.00 - 99444.02 | bar 209 | 2025-02-05 04:00:00,,,,,,,
2025-02-26 04:00:00,87947.24,89460.17,87622.64,88680.4,-2153.219707,-1430.535187,-722.6845198,20.48727662,19.66460461,22.13262065,1962.27,1360.84,96150.00 - 99444.02 | bar 209 | 2025-02-05 04:00:00,,,,,,,
2025-02-26 08:00:00,88680.39,89414.15,88148.48,88900,-2164.827624,-1577.393674,-587.4339499,24.04435616,21.12452179,29.8840249,2006.39,1349.92,96150.00 - 99444.02 | bar 209 | 2025-02-05 04:00:00,,,,,,,
2025-02-26 12:00:00,88900.01,89245.29,88392.45,88720.02,-2163.609125,-1694.636765,-468.9723607,26.47124593,22.90676317,33.60021145,2009.47,1333.06,96150.00 - 99444.02 | bar 209 | 2025-02-05 04:00:00,,,,,,,
2025-02-26 16:00:00,88720.01,89314.45,88138,88616.8,-2146.232021,-1784.955816,-361.2762049,30.82638075,25.5466357,41.38587085,2008.58,1331.20,96150.00 - 99444.02 | bar 209 | 2025-02-05 04:00:00,,,,,,,
2025-02-26 20:00:00,88616.8,88674,85418.72,87567.53,-2191.861446,-1866.336942,-325.5245038,30.91788262,27.33705134,38.07954518,2179.17,1339.72,96150.00 - 99444.02 | bar 209 | 2025-02-05 04:00:00,,,,,,,
2025-02-27 00:00:00,87567.53,87806.62,83418,83856.99,-2498.63001,-1992.795555,-505.8344545,22.83510619,25.83640295,16.83251266,2433.92,1357.48,96150.00 - 99444.02 | bar 209 | 2025-02-05 04:00:00,,,,,,,
2025-02-27 04:00:00,83856.98,85400,82256.01,84250.09,-2679.142931,-2130.06503,-549.0779001,24.34329663,25.33870085,22.3524882,2495.75,1364.94,87622.64 - 89460.17 | bar 335 | 2025-02-26 04:00:00,,,,,,,
2025-02-27 08:00:00,84250.09,85466.55,84026.96,85226.32,-2712.162992,-2246.484623,-465.678369,29.97235892,26.88325354,36.15056968,2489.41,1364.48,87622.64 - 89460.17 | bar 335 | 2025-02-26 04:00:00,,,,,,,
2025-02-27 12:00:00,85226.32,86737,84694.29,86272.01,-2623.708703,-2321.929439,-301.7792646,38.56342902,30.77664537,54.13699633,2405.16,1368.08,87622.64 - 89460.17 | bar 335 | 2025-02-26 04:00:00,,,,,,,
2025-02-27 16:00:00,86272.01,87078.46,85846.87,86698.6,-2490.477125,-2355.638976,-134.8381489,46.39677568,35.98335547,67.2236161,2376.80,1369.64,87622.64 - 89460.17 | bar 335 | 2025-02-26 04:00:00,,,,,,,
2025-02-27 20:00:00,86698.6,86795.9,84640.75,85500.84,-2453.25971,-2375.163123,-78.09658723,46.25482471,39.40717855,59.95011702,2235.89,1375.49,87622.64 - 89460.17 | bar 335 | 2025-02-26 04:00:00,,,,,,,
2025-02-28 00:00:00,85500.84,85691.51,83614.75,84113.98,-2506.776098,-2401.485718,-105.2903799,39.61077376,39.47504362,39.88223404,2161.95,1382.90,87622.64 - 89460.17 | bar 335 | 2025-02-26 04:00:00,,,,,,,
2025-02-28 04:00:00,84113.98,84927.84,82716.49,84708.58,-2472.705164,-2415.729607,-56.9755569,39.14517888,39.36508871,38.70535922,2070.38,1390.68,87622.64 - 89460.17 | bar 335 | 2025-02-26 04:00:00,,,,,,,
2025-02-28 08:00:00,84708.57,84892.85,79532,80452.44,-2757.353576,-2484.054401,-273.299175,29.80467019,36.17828253,17.0574455,2317.03,1413.30,87622.64 - 89460.17 | bar 335 | 2025-02-26 04:00:00,,,,,,,
2025-02-28 12:00:00,80452.89,80969.69,78820.06,79204.59,-3048.48947,-2596.941415,-451.5480555,21.4218564,31.25947382,1.746621545,2339.32,1421.28,87622.64 - 89460.17 | bar 335 | 2025-02-26 04:00:00,,,,,,,
2025-02-28 16:00:00,79204.6,80854.46,78258.52,80513.38,-3137.441872,-2705.041506,-432.400366,22.80306428,28.44067064,11.52785155,2434.34,1430.41,87622.64 - 89460.17 | bar 335 | 2025-02-26 04:00:00,,,,,,,
2025-02-28 20:00:00,80512.97,84425.89,80075.47,84005.05,-2892.841824,-2742.60157,-150.2402541,36.91999105,31.26711077,48.22575159,2684.17,1449.42,87622.64 - 89460.17 | bar 335 | 2025-02-26 04:00:00,,,,,,,
2025-03-01 00:00:00,84005.05,85120,83196.71,84449.99,-2632.742962,-2720.629848,87.88688632,48.01284406,36.84902187,70.34048845,2737.51,1455.15,87622.64 - 89460.17 | bar 335 | 2025-02-26 04:00:00,,,,,,,
2025-03-01 04:00:00,84450,84795.03,83600,84349.94,-2406.94023,-2657.891925,250.9516946,55.79189358,43.16331244,81.04905587,2590.35,1459.01,87622.64 - 89460.17 | bar 335 | 2025-02-26 04:00:00,,,,,,,
2025-03-01 08:00:00,84349.95,85678.11,83824.78,85330.84,-2124.351306,-2551.183801,426.8324946,68.91050009,51.74570832,103.2400836,2409.26,1466.45,87622.64 - 89460.17 | bar 335 | 2025-02-26 04:00:00,,,,,,,
2025-03-01 12:00:00,85330.83,86558,84740.15,84740.15,-1925.861166,-2426.119274,500.2581079,71.9726069,58.48800785,98.941805,2314.54,1462.15,87622.64 - 89460.17 | bar 335 | 2025-02-26 04:00:00,,,,,,,
2025-03-01 16:00:00,84740.16,85508.79,84382.62,84632.79,-1756.966143,-2292.288648,535.3225051,73.58281977,63.51961182,93.70923566,2292.15,1455.08,87622.64 - 89460.17 | bar 335 | 2025-02-26 04:00:00,,,,,,,
2025-03-01 20:00:00,84632.79,84943.08,84334.39,84800,-1591.279886,-2152.086895,560.8070092,75.32786319,67.45569561,91.07219835,2189.72,1440.01,87622.64 - 89460.17 | bar 335 | 2025-02-26 04:00:00,,,,,,,
2025-03-02 00:00:00,84800.01,85591.84,84700,85485.41,-1388.657892,-1999.401095,610.743203,79.24404854,71.38514659,94.96185245,2165.45,1438.12,87622.64 - 89460.17 | bar 335 | 2025-02-26 04:00:00,,,,,,,
2025-03-02 04:00:00,85485.41,86262.74,85285.88,86064.53,-1167.885698,-1833.098015,665.2123175,83.6252638,75.46518566,99.94542008,2081.29,1424.99,87622.64 - 89460.17 | bar 335 | 2025-02-26 04:00:00,,,,,,,
2025-03-02 08:00:00,86064.54,86498,85611.79,85873.07,-996.8799538,-1665.854403,668.9744491,82.29117649,77.74051594,91.39249761,1996.25,1417.49,87622.64 - 89460.17 | bar 335 | 2025-02-26 04:00:00,78258.52 - 80854.46 | bar 350 | 2025-02-28 16:00:00,,,,,,
2025-03-02 12:00:00,85873.06,86589.97,85531.87,86232.42,-822.8745424,-1497.258431,674.3838884,84.20801301,79.89634829,92.83134244,1913.87,1408.78,87622.64 - 89460.17 | bar 335 | 2025-02-26 04:00:00,78258.52 - 80854.46 | bar 350 | 2025-02-28 16:00:00,,,,,,
2025-03-02 16:00:00,86232.42,86263.23,85633.13,86105.89,-687.26159,-1335.259063,647.9974727,83.63660496,81.14310052,88.62361384,1575.96,1404.15,87622.64 - 89460.17 | bar 335 | 2025-02-26 04:00:00,78258.52 - 80854.46 | bar 350 | 2025-02-28 16:00:00,,,,,,
2025-03-02 20:00:00,86105.88,88673.09,85050.6,87427.99,-467.7134183,-1161.749934,694.0365155,79.5252246,80.60380854,77.3680567,1681.17,1418.04,87622.64 - 89460.17 | bar 335 | 2025-02-26 04:00:00,78258.52 - 80854.46 | bar 350 | 2025-02-28 16:00:00,,,,,,
2025-03-03 00:00:00,87428,95000,87278.51,93522,195.7591769,-890.2481116,1086.007289,81.73094214,80.97951974,83.23378694,2047.28,1452.71,96150.00 - 99444.02 | bar 209 | 2025-02-05 04:00:00,78258.52 - 80854.46 | bar 350 | 2025-02-28 16:00:00,,,,,,
2025-03-03 04:00:00,93522.01,94883.51,93502,94270,773.01253,-557.5959833,1330.608513,85.53915208,82.49939719,91.61866188,1835.21,1449.69,96150.00 - 99444.02 | bar 209 | 2025-02-05 04:00:00,78258.52 - 80854.46 | bar 350 | 2025-02-28 16:00:00,,,,,,
2025-03-03 08:00:00,94269.99,94416.46,92433.5,92709.98,1092.021254,-227.6725359,1319.69379,82.94836676,82.64905371,83.54699286,1839.47,1453.17,96150.00 - 99444.02 | bar 209 | 2025-02-05 04:00:00,78258.52 - 80854.46 | bar 350 | 2025-02-28 16:00:00,,,,,,
2025-03-03 12:00:00,92709.98,93361.46,91181,92363.58,1301.879128,78.23779693,1223.641331,79.79948407,81.69919717,76.00005789,1909.86,1452.74,96150.00 - 99444.02 | bar 209 | 2025-02-05 04:00:00,78258.52 - 80854.46 | bar 350 | 2025-02-28 16:00:00,,,,,,
2025-03-03 16:00:00,92363.58,92917.99,91142,92739.99,1481.48847,358.8879316,1122.600539,78.96131002,80.78656812,75.31079382,1904.34,1456.66,96150.00 - 99444.02 | bar 209 | 2025-02-05 04:00:00,78258.52 - 80854.46 | bar 350 | 2025-02-28 16:00:00,,,,,,
2025-03-03 20:00:00,92740,93721.37,89117,90035.37,1389.571818,565.0247089,824.5471092,69.34127739,76.97147121,54.08088975,2103.37,1475.20,96150.00 - 99444.02 | bar 209 | 2025-02-05 04:00:00,78258.52 - 80854.46 | bar 350 | 2025-02-28 16:00:00,,,,,,
2025-03-04 00:00:00,90035.38,91000,85555.45,85606,948.3817139,641.6961099,306.685604,48.08826698,67.34373647,9.577328013,2411.83,1498.32,96150.00 - 99444.02 | bar 209 | 2025-02-05 04:00:00,78258.52 - 80854.46 | bar 350 | 2025-02-28 16:00:00,,,,,,
2025-03-04 04:00:00,85606.01,87038.46,85117.11,86220.61,640.9409005,641.545068,-0.6041675272,35.97871252,56.88872848,-5.84131941,2505.59,1501.63,96150.00 - 99444.02 | bar 209 | 2025-02-05 04:00:00,78258.52 - 80854.46 | bar 350 | 2025-02-28 16:00:00,,,,,,
2025-03-04 08:00:00,86221.16,86807.98,82464.84,83983.72,214.322931,556.1006406,-341.7777096,28.02479415,47.26741704,-10.46045162,2752.11,1510.35,96150.00 - 99444.02 | bar 209 | 2025-02-05 04:00:00,78258.52 - 80854.46 | bar 350 | 2025-02-28 16:00:00,,,,,,
2025-03-04 12:00:00,83983.73,84581.6,83140,83186.4,-185.9682181,407.6868689,-593.655087,20.61995745,38.38493051,-14.90998868,2785.31,1507.99,96150.00 - 99444.02 | bar 209 | 2025-02-05 04:00:00,78258.52 - 80854.46 | bar 350 | 2025-02-28 16:00:00,,,,,,
2025-03-04 16:00:00,83186.4,84373.84,83040.29,83937.94,-437.515435,238.6464081,-676.1618431,17.85514688,31.5416693,-9.517897961,2817.26,1504.55,96150.00 - 99444.02 | bar 209 | 2025-02-05 04:00:00,78258.52 - 80854.46 | bar 350 | 2025-02-28 16:00:00,,,,,,
2025-03-04 20:00:00,83937.93,84977.65,81500,82985.06,-705.6238764,49.79235119,-755.4162276,15.95387732,26.34573864,-4.829845329,2990.09,1517.95,96150.00 - 99444.02 | bar 209 | 2025-02-05 04:00:00,78258.52 - 80854.46 | bar 350 | 2025-02-28 16:00:00,,,,,,
2025-03-05 00:00:00,82985.05,88487.91,82013.11,88206.19,-491.1386509,-58.39384923,-432.7448017,28.92680267,27.20609332,32.36822139,3407.57,1547.28,96150.00 - 99444.02 | bar 209 | 2025-02-05 04:00:00,78258.52 - 80854.46 | bar 350 | 2025-02-28 16:00:00,,,,,,
2025-03-05 04:00:00,88206.19,88967.52,86582.27,87281.98,-391.223803,-124.95984,-266.263963,35.05467109,29.82228591,45.51944145,3319.19,1550.22,96150.00 - 99444.02 | bar 209 | 2025-02-05 04:00:00,78258.52 - 80854.46 | bar 350 | 2025-02-28 16:00:00,,,,,,
2025-03-05 08:00:00,87281.98,87888.88,86334.53,86843.4,-343.4709871,-168.6620694,-174.8089177,42.11855266,33.92104149,58.51357499,2878.68,1551.74,96150.00 - 99444.02 | bar 209 | 2025-02-05 04:00:00,78258.52 - 80854.46 | bar 350 | 2025-02-28 16:00:00,,,,,,
2025-03-05 12:00:00,86843.4,87727.27,86722.81,87619.49,-240.2332996,-182.9763155,-57.25698415,55.39506506,41.07904935,84.02709648,2851.75,1551.13,96150.00 - 99444.02 | bar 209 | 2025-02-05 04:00:00,78258.52 - 80854.46 | bar 350 | 2025-02-28 16:00:00,,,,,,
2025-03-05 16:00:00,87619.49,90660,87600,89814.26,18.46999746,-142.6870529,161.1570503,67.18572023,49.78127297,101.9946147,2928.68,1560.93,96150.00 - 99444.02 | bar 209 | 2025-02-05 04:00:00,78258.52 - 80854.46 | bar 350 | 2025-02-28 16:00:00,,,,,,
2025-03-05 20:00:00,89814.26,90933.82,87926.06,88344.25,103.6815265,-93.41333699,197.0948635,68.9738615,56.17880248,94.56397954,2987.77,1571.76,96150.00 - 99444.02 | bar 209 | 2025-02-05 04:00:00,78258.52 - 80854.46 | bar 350 | 2025-02-28 16:00:00,,,,,,
2025-03-06 00:00:00,88344.25,90475.3,87600,89750,281.4007413,-18.45052133,299.8512626,75.13301392,62.49687296,100.4052958,3066.30,1581.57,96150.00 - 99444.02 | bar 209 | 2025-02-05 04:00:00,78258.52 - 80854.46 | bar 350 | 2025-02-28 16:00:00,,,,,,
2025-03-06 04:00:00,89750,91000,89677.8,90606.01,485.7182943,82.38324179,403.3350525,82.03958823,69.01111139,108.0965419,2831.85,1578.65,96150.00 - 99444.02 | bar 209 | 2025-02-05 04:00:00,78258.52 - 80854.46 | bar 350 | 2025-02-28 16:00:00,,,,,,
2025-03-06 08:00:00,90606,92025,89986.73,91605.01,719.9532057,209.8972346,510.0559711,86.62808807,74.88343695,110.1173903,2588.55,1571.58,96150.00 - 99444.02 | bar 209 | 2025-02-05 04:00:00,78258.52 - 80854.46 | bar 350 | 2025-02-28 16:00:00,,,,,,
2025-03-06 12:00:00,91605.02,92810.64,91265.96,91346.48,874.6425156,342.8462908,531.7962249,83.54918075,77.77201822,95.10350582,2561.64,1574.69,96150.00 - 99444.02 | bar 209 | 2025-02-05 04:00:00,83040.29 - 84373.84 | bar 374 | 2025-03-04 16:00:00,,,,,,
2025-03-06 16:00:00,91346.49,91667.5,90613.17,91350,986.1512056,471.5072738,514.6439319,81.51469374,79.01957673,86.50492778,2326.73,1577.04,96150.00 - 99444.02 | bar 209 | 2025-02-05 04:00:00,83040.29 - 84373.84 | bar 374 | 2025-03-04 16:00:00,,,,,,
2025-03-06 20:00:00,91350,91457.03,89117.68,90820.69,1020.053214,581.2164618,438.8367522,76.7806808,78.27327808,73.79548624,2390.85,1586.38,96150.00 - 99444.02 | bar 209 | 2025-02-05 04:00:00,83040.29 - 84373.84 | bar 374 | 2025-03-04 16:00:00,,,,,,
2025-03-07 00:00:00,90820.69,91066.44,87836,88526.18,851.9522437,635.3636182,216.5886255,57.1120485,71.21953489,28.89707573,2526.35,1598.21,96150.00 - 99444.02 | bar 209 | 2025-02-05 04:00:00,83040.29 - 84373.84 | bar 374 | 2025-03-04 16:00:00,,,,,,
2025-03-07 04:00:00,88526.23,90781.2,88461.22,89931.89,822.6767571,672.826246,149.8505111,52.99218834,65.14375271,28.68905962,2443.66,1606.82,96150.00 - 99444.02 | bar 209 | 2025-02-05 04:00:00,83040.29 - 84373.84 | bar 374 | 2025-03-04 16:00:00,,,,,,
2025-03-07 08:00:00,89931.88,91283.02,84667.03,86991.25,555.7839199,649.4177807,-93.63386083,44.84159686,58.37636743,17.77205573,2453.74,1635.65,96150.00 - 99444.02 | bar 209 | 2025-02-05 04:00:00,83040.29 - 84373.84 | bar 374 | 2025-03-04 16:00:00,,,,,,
2025-03-07 12:00:00,86991.26,88612.96,86857.14,88365.18,449.9473789,609.5237004,-159.5763215,45.03162411,53.92811965,27.23863302,2408.78,1637.48,91265.96 - 92810.64 | bar 385 | 2025-03-06 12:00:00,83040.29 - 84373.84 | bar 374 | 2025-03-04 16:00:00,,,,,,
2025-03-07 16:00:00,88365.19,89704,87985.3,88966.96,409.9046487,569.59989,-159.6952413,47.6215081,51.8259158,39.2126927,2420.52,1634.53,91265.96 - 92810.64 | bar 385 | 2025-03-06 12:00:00,83040.29 - 84373.84 | bar 374 | 2025-03-04 16:00:00,,,,,,
2025-03-07 20:00:00,88966.96,91100,88022.47,88457.99,333.2592658,522.3317652,-189.0724994,47.26478712,50.30553958,41.18328222,2568.60,1642.50,91265.96 - 92810.64 | bar 385 | 2025-03-06 12:00:00,83040.29 - 84373.84 | bar 374 | 2025-03-04 16:00:00,,,,,,
2025-03-08 00:00:00,88457.99,89023.41,86554.77,87820.1,218.525826,461.5705774,-243.0447513,46.52346907,49.04484941,41.4807084,2526.36,1647.56,91265.96 - 92810.64 | bar 385 | 2025-03-06 12:00:00,83040.29 - 84373.84 | bar 374 | 2025-03-04 16:00:00,,,,,,
2025-03-08 04:00:00,87820.09,88511,85573.07,86801.75,44.90873416,378.2382087,-333.3294746,41.49537113,46.52835665,31.4294001,2521.37,1655.84,91265.96 - 92810.64 | bar 385 | 2025-03-06 12:00:00,83040.29 - 84373.84 | bar 374 | 2025-03-04 16:00:00,,,,,,
2025-03-08 08:00:00,86801.74,86897.25,85218.47,85919.12,-162.0370641,270.1831541,-432.2202183,33.97198408,42.34289913,17.230154,2435.90,1651.54,91265.96 - 92810.64 | bar 385 | 2025-03-06 12:00:00,83040.29 - 84373.84 | bar 374 | 2025-03-04 16:00:00,,,,,,
2025-03-08 12:00:00,85919.12,86662,85653.66,86197.14,-300.1492757,156.1166682,-456.2659439,30.3571405,38.34764625,14.376129,2413.48,1644.18,91265.96 - 92810.64 | bar 385 | 2025-03-06 12:00:00,83040.29 - 84373.84 | bar 374 | 2025-03-04 16:00:00,,,,,,
2025-03-08 16:00:00,86197.14,86450.01,85762.72,85955.88,-424.1821563,40.05690328,-464.2390596,26.73170485,34.47566579,11.24378299,2316.99,1614.86,91265.96 - 92810.64 | bar 385 | 2025-03-06 12:00:00,83040.29 - 84373.84 | bar 374 | 2025-03-04 16:00:00,,,,,,
2025-03-08 20:00:00,85955.89,86627.51,85808.82,86400,-481.0965539,-64.17378815,-416.9227657,24.51741004,31.15624721,11.23973572,2265.13,1605.05,91265.96 - 92810.64 | bar 385 | 2025-03-06 12:00:00,83040.29 - 84373.84 | bar 374 | 2025-03-04 16:00:00,,,,,,
2025-03-09 00:00:00,86400,86500,85661.76,86233.52,-533.4854801,-158.0361265,-375.4493536,22.09769484,28.13672975,10.01962502,2249.69,1603.49,91265.96 - 92810.64 | bar 385 | 2025-03-06 12:00:00,83040.29 - 84373.84 | bar 374 | 2025-03-04 16:00:00,,,,,,
2025-03-09 04:00:00,86233.52,86500,85852.12,86222.45,-569.3344054,-240.2957823,-329.0386231,20.42181259,25.5650907,10.13525638,2128.87,1579.88,91265.96 - 92810.64 | bar 385 | 2025-03-06 12:00:00,83040.29 - 84373.84 | bar 374 | 2025-03-04 16:00:00,,,,,,
2025-03-09 08:00:00,86222.46,86500,85939.85,86115.71,-599.4479007,-312.126206,-287.3216947,21.47484964,24.20167701,16.02119491,1938.14,1563.48,91265.96 - 92810.64 | bar 385 | 2025-03-06 12:00:00,83040.29 - 84373.84 | bar 374 | 2025-03-04 16:00:00,,,,,,
2025-03-09 12:00:00,86115.71,86158.83,85809.48,86004.61,-625.072458,-374.7154564,-250.3570016,22.27539039,23.55958147,19.70700823,1797.38,1557.31,91265.96 - 92810.64 | bar 385 | 2025-03-06 12:00:00,83040.29 - 84373.84 | bar 374 | 2025-03-04 16:00:00,,,,,,
2025-03-09 16:00:00,86004.61,86098,84625.01,85024.01,-716.2498466,-443.0223344,-273.2275122,20.7035152,22.60755938,16.89542684,1430.02,1558.69,91265.96 - 92810.64 | bar 385 | 2025-03-06 12:00:00,83040.29 - 84373.84 | bar 374 | 2025-03-04 16:00:00,,,,,,
2025-03-09 20:00:00,85024,85058.34,82711.5,83080.41,-934.5677455,-541.3314167,-393.2363288,16.915114,20.71007759,9.325186829,1472.24,1557.75,91265.96 - 92810.64 | bar 385 | 2025-03-06 12:00:00,83040.29 - 84373.84 | bar 374 | 2025-03-04 16:00:00,,,,,,
2025-03-10 00:00:00,83080.4,83758.22,82223,82640.86,-1130.028005,-659.0707344,-470.9572709,14.43910731,18.61975416,6.077813593,1459.13,1557.50,91265.96 - 92810.64 | bar 385 | 2025-03-06 12:00:00,78258.52 - 80854.46 | bar 350 | 2025-02-28 16:00:00,,,,,,
2025-03-10 04:00:00,82640.86,83539.66,80000,80734.37,-1422.373246,-811.7312367,-610.6420092,13.31961557,16.8530413,6.25276411,1492.14,1564.50,91265.96 - 92810.64 | bar 385 | 2025-03-06 12:00:00,78258.52 - 80854.46 | bar 350 | 2025-02-28 16:00:00,,,,,,
2025-03-10 08:00:00,80734.48,82744,80037.62,82047.49,-1530.458967,-955.4767828,-574.9821844,19.37969243,17.69525834,22.74856061,1509.12,1568.04,91265.96 - 92810.64 | bar 385 | 2025-03-06 12:00:00,78258.52 - 80854.46 | bar 350 | 2025-02-28 16:00:00,,,,,,
2025-03-10 12:00:00,82047.49,82797.95,81977.27,82318.77,-1576.059815,-1079.593389,-496.4664255,24.81092316,20.06714661,34.29847625,1357.89,1555.67,91265.96 - 92810.64 | bar 385 | 2025-03-06 12:00:00,78258.52 - 80854.46 | bar 350 | 2025-02-28 16:00:00,,,,,,
2025-03-10 16:00:00,82318.78,84123.46,81151,83582,-1493.055694,-1162.28585,-330.7698442,34.90984621,25.01471314,54.70011233,1450.30,1561.54,91265.96 - 92810.64 | bar 385 | 2025-03-06 12:00:00,78258.52 - 80854.46 | bar 350 | 2025-02-28 16:00:00,,,,,,
2025-03-10 20:00:00,83582,83771.94,79177.03,80043.85,-1693.254681,-1268.479616,-424.7750644,27.41170512,25.81371047,30.60769443,1706.48,1579.61,91265.96 - 92810.64 | bar 385 | 2025-03-06 12:00:00,78258.52 - 80854.46 | bar 350 | 2025-02-28 16:00:00,,,,,,
2025-03-11 00:00:00,80043.84,80250,77459.91,79060.84,-1909.226141,-1396.628921,-512.5972196,24.45226324,25.35989473,22.63700028,1856.68,1588.57,91265.96 - 92810.64 | bar 385 | 2025-03-06 12:00:00,78258.52 - 80854.46 | bar 350 | 2025-02-28 16:00:00,,,,,,
2025-03-11 04:00:00,79060.84,79886.03,78409.4,78595.86,-2093.769408,-1536.057019,-557.7123898,21.28477511,24.00152152,15.85128228,1903.68,1588.88,91265.96 - 92810.64 | bar 385 | 2025-03-06 12:00:00,78258.52 - 80854.46 | bar 350 | 2025-02-28 16:00:00,,,,,,
2025-03-11 08:00:00,78595.86,79938.27,76606,79522.29,-2140.590722,-1656.963759,-483.6269625,27.12103516,25.0413594,31.28038668,2081.82,1596.66,91265.96 - 92810.64 | bar 385 | 2025-03-06 12:00:00,78258.52 - 80854.46 | bar 350 | 2025-02-28 16:00:00,79522.29,77217.61,85653.66,,OPEN LONG,
2025-03-11 12:00:00,79522.29,80614.89,79439.9,80424.95,-2080.872825,-1741.745572,-339.1272527,35.01437959,28.36569947,48.31173984,2119.47,1594.78,91265.96 - 92810.64 | bar 385 | 2025-03-06 12:00:00,78258.52 - 80854.46 | bar 350 | 2025-02-28 16:00:00,79522.29,77217.61,85653.66,,RUNNING LONG,1.14%
2025-03-11 16:00:00,80424.94,82092.34,80325.22,81720.34,-1907.035694,-1774.803597,-132.2320976,46.02052626,34.25064173,69.56029532,2205.69,1598.30,91265.96 - 92810.64 | bar 385 | 2025-03-06 12:00:00,78258.52 - 80854.46 | bar 350 | 2025-02-28 16:00:00,79522.29,77217.61,85653.66,,RUNNING LONG,2.76%
2025-03-11 20:00:00,81720.33,82225.21,79058,81232.24,-1788.042664,-1777.45141,-10.59125366,51.19366252,39.89831533,73.7843569,2406.96,1608.32,91265.96 - 92810.64 | bar 385 | 2025-03-06 12:00:00,78258.52 - 80854.46 | bar 350 | 2025-02-28 16:00:00,79522.29,77217.61,85653.66,,RUNNING LONG,2.15%
2025-03-12 00:00:00,81232.23,83617.4,80609.96,83104.01,-1525.122966,-1726.985721,201.8627556,62.9420762,47.57956895,93.6670907,2516.56,1617.31,91265.96 - 92810.64 | bar 385 | 2025-03-06 12:00:00,78258.52 - 80854.46 | bar 350 | 2025-02-28 16:00:00,79522.29,77217.61,85653.66,,RUNNING LONG,4.50%
2025-03-12 04:00:00,83104.01,83306.87,82550.52,82932.99,-1315.394052,-1644.667387,329.2733358,71.39222875,55.51712222,103.1424418,2402.96,1610.54,91265.96 - 92810.64 | bar 385 | 2025-03-06 12:00:00,78258.52 - 80854.46 | bar 350 | 2025-02-28 16:00:00,79522.29,77217.61,85653.66,,RUNNING LONG,4.29%
2025-03-12 08:00:00,82932.99,83783.26,82100.61,82127.72,-1200.324343,-1555.798779,355.4744352,73.2393316,61.42452535,96.86894412,2413.49,1609.60,91265.96 - 92810.64 | bar 385 | 2025-03-06 12:00:00,78258.52 - 80854.46 | bar 350 | 2025-02-28 16:00:00,79522.29,77217.61,85653.66,,RUNNING LONG,3.28%
2025-03-12 12:00:00,82127.73,82541.47,81296,82447.79,-1070.958454,-1458.830714,387.8722596,75.95723392,66.26876154,95.3341787,2249.62,1609.36,91265.96 - 92810.64 | bar 385 | 2025-03-06 12:00:00,78258.52 - 80854.46 | bar 350 | 2025-02-28 16:00:00,79522.29,77217.61,85653.66,,RUNNING LONG,3.68%
2025-03-12 16:00:00,82447.78,83076.79,82000.29,83004.45,-912.992832,-1349.663137,436.6703054,80.35446366,70.96399558,99.13539982,2133.20,1607.76,91265.96 - 92810.64 | bar 385 | 2025-03-06 12:00:00,78258.52 - 80854.46 | bar 350 | 2025-02-28 16:00:00,79522.29,77217.61,85653.66,,RUNNING LONG,4.38%
2025-03-12 20:00:00,83004.45,84539.85,80607.65,81738.97,-879.7760872,-1255.685727,375.9096401,69.8717424,70.59991119,68.41540483,2355.45,1620.84,91265.96 - 92810.64 | bar 385 | 2025-03-06 12:00:00,78258.52 - 80854.46 | bar 350 | 2025-02-28 16:00:00,79522.29,77217.61,85653.66,,RUNNING LONG,2.79%
2025-03-13 00:00:00,81738.97,83165.46,81626.64,82915.93,-749.8370868,-1154.515999,404.6789125,70.03996961,70.41326399,69.29338083,2253.05,1622.85,91265.96 - 92810.64 | bar 385 | 2025-03-06 12:00:00,78258.52 - 80854.46 | bar 350 | 2025-02-28 16:00:00,79522.29,77217.61,85653.66,,RUNNING LONG,4.27%
2025-03-13 04:00:00,82915.94,83887.26,82709.36,83680.12,-578.526849,-1039.318169,460.7913202,74.79891003,71.875146,80.64643807,2008.97,1613.87,91265.96 - 92810.64 | bar 385 | 2025-03-06 12:00:00,78258.52 - 80854.46 | bar 350 | 2025-02-28 16:00:00,79522.29,77217.61,85653.66,83680.12,ATR MOVE EXIT,5.23%
2025-03-13 08:00:00,83680.12,84336.33,83312.92,83577.14,-445.9314564,-920.6408266,474.7093702,75.03836258,72.92955153,79.25598468,1882.78,1610.46,91265.96 - 92810.64 | bar 385 | 2025-03-06 12:00:00,78258.52 - 80854.46 | bar 350 | 2025-02-28 16:00:00,,,,,,
2025-03-13 12:00:00,83577.14,83709.03,82851,83151.99,-370.879437,-810.6885487,439.8091117,71.59399307,72.48436538,69.81324846,1838.60,1608.13,91265.96 - 92810.64 | bar 385 | 2025-03-06 12:00:00,78258.52 - 80854.46 | bar 350 | 2025-02-28 16:00:00,,,,,,
2025-03-13 16:00:00,83152,83522.61,82400.04,82975.86,-321.9017075,-712.9311805,391.0294729,67.80468941,70.92447339,61.56512146,1680.76,1611.02,91265.96 - 92810.64 | bar 385 | 2025-03-06 12:00:00,78258.52 - 80854.46 | bar 350 | 2025-02-28 16:00:00,,,,,,
2025-03-13 20:00:00,82975.86,83900,80954.29,81044.72,-433.9115011,-657.1272446,223.2157435,48.90817688,63.58570789,19.55311487,1807.24,1621.18,91265.96 - 92810.64 | bar 385 | 2025-03-06 12:00:00,78258.52 - 80854.46 | bar 350 | 2025-02-28 16:00:00,,,,,,
2025-03-14 00:00:00,81044.72,81264.73,79939.9,80211.4,-583.199271,-642.3416499,59.14237888,34.57286394,53.91475991,-4.110927979,1775.65,1625.66,91265.96 - 92810.64 | bar 385 | 2025-03-06 12:00:00,78258.52 - 80854.46 | bar 350 | 2025-02-28 16:00:00,,,,,,
2025-03-14 04:00:00,80210.4,81484.23,80189.89,81115.78,-621.3722044,-638.1477608,16.77555635,31.56953815,46.46635265,1.775909136,1641.87,1627.99,91265.96 - 92810.64 | bar 385 | 2025-03-06 12:00:00,78258.52 - 80854.46 | bar 350 | 2025-02-28 16:00:00,,,,,,
2025-03-14 08:00:00,81115.78,82270.51,80818.84,81888.77,-582.5355887,-627.0253264,44.48973767,35.82251427,42.91840652,21.63072975,1530.75,1630.24,91265.96 - 92810.64 | bar 385 | 2025-03-06 12:00:00,78258.52 - 80854.46 | bar 350 | 2025-02-28 16:00:00,,,,,,
2025-03-14 12:00:00,81888.77,82454.5,81780.08,82170.85,-522.9673503,-606.2137312,83.24638086,40.79653664,42.21111656,37.9673768,1524.89,1631.85,91265.96 - 92810.64 | bar 385 | 2025-03-06 12:00:00,78258.52 - 80854.46 | bar 350 | 2025-02-28 16:00:00,,,,,,
2025-03-14 16:00:00,82170.84,83348.46,82170.84,83253.15,-384.0000142,-561.7709878,177.7709736,52.31845196,45.58022836,65.79489914,1488.82,1633.04,91265.96 - 92810.64 | bar 385 | 2025-03-06 12:00:00,78258.52 - 80854.46 | bar 350 | 2025-02-28 16:00:00,,,,,,
2025-03-14 20:00:00,83253.15,85309.71,82640.59,84724.58,-153.3673718,-480.0902646,326.7228928,64.58008092,51.91351255,89.91321767,1590.51,1643.66,91265.96 - 92810.64 | bar 385 | 2025-03-06 12:00:00,78258.52 - 80854.46 | bar 350 | 2025-02-28 16:00:00,,,,,,
2025-03-15 00:00:00,84724.58,84950,83949.19,84554,15.46797331,-380.978617,396.4465903,71.69561733,58.50754747,98.07175704,1585.10,1644.74,91265.96 - 92810.64 | bar 385 | 2025-03-06 12:00:00,79939.90 - 81264.73 | bar 430 | 2025-03-14 00:00:00,,,,,,
2025-03-15 04:00:00,84554,84554.01,83717.69,83983.2,102.0362013,-284.3756533,386.4118546,72.89604199,63.30371231,92.08070135,1363.97,1643.90,91265.96 - 92810.64 | bar 385 | 2025-03-06 12:00:00,79939.90 - 81264.73 | bar 430 | 2025-03-14 00:00:00,,,,,,
2025-03-15 08:00:00,83983.19,84676.28,83964.57,84491.99,209.2847423,-185.6435742,394.9283165,76.85466156,67.8206954,94.92259388,1304.89,1644.06,91265.96 - 92810.64 | bar 385 | 2025-03-06 12:00:00,79939.90 - 81264.73 | bar 430 | 2025-03-14 00:00:00,,,,,,
2025-03-15 12:00:00,84492,84559,83791.09,83827.31,237.9034597,-100.9341674,338.8376271,74.9183934,70.18659473,84.38199073,1275.61,1637.67,91265.96 - 92810.64 | bar 385 | 2025-03-06 12:00:00,79939.90 - 81264.73 | bar 430 | 2025-03-14 00:00:00,,,,,,
2025-03-15 16:00:00,83827.32,84184.58,83618,84103.74,279.6657772,-24.81417852,304.4799557,74.32765668,71.56694871,79.84907262,1242.97,1631.12,91265.96 - 92810.64 | bar 385 | 2025-03-06 12:00:00,79939.90 - 81264.73 | bar 430 | 2025-03-14 00:00:00,,,,,,
2025-03-15 20:00:00,84103.74,84499.74,84010.58,84346.02,328.5256467,45.85378653,282.6718602,73.78415053,72.30601599,76.74041962,1216.63,1628.53,91265.96 - 92810.64 | bar 385 | 2025-03-06 12:00:00,79939.90 - 81264.73 | bar 430 | 2025-03-14 00:00:00,,,,,,
2025-03-16 00:00:00,84346.03,84498.72,84076.92,84299.98,359.3895827,108.5609458,250.8286369,71.79990603,72.13731267,71.12509276,1166.57,1627.66,91265.96 - 92810.64 | bar 385 | 2025-03-06 12:00:00,79939.90 - 81264.73 | bar 430 | 2025-03-14 00:00:00,,,,,,
2025-03-16 04:00:00,84299.99,84467.7,84237.58,84338.44,382.5431555,163.3573877,219.1857678,69.07022169,71.11494901,64.98076706,972.60,1621.42,91265.96 - 92810.64 | bar 385 | 2025-03-06 12:00:00,79939.90 - 81264.73 | bar 430 | 2025-03-14 00:00:00,,,,,,
2025-03-16 08:00:00,84338.44,84393.72,83733.86,84332.34,395.8373433,209.8533788,185.9839645,63.92319084,68.71769629,54.33417994,925.10,1620.84,91265.96 - 92810.64 | bar 385 | 2025-03-06 12:00:00,79939.90 - 81264.73 | bar 430 | 2025-03-14 00:00:00,,,,,,
2025-03-16 12:00:00,84332.35,84418,83972.57,84273.96,397.0849566,247.2996944,149.7852622,63.27665923,66.90401727,56.02194316,864.47,1621.25,91265.96 - 92810.64 | bar 385 | 2025-03-06 12:00:00,79939.90 - 81264.73 | bar 430 | 2025-03-14 00:00:00,,,,,,
2025-03-16 16:00:00,84273.95,84335.43,82381.46,82410.02,244.8468763,246.8091308,-1.962254435,42.59928684,58.80244046,10.1929796,900.34,1627.36,91265.96 - 92810.64 | bar 385 | 2025-03-06 12:00:00,79939.90 - 81264.73 | bar 430 | 2025-03-14 00:00:00,,,,,,
2025-03-16 20:00:00,82410.01,83508.95,82400,83320.83,195.4389573,236.5350961,-41.09613877,42.77920683,53.46136258,21.41489533,931.38,1628.30,91265.96 - 92810.64 | bar 385 | 2025-03-06 12:00:00,79939.90 - 81264.73 | bar 430 | 2025-03-14 00:00:00,,,,,,
2025-03-17 00:00:00,83320.83,85117.04,82562.36,83098.47,136.763705,216.5808179,-79.81711286,37.25631435,48.05967984,15.64958338,1029.74,1638.86,91265.96 - 92810.64 | bar 385 | 2025-03-06 12:00:00,79939.90 - 81264.73 | bar 430 | 2025-03-14 00:00:00,,,,,,
2025-03-17 04:00:00,83098.47,83453.01,81981.12,82574.53,47.43872152,182.7523986,-135.3136771,31.14520806,42.42152258,8.592579028,944.23,1638.40,91265.96 - 92810.64 | bar 385 | 2025-03-06 12:00:00,79939.90 - 81264.73 | bar 430 | 2025-03-14 00:00:00,,,,,,
2025-03-17 08:00:00,82574.52,83725.39,82523,83675.65,64.75278037,159.152475,-94.39969459,38.77551742,41.20618753,33.9141772,958.63,1633.57,91265.96 - 92810.64 | bar 385 | 2025-03-06 12:00:00,79939.90 - 81264.73 | bar 430 | 2025-03-14 00:00:00,,,,,,
2025-03-17 12:00:00,83675.64,83869.77,82682.62,83567.87,68.982168,141.1184136,-72.13624556,42.71674035,41.70970513,44.73081077,983.69,1631.58,91265.96 - 92810.64 | bar 385 | 2025-03-06 12:00:00,79939.90 - 81264.73 | bar 430 | 2025-03-14 00:00:00,,,,,,
2025-03-17 16:00:00,83567.88,83783.02,83220.11,83514.73,67.2705809,126.348847,-59.07826613,44.77936945,42.73292657,48.87225521,973.06,1628.58,91265.96 - 92810.64 | bar 385 | 2025-03-06 12:00:00,79939.90 - 81264.73 | bar 430 | 2025-03-14 00:00:00,,,,,,
2025-03-17 20:00:00,83514.73,84000,82456,83531.06,66.46565562,114.3722088,-47.90655313,46.32803563,43.93129626,51.12151438,1028.49,1631.69,91265.96 - 92810.64 | bar 385 | 2025-03-06 12:00:00,79939.90 - 81264.73 | bar 430 | 2025-03-14 00:00:00,,,,,,
2025-03-18 00:00:00,83531.07,84756.83,83103.6,84482.55,140.979909,119.6937488,21.28616017,57.47436446,48.44565233,75.53178873,1106.11,1637.18,91265.96 - 92810.64 | bar 385 | 2025-03-06 12:00:00,79939.90 - 81264.73 | bar 430 | 2025-03-14 00:00:00,,,,,,
2025-03-18 04:00:00,84482.55,84506.8,83746.12,84010.03,160.0595102,127.7669011,32.29260912,59.8825882,52.25796429,75.13183604,1125.50,1628.26,91265.96 - 92810.64 | bar 385 | 2025-03-06 12:00:00,79939.90 - 81264.73 | bar 430 | 2025-03-14 00:00:00,,,,,,
2025-03-18 08:00:00,84010.02,84021.74,82960,83147.6,104.386041,123.0907291,-18.70468809,52.3208513,52.27892662,52.40470065,1171.21,1620.67,91265.96 - 92810.64 | bar 385 | 2025-03-06 12:00:00,79939.90 - 81264.73 | bar 430 | 2025-03-14 00:00:00,,,,,,
2025-03-18 12:00:00,83147.6,83280,82244.68,83163.81,60.87074693,110.6467326,-49.77598569,49.08342014,51.21375779,44.82274482,1228.73,1619.52,91265.96 - 92810.64 | bar 385 | 2025-03-06 12:00:00,79939.90 - 81264.73 | bar 430 | 2025-03-14 00:00:00,,,,,,
2025-03-18 16:00:00,83163.81,83452.3,82500,82581.1,-20.40010448,84.43736521,-104.8374697,37.18618551,46.53790037,18.4827558,1249.62,1620.70,91265.96 - 92810.64 | bar 385 | 2025-03-06 12:00:00,79939.90 - 81264.73 | bar 430 | 2025-03-14 00:00:00,,,,,,
2025-03-18 20:00:00,82581.09,82821.6,81134.66,81610.21,-161.2912832,35.29163553,-196.5829187,29.16708043,40.74762705,6.005987176,1338.30,1620.31,91265.96 - 92810.64 | bar 385 | 2025-03-06 12:00:00,79939.90 - 81264.73 | bar 430 | 2025-03-14 00:00:00,,,,,,
2025-03-19 00:00:00,81610.22,82476.26,81245.65,82317.21,-213.4391721,-14.45452599,-198.9846461,30.32723914,37.27416442,16.4333886,1286.63,1622.78,83103.60 - 84756.83 | bar 454 | 2025-03-18 00:00:00,79939.90 - 81264.73 | bar 430 | 2025-03-14 00:00:00,,,,,,
2025-03-19 04:00:00,82317.2,82810.95,81870.23,82715.03,-220.1284962,-55.58932003,-164.5391762,34.76165131,36.43666005,31.41163384,1274.61,1621.77,83103.60 - 84756.83 | bar 454 | 2025-03-18 00:00:00,79939.90 - 81264.73 | bar 430 | 2025-03-14 00:00:00,,,,,,
2025-03-19 08:00:00,82715.03,83280,82547.16,83037.17,-197.163055,-83.90406702,-113.258988,40.68244736,37.85192249,46.34349711,1144.48,1619.71,83103.60 - 84756.83 | bar 454 | 2025-03-18 00:00:00,79939.90 - 81264.73 | bar 430 | 2025-03-14 00:00:00,,,,,,
2025-03-19 12:00:00,83037.17,83364.16,82792.91,83190,-164.7317486,-100.0696033,-64.66214526,47.43850256,41.04744918,60.22060933,1080.15,1616.69,83103.60 - 84756.83 | bar 454 | 2025-03-18 00:00:00,79939.90 - 81264.73 | bar 430 | 2025-03-14 00:00:00,,,,,,
2025-03-19 16:00:00,83190,84119.09,83178.74,83881.4,-82.29090457,-96.51386358,14.22295901,62.30422341,48.13304059,90.64658905,1061.43,1617.23,83103.60 - 84756.83 | bar 454 | 2025-03-18 00:00:00,79939.90 - 81264.73 | bar 430 | 2025-03-14 00:00:00,,,,,,
2025-03-19 20:00:00,83881.4,84888,83510.21,84733.05,51.17518012,-66.97605484,118.151235,73.49337459,56.58648526,107.3071533,1075.05,1620.68,83103.60 - 84756.83 | bar 454 | 2025-03-18 00:00:00,81134.66 - 82821.60 | bar 459 | 2025-03-18 20:00:00,,,,,,
2025-03-20 00:00:00,84733.05,85950,83578.32,85433.38,211.0262131,-11.37560126,222.4018143,78.75270648,63.97522566,108.3076681,1204.25,1630.56,91265.96 - 92810.64 | bar 385 | 2025-03-06 12:00:00,81134.66 - 82821.60 | bar 459 | 2025-03-18 20:00:00,,,,,,
2025-03-20 04:00:00,85433.38,87000,85200.1,86845.94,446.5436182,80.20824264,366.3353756,84.95959875,70.97001669,112.9387629,1222.52,1632.98,91265.96 - 92810.64 | bar 385 | 2025-03-06 12:00:00,81134.66 - 82821.60 | bar 459 | 2025-03-18 20:00:00,,,,,,
2025-03-20 08:00:00,86845.93,87453.67,85619.56,85891.02,549.8010312,174.1268004,375.6742308,81.58257525,74.50753621,95.73265333,1235.44,1630.49,91265.96 - 92810.64 | bar 385 | 2025-03-06 12:00:00,81134.66 - 82821.60 | bar 459 | 2025-03-18 20:00:00,,,,,,
2025-03-20 12:00:00,85891.01,86013.05,85430.38,85816.39,618.4817846,262.9977972,355.4839874,77.9470976,75.65405668,82.53317946,1222.73,1625.57,91265.96 - 92810.64 | bar 385 | 2025-03-06 12:00:00,81134.66 - 82821.60 | bar 459 | 2025-03-18 20:00:00,,,,,,
2025-03-20 16:00:00,85816.39,86300,84755.14,85502.17,640.1772833,338.4336944,301.7435889,72.04016893,74.44942743,67.22165193,1257.24,1629.55,91265.96 - 92810.64 | bar 385 | 2025-03-06 12:00:00,81134.66 - 82821.60 | bar 459 | 2025-03-18 20:00:00,,,,,,
2025-03-20 20:00:00,85502.16,86532.04,84565.16,84691.76,585.2316223,387.79328,197.4383423,61.60718248,70.16867911,44.48418922,1323.78,1637.21,91265.96 - 92810.64 | bar 385 | 2025-03-06 12:00:00,81134.66 - 82821.60 | bar 459 | 2025-03-18 20:00:00,,,,,,
2025-03-21 00:00:00,84691.27,84908,83655.23,84174.79,494.2739492,409.0894138,85.1845354,48.83805389,63.05847071,20.39722027,1345.24,1641.33,91265.96 - 92810.64 | bar 385 | 2025-03-06 12:00:00,81134.66 - 82821.60 | bar 459 | 2025-03-18 20:00:00,,,,,,
2025-03-21 04:00:00,84176.87,84609.21,83922.01,84223.39,421.2549866,411.5225284,9.732458198,38.58708038,54.9013406,5.958559953,1273.83,1642.08,91265.96 - 92810.64 | bar 385 | 2025-03-06 12:00:00,81134.66 - 82821.60 | bar 459 | 2025-03-18 20:00:00,,,,,,
2025-03-21 08:00:00,84223.38,84850.33,84180.09,84451.96,377.4792753,404.7138778,-27.23460251,33.23922432,47.68063517,4.356402619,1233.80,1643.38,91265.96 - 92810.64 | bar 385 | 2025-03-06 12:00:00,81134.66 - 82821.60 | bar 459 | 2025-03-18 20:00:00,,,,,,
2025-03-21 12:00:00,84451.97,84798.93,83700.47,83937.98,297.8790538,383.346913,-85.46785914,24.64076467,40.00067834,-6.079062666,1245.07,1647.24,91265.96 - 92810.64 | bar 385 | 2025-03-06 12:00:00,81134.66 - 82821.60 | bar 459 | 2025-03-18 20:00:00,,,,,,
2025-03-21 16:00:00,83937.99,84337.66,83732.09,84046.52,240.7780365,354.8331377,-114.0551012,19.86095452,33.28743707,-6.992010562,1235.98,1648.80,91265.96 - 92810.64 | bar 385 | 2025-03-06 12:00:00,81134.66 - 82821.60 | bar 459 | 2025-03-18 20:00:00,,,,,,
2025-03-21 20:00:00,84046.52,84358.51,83175.25,83565.48,154.9233016,314.8511705,-159.9278689,17.11566775,27.8968473,-4.446691331,1279.70,1652.37,91265.96 - 92810.64 | bar 385 | 2025-03-06 12:00:00,81134.66 - 82821.60 | bar 459 | 2025-03-18 20:00:00,,,,,,
2025-03-22 00:00:00,83565.47,84435.87,83379,83956.36,117.0739988,275.2957361,-158.2217373,19.16696256,24.98688572,7.527116236,1288.02,1656.01,85619.56 - 87453.67 | bar 468 | 2025-03-20 08:00:00,81134.66 - 82821.60 | bar 459 | 2025-03-18 20:00:00,,,,,,
2025-03-22 04:00:00,83956.35,84584,83813.21,84088.79,96.65002652,239.5665942,-142.9165677,21.84953845,23.94110329,17.66640875,1244.66,1656.41,85619.56 - 87453.67 | bar 468 | 2025-03-20 08:00:00,81134.66 - 82821.60 | bar 459 | 2025-03-18 20:00:00,,,,,,
2025-03-22 08:00:00,84088.79,84338.98,83989.58,84256.74,92.94463484,210.2422023,-117.2975675,35.37124522,27.7511506,50.61143446,1100.21,1655.36,85619.56 - 87453.67 | bar 468 | 2025-03-20 08:00:00,81134.66 - 82821.60 | bar 459 | 2025-03-18 20:00:00,,,,,,
2025-03-22 12:00:00,84256.73,84429.09,84153.21,84274.72,90.41665406,186.2770927,-95.86043862,45.45978518,33.6540288,69.07129796,991.35,1650.56,85619.56 - 87453.67 | bar 468 | 2025-03-20 08:00:00,81134.66 - 82821.60 | bar 459 | 2025-03-18 20:00:00,,,,,,
2025-03-22 16:00:00,84274.71,84539.17,84109,84239.25,84.57613745,165.9369016,-81.36076418,51.47964156,39.59589972,75.24712523,891.07,1649.64,85619.56 - 87453.67 | bar 468 | 2025-03-20 08:00:00,81134.66 - 82821.60 | bar 459 | 2025-03-18 20:00:00,,,,,,
2025-03-22 20:00:00,84239.24,84296.39,83975.42,84109.09,68.65326959,146.4801752,-77.82690563,53.49102631,44.22760858,72.01786177,872.38,1647.92,85619.56 - 87453.67 | bar 468 | 2025-03-20 08:00:00,81134.66 - 82821.60 | bar 459 | 2025-03-18 20:00:00,,,,,,
2025-03-23 00:00:00,84109.08,84320,84063.53,84171.59,60.38146977,129.2604341,-68.87896437,59.23572118,49.23031278,79.24653798,780.35,1646.91,85619.56 - 87453.67 | bar 468 | 2025-03-20 08:00:00,81134.66 - 82821.60 | bar 459 | 2025-03-18 20:00:00,,,,,,
2025-03-23 04:00:00,84171.59,84204.19,83625.1,83840.59,26.80804859,108.769957,-81.96190843,55.23351539,51.23138032,63.23778554,681.22,1642.40,85619.56 - 87453.67 | bar 468 | 2025-03-20 08:00:00,81134.66 - 82821.60 | bar 459 | 2025-03-18 20:00:00,,,,,,
2025-03-23 08:00:00,83840.59,84277.07,83809.75,84224.39,30.81510553,93.17898673,-62.3638812,60.20795909,54.22357324,72.17673078,625.12,1641.03,85619.56 - 87453.67 | bar 468 | 2025-03-20 08:00:00,81134.66 - 82821.60 | bar 459 | 2025-03-18 20:00:00,,,,,,
2025-03-23 12:00:00,84224.39,84328.24,84070.22,84279.82,38.02513469,82.14821632,-44.12308163,62.89805122,57.1150659,74.46402185,594.46,1637.70,85619.56 - 87453.67 | bar 468 | 2025-03-20 08:00:00,81134.66 - 82821.60 | bar 459 | 2025-03-18 20:00:00,,,,,,
2025-03-23 16:00:00,84279.82,85027.32,84263.05,84679.99,75.16307622,80.7511883,-5.588112076,67.00869829,60.41294336,80.20020815,601.18,1637.59,85619.56 - 87453.67 | bar 468 | 2025-03-20 08:00:00,81134.66 - 82821.60 | bar 459 | 2025-03-18 20:00:00,,,,,,
2025-03-23 20:00:00,84680,85254.17,84573.4,85189.41,144.0406877,93.40908817,50.6315995,76.68070745,65.83553139,98.37105956,571.35,1635.77,85619.56 - 87453.67 | bar 468 | 2025-03-20 08:00:00,81134.66 - 82821.60 | bar 459 | 2025-03-18 20:00:00,,,,,,
2025-03-24 00:00:00,85189.41,85413.05,84800,85011.19,182.1461589,111.1565023,70.98965657,76.96179829,69.54428702,91.79682082,571.88,1634.72,85619.56 - 87453.67 | bar 468 | 2025-03-20 08:00:00,81134.66 - 82821.60 | bar 459 | 2025-03-18 20:00:00,,,,,,
2025-03-24 04:00:00,85011.2,86129.64,84923.91,86082.5,295.3857599,148.0023538,147.3834061,84.01380488,74.36745964,103.3064953,573.49,1632.98,85619.56 - 87453.67 | bar 468 | 2025-03-20 08:00:00,81134.66 - 82821.60 | bar 459 | 2025-03-18 20:00:00,,,,,,
2025-03-24 08:00:00,86082.5,86641.13,85519.09,86532.07,416.6031594,201.7225149,214.8806445,88.13719932,78.95737287,106.4968522,578.14,1627.36,85619.56 - 87453.67 | bar 468 | 2025-03-20 08:00:00,81134.66 - 82821.60 | bar 459 | 2025-03-18 20:00:00,,,,,,
2025-03-24 12:00:00,86532.07,87300,86532.06,86874.52,534.1443908,268.2068901,265.9375007,88.23213218,82.0489593,100.5984779,577.94,1621.43,85619.56 - 87453.67 | bar 468 | 2025-03-20 08:00:00,81134.66 - 82821.60 | bar 459 | 2025-03-18 20:00:00,,,,,,
2025-03-24 16:00:00,86874.52,87909.99,86838.76,87689.52,685.1622287,351.5979578,333.5642708,90.36242068,84.8201131,101.4470358,629.50,1622.26,91265.96 - 92810.64 | bar 385 | 2025-03-06 12:00:00,81134.66 - 82821.60 | bar 459 | 2025-03-18 20:00:00,,,,,,
2025-03-24 20:00:00,87689.52,88765.43,87138.6,88350.01,848.3615919,450.9506846,397.4109072,90.62570026,86.75530882,98.36648315,725.99,1626.31,91265.96 - 92810.64 | bar 385 | 2025-03-06 12:00:00,81134.66 - 82821.60 | bar 459 | 2025-03-18 20:00:00,,,,,,
2025-03-25 00:00:00,88350.01,88536,87690.59,88222,956.3447786,552.0295034,404.3152751,89.7271873,87.74593498,93.68969195,755.65,1626.27,91265.96 - 92810.64 | bar 385 | 2025-03-06 12:00:00,81134.66 - 82821.60 | bar 459 | 2025-03-18 20:00:00,,,,,,
2025-03-25 04:00:00,88222.01,88481.14,87050.6,87498.16,972.3062521,636.0848532,336.2213989,83.07463782,86.18883593,76.84624161,834.91,1627.61,91265.96 - 92810.64 | bar 385 | 2025-03-06 12:00:00,81134.66 - 82821.60 | bar 459 | 2025-03-18 20:00:00,,,,,,
2025-03-25 08:00:00,87498.16,87679.25,86330.66,86520.88,895.7716089,688.0222043,207.7494046,69.84877824,80.74215003,48.06203466,912.92,1628.99,91265.96 - 92810.64 | bar 385 | 2025-03-06 12:00:00,81134.66 - 82821.60 | bar 459 | 2025-03-18 20:00:00,,,,,,
2025-03-25 12:00:00,86520.89,86879.77,86310,86436.82,818.8947048,714.1967044,104.6980004,59.69355508,73.72595172,31.62876182,912.25,1627.63,91265.96 - 92810.64 | bar 385 | 2025-03-06 12:00:00,81134.66 - 82821.60 | bar 459 | 2025-03-18 20:00:00,,,,,,
2025-03-25 16:00:00,86436.82,87500,86406.49,87370.43,823.8073901,736.1188415,87.6885486,58.80521359,68.75237234,38.91089608,956.98,1628.36,91265.96 - 92810.64 | bar 385 | 2025-03-06 12:00:00,81134.66 - 82821.60 | bar 459 | 2025-03-18 20:00:00,,,,,,
2025-03-25 20:00:00,87370.44,88258.8,86929.46,87774.37,850.4913757,758.9933484,91.49802728,59.08281797,65.52918755,46.19007881,1033.50,1632.22,91265.96 - 92810.64 | bar 385 | 2025-03-06 12:00:00,81134.66 - 82821.60 | bar 459 | 2025-03-18 20:00:00,,,,,,
2025-03-26 00:00:00,87774.37,88321.27,87588.59,88116.23,888.9763059,784.9899399,103.986366,63.90875834,64.98904448,61.74818606,1031.25,1632.97,91265.96 - 92810.64 | bar 385 | 2025-03-06 12:00:00,81134.66 - 82821.60 | bar 459 | 2025-03-18 20:00:00,,,,,,
2025-03-26 04:00:00,88116.23,88539.63,87132.65,87392.87,851.293601,798.2506721,53.04292891,57.3061833,62.42809075,47.06236839,1083.12,1633.69,91265.96 - 92810.64 | bar 385 | 2025-03-06 12:00:00,81134.66 - 82821.60 | bar 459 | 2025-03-18 20:00:00,,,,,,
2025-03-26 08:00:00,87392.88,87892.14,87030.56,87153.51,792.9745177,797.1954412,-4.22092352,50.81473472,58.55697208,35.33026002,1100.87,1629.85,91265.96 - 92810.64 | bar 385 | 2025-03-06 12:00:00,81134.66 - 82821.60 | bar 459 | 2025-03-18 20:00:00,,,,,,
2025-03-26 12:00:00,87153.5,88275,87052,88140.45,816.976438,801.1516406,15.82479741,61.24201683,59.45198699,64.8220765,1102.10,1632.41,91265.96 - 92810.64 | bar 385 | 2025-03-06 12:00:00,81134.66 - 82821.60 | bar 459 | 2025-03-18 20:00:00,,,,,,
2025-03-26 16:00:00,88140.45,88259.81,87837.49,87954.96,811.6741654,803.2561455,8.418019862,65.42043238,61.44146879,73.37835957,1052.12,1632.41,91265.96 - 92810.64 | bar 385 | 2025-03-06 12:00:00,81134.66 - 82821.60 | bar 459 | 2025-03-18 20:00:00,,,,,,
2025-03-26 20:00:00,87954.97,88000,86434.36,86752.52,702.3489756,783.0747116,-80.72573595,50.229368,57.70410186,35.27990028,1109.10,1637.78,91265.96 - 92810.64 | bar 385 | 2025-03-06 12:00:00,81134.66 - 82821.60 | bar 459 | 2025-03-18 20:00:00,,,,,,
2025-03-27 00:00:00,86752.52,87058.4,85860,86567.19,593.9072004,745.2412093,-151.3340089,42.28335538,52.56385303,21.72236008,1118.18,1639.84,87132.65 - 88539.63 | bar 503 | 2025-03-26 04:00:00,81134.66 - 82821.60 | bar 459 | 2025-03-18 20:00:00,,,,,,
2025-03-27 04:00:00,86567.18,87404.34,86520.1,86909.17,529.4579782,702.0845631,-172.6265849,41.24008354,48.7892632,26.14172421,1065.14,1632.77,87132.65 - 88539.63 | bar 503 | 2025-03-26 04:00:00,81134.66 - 82821.60 | bar 459 | 2025-03-18 20:00:00,,,,,,
2025-03-27 08:00:00,86909.17,87756.39,86796.26,87670.18,533.6372146,668.3950934,-134.7578788,50.01117444,49.19656695,51.64038943,1073.34,1620.03,87132.65 - 88539.63 | bar 503 | 2025-03-26 04:00:00,81134.66 - 82821.60 | bar 459 | 2025-03-18 20:00:00,,,,,,
2025-03-27 12:00:00,87670.17,87691.34,87249.68,87399.99,509.2765912,636.571393,-127.2948018,52.49753221,50.2968887,56.89881923,1002.70,1615.58,87132.65 - 88539.63 | bar 503 | 2025-03-26 04:00:00,81134.66 - 82821.60 | bar 459 | 2025-03-18 20:00:00,,,,,,
2025-03-27 16:00:00,87399.99,87597.6,86787,86943.52,447.9733495,598.8517843,-150.8784348,49.95377234,50.18251658,49.49628385,964.28,1616.21,87132.65 - 88539.63 | bar 503 | 2025-03-26 04:00:00,81134.66 - 82821.60 | bar 459 | 2025-03-18 20:00:00,,,,,,
2025-03-27 20:00:00,86943.51,87575,85800,86974.07,397.2756719,558.5365618,-161.2608899,49.11490546,49.82664621,47.69142397,1050.36,1623.56,87132.65 - 88539.63 | bar 503 | 2025-03-26 04:00:00,81134.66 - 82821.60 | bar 459 | 2025-03-18 20:00:00,,,,,,
2025-03-28 00:00:00,86974.07,87429.21,86796,87060.41,359.9154325,518.8123359,-158.8969035,49.82331579,49.82553607,49.81887522,1017.48,1624.42,87132.65 - 88539.63 | bar 503 | 2025-03-26 04:00:00,81134.66 - 82821.60 | bar 459 | 2025-03-18 20:00:00,,,,,,
2025-03-28 04:00:00,87060.4,87728.27,86943.04,87232.01,340.2318781,483.0962444,-142.8643662,54.91266507,51.52124574,61.69550374,978.62,1625.87,87132.65 - 88539.63 | bar 503 | 2025-03-26 04:00:00,81134.66 - 82821.60 | bar 459 | 2025-03-18 20:00:00,,,,,,
2025-03-28 08:00:00,87232.01,87515.67,86750,86787.16,285.4463939,443.5662743,-158.1198804,53.42785737,52.15678295,55.97000621,980.98,1627.31,87132.65 - 88539.63 | bar 503 | 2025-03-26 04:00:00,81134.66 - 82821.60 | bar 459 | 2025-03-18 20:00:00,,,,,,
2025-03-28 12:00:00,86787.17,86832.64,85162.48,85212.99,113.6955286,377.5921251,-263.8965966,36.26765604,46.86040731,15.08215349,999.77,1634.52,87132.65 - 88539.63 | bar 503 | 2025-03-26 04:00:00,81134.66 - 82821.60 | bar 459 | 2025-03-18 20:00:00,,,,,,
2025-03-28 16:00:00,85212.98,85441.25,84800,85255.26,-18.79082493,298.3155351,-317.10636,29.31149941,41.01077135,5.912955554,984.04,1636.25,87132.65 - 88539.63 | bar 503 | 2025-03-26 04:00:00,81134.66 - 82821.60 | bar 459 | 2025-03-18 20:00:00,,,,,,
2025-03-28 20:00:00,85255.25,85609.74,83953.86,84051.16,-218.4300953,194.966409,-413.3965044,20.40029506,34.14061258,-7.080339991,1014.96,1642.46,87132.65 - 88539.63 | bar 503 | 2025-03-26 04:00:00,81134.66 - 82821.60 | bar 459 | 2025-03-18 20:00:00,,,,,,
2025-03-29 00:00:00,84051.15,84217.61,83585,83790.73,-393.12844,77.34743922,-470.4758792,15.25533061,27.84551859,-9.925045346,1029.98,1643.50,87132.65 - 88539.63 | bar 503 | 2025-03-26 04:00:00,81134.66 - 82821.60 | bar 459 | 2025-03-18 20:00:00,,,,,,
2025-03-29 04:00:00,83790.74,84538.69,83697.83,84424.38,-474.972688,-33.11658621,-441.8561017,16.92317963,24.20473894,2.360061002,978.21,1643.98,87132.65 - 88539.63 | bar 503 | 2025-03-26 04:00:00,81134.66 - 82821.60 | bar 459 | 2025-03-18 20:00:00,,,,,,
2025-03-29 08:00:00,84424.38,84624.73,83709.67,84166.3,-554.2704584,-137.3473607,-416.9230978,15.95878013,21.456086,4.964168396,957.97,1645.32,87132.65 - 88539.63 | bar 503 | 2025-03-26 04:00:00,81134.66 - 82821.60 | bar 459 | 2025-03-18 20:00:00,,,,,,
2025-03-29 12:00:00,84166.3,84258.45,83662.86,83731.82,-644.741242,-238.8261369,-405.9151051,11.82037939,18.2441838,-1.02722943,937.35,1644.25,87132.65 - 88539.63 | bar 503 | 2025-03-26 04:00:00,81134.66 - 82821.60 | bar 459 | 2025-03-18 20:00:00,,,,,,
2025-03-29 16:00:00,83731.83,83947.42,82007,82293.56,-823.008423,-355.6625941,-467.3458288,9.614246794,15.36753813,-1.892335879,1007.37,1648.00,87132.65 - 88539.63 | bar 503 | 2025-03-26 04:00:00,81134.66 - 82821.60 | bar 459 | 2025-03-18 20:00:00,,,,,,
2025-03-29 20:00:00,82293.56,82882.01,82145.22,82414.23,-943.671332,-473.2643417,-470.4069903,9.222458078,13.31917811,1.029018008,1028.45,1647.35,87132.65 - 88539.63 | bar 503 | 2025-03-26 04:00:00,81134.66 - 82821.60 | bar 459 | 2025-03-18 20:00:00,,,,,,
2025-03-30 00:00:00,82414.22,82758.41,81644.81,82758.4,-999.9985533,-578.611184,-421.3873693,15.51030337,14.0495532,18.43180371,1050.10,1648.81,87132.65 - 88539.63 | bar 503 | 2025-03-26 04:00:00,81134.66 - 82821.60 | bar 459 | 2025-03-18 20:00:00,82758.40,80609.61,87132.65,,OPEN LONG,
2025-03-30 04:00:00,82758.4,82787.29,82258.86,82648.54,-1041.497333,-671.1884138,-370.3089191,18.77860259,15.62590299,25.08400177,961.05,1640.06,87132.65 - 88539.63 | bar 503 | 2025-03-26 04:00:00,81134.66 - 82821.60 | bar 459 | 2025-03-18 20:00:00,82758.40,80609.61,87132.65,,RUNNING LONG,-0.13%
2025-03-30 08:00:00,82648.53,83503.53,82500,83088.81,-1027.020453,-742.3548216,-284.6656311,28.6716273,19.97447776,46.06592637,987.51,1637.44,87132.65 - 88539.63 | bar 503 | 2025-03-26 04:00:00,81134.66 - 82821.60 | bar 459 | 2025-03-18 20:00:00,82758.40,80609.61,87132.65,,RUNNING LONG,0.40%
2025-03-30 12:00:00,83088.82,83321.16,82868.96,83076.59,-1004.949046,-794.8736664,-210.0753793,35.1302844,25.02641331,55.33802657,963.72,1623.59,87132.65 - 88539.63 | bar 503 | 2025-03-26 04:00:00,81134.66 - 82821.60 | bar 459 | 2025-03-18 20:00:00,82758.40,80609.61,87132.65,,RUNNING LONG,0.38%
2025-03-30 16:00:00,83076.58,83534.64,82975.36,83111.76,-973.3986379,-830.5786607,-142.8199772,39.8294668,29.96076447,59.56687147,948.98,1618.24,87132.65 - 88539.63 | bar 503 | 2025-03-26 04:00:00,81134.66 - 82821.60 | bar 459 | 2025-03-18 20:00:00,82758.40,80609.61,87132.65,,RUNNING LONG,0.43%
2025-03-30 20:00:00,83111.76,83268.05,82543.83,82729.57,-968.0748867,-858.0779059,-109.9969808,40.38757891,33.43636929,54.28999816,881.41,1601.22,87132.65 - 88539.63 | bar 503 | 2025-03-26 04:00:00,81134.66 - 82821.60 | bar 459 | 2025-03-18 20:00:00,82758.40,80609.61,87132.65,,RUNNING LONG,-0.03%
2025-03-31 00:00:00,82729.57,82908.11,82050.4,82548.81,-967.2912652,-879.9205778,-87.37068748,40.01165144,35.62813,48.77869431,896.87,1589.95,87132.65 - 88539.63 | bar 503 | 2025-03-26 04:00:00,81134.66 - 82821.60 | bar 459 | 2025-03-18 20:00:00,82758.40,80609.61,87132.65,82548.81,KDJ RESET EXIT,-0.25%
2025-03-31 04:00:00,82548.8,82757.7,81565,82389.99,-968.3234562,-897.6011535,-70.72230278,40.63620734,37.29748912,47.31364379,863.79,1578.45,87132.65 - 88539.63 | bar 503 | 2025-03-26 04:00:00,81134.66 - 82821.60 | bar 459 | 2025-03-18 20:00:00,82389.99,80702.77,87132.65,,OPEN LONG,
2025-03-31 08:00:00,82390,82444.89,81278.52,81530,-1026.700319,-923.4209865,-103.2793321,30.8063283,35.13376884,22.15144721,901.91,1574.74,87132.65 - 88539.63 | bar 503 | 2025-03-26 04:00:00,81134.66 - 82821.60 | bar 459 | 2025-03-18 20:00:00,82389.99,80702.77,87132.65,,RUNNING LONG,-1.04%
2025-03-31 12:00:00,81530,82305.57,81400,81933.51,-1028.548056,-944.4464004,-84.10165575,30.21478568,33.49410779,23.65614146,906.53,1570.08,87132.65 - 88539.63 | bar 503 | 2025-03-26 04:00:00,81134.66 - 82821.60 | bar 459 | 2025-03-18 20:00:00,82389.99,80702.77,87132.65,,RUNNING LONG,-0.55%
2025-03-31 16:00:00,81933.51,82272,81290.88,82205.51,-996.5763627,-954.8723929,-41.70396985,33.8391227,33.60911276,34.29914259,911.25,1568.66,87132.65 - 88539.63 | bar 503 | 2025-03-26 04:00:00,81134.66 - 82821.60 | bar 459 | 2025-03-18 20:00:00,82389.99,80702.77,87132.65,,RUNNING LONG,-0.22%
2025-03-31 20:00:00,82205.5,83943.08,81656,83418.78,-863.3852484,-936.574964,73.18971562,49.33381691,38.85068081,70.30008912,1032.07,1575.83,87132.65 - 88539.63 | bar 503 | 2025-03-26 04:00:00,81134.66 - 82821.60 | bar 459 | 2025-03-18 20:00:00,82389.99,80702.77,87132.65,,RUNNING LONG,1.25%
2025-04-01 00:00:00,83418.78,83694.29,82400,82462.27,-825.4968796,-914.3593471,88.86246753,47.69778505,41.79971556,59.49392403,985.92,1576.42,87132.65 - 88539.63 | bar 503 | 2025-03-26 04:00:00,81134.66 - 82821.60 | bar 459 | 2025-03-18 20:00:00,82389.99,80702.77,87132.65,,RUNNING LONG,0.09%
2025-04-01 04:00:00,82462.26,82886.8,82265.1,82550.01,-779.405686,-887.3686149,107.9629289,47.70471426,43.76804846,55.57804586,977.70,1563.25,87132.65 - 88539.63 | bar 503 | 2025-03-26 04:00:00,81134.66 - 82821.60 | bar 459 | 2025-03-18 20:00:00,82389.99,80702.77,87132.65,,RUNNING LONG,0.19%
2025-04-01 08:00:00,82550,83256.8,82432.74,82962.84,-701.4799283,-850.1908776,148.7109493,52.87378865,46.80329519,65.01477557,957.02,1545.43,87132.65 - 88539.63 | bar 503 | 2025-03-26 04:00:00,81134.66 - 82821.60 | bar 459 | 2025-03-18 20:00:00,82389.99,80702.77,87132.65,,RUNNING LONG,0.70%
2025-04-01 12:00:00,82962.84,83597.07,82886.87,83445.5,-593.9301189,-798.9387258,205.0086069,62.35785828,51.98814955,83.09727573,970.00,1533.26,87132.65 - 88539.63 | bar 503 | 2025-03-26 04:00:00,81134.66 - 82821.60 | bar 459 | 2025-03-18 20:00:00,82389.99,80702.77,87132.65,,RUNNING LONG,1.28%
2025-04-01 16:00:00,83445.5,84504.74,83410,83930.3,-464.225509,-731.9960825,267.7705734,68.97011973,57.64880628,91.61274665,976.52,1531.53,87132.65 - 88539.63 | bar 503 | 2025-03-26 04:00:00,81134.66 - 82821.60 | bar 459 | 2025-03-18 20:00:00,82389.99,80702.77,87132.65,,RUNNING LONG,1.87%
2025-04-01 20:00:00,83930.31,85499.55,82544,85280.87,-249.5769912,-635.5122642,385.935273,77.5814329,64.29301515,104.1582684,1155.33,1536.10,87132.65 - 88539.63 | bar 503 | 2025-03-26 04:00:00,81134.66 - 82821.60 | bar 459 | 2025-03-18 20:00:00,82389.99,80702.77,87132.65,85280.87,ATR MOVE EXIT,3.51%
2025-04-02 00:00:00,85280.88,85493,84720,84972.01,-103.1992979,-529.049671,425.850373,80.8760882,69.82070617,102.9868523,1170.59,1533.81,87132.65 - 88539.63 | bar 503 | 2025-03-26 04:00:00,81134.66 - 82821.60 | bar 459 | 2025-03-18 20:00:00,,,,,,
2025-04-02 04:00:00,84972,85579.46,84773.58,85158.34,27.52407205,-417.7349224,445.2589944,83.67293104,74.43811446,102.1425642,1176.43,1527.06,87132.65 - 88539.63 | bar 503 | 2025-03-26 04:00:00,81134.66 - 82821.60 | bar 459 | 2025-03-18 20:00:00,,,,,,
2025-04-02 08:00:00,85158.35,85255.95,84504.21,84550,81.10045511,-317.9678469,399.068302,78.76175505,75.87932799,84.52660918,1168.86,1520.43,87132.65 - 88539.63 | bar 503 | 2025-03-26 04:00:00,81134.66 - 82821.60 | bar 459 | 2025-03-18 20:00:00,,,,,,
2025-04-02 12:00:00,84550,84726.42,83904.72,84426.33,112.286619,-231.9169537,344.2035727,74.24385814,75.33417137,72.06323166,1142.36,1513.49,87132.65 - 88539.63 | bar 503 | 2025-03-26 04:00:00,81134.66 - 82821.60 | bar 459 | 2025-03-18 20:00:00,,,,,,
2025-04-02 16:00:00,84426.32,85450,84262.73,84566.91,146.6549625,-156.2025704,302.857533,72.1032553,74.25719935,67.7953672,1143.85,1492.62,87132.65 - 88539.63 | bar 503 | 2025-03-26 04:00:00,81134.66 - 82821.60 | bar 459 | 2025-03-18 20:00:00,,,,,,
2025-04-02 20:00:00,84566.91,87333,84462.69,86757.67,346.6719273,-55.6276709,402.2995982,77.39764594,75.30401488,81.58490807,1284.19,1496.22,87132.65 - 88539.63 | bar 503 | 2025-03-26 04:00:00,81134.66 - 82821.60 | bar 459 | 2025-03-18 20:00:00,,,,,,
2025-04-03 00:00:00,86757.67,87333,86186.19,86900.02,510.7852538,57.65491403,453.1303397,81.91805198,77.50869391,90.73676812,1296.02,1488.98,87132.65 - 88539.63 | bar 503 | 2025-03-26 04:00:00,81134.66 - 82821.60 | bar 459 | 2025-03-18 20:00:00,,,,,,
2025-04-03 04:00:00,86900.01,88500,82320,82516.29,283.843897,102.8927106,180.9511864,55.67077252,70.22938678,26.55354399,1574.09,1498.12,87132.65 - 88539.63 | bar 503 | 2025-03-26 04:00:00,81134.66 - 82821.60 | bar 459 | 2025-03-18 20:00:00,,,,,,
2025-04-03 08:00:00,82516.28,83998.02,82175.98,83483.97,179.9999976,118.314168,61.68582954,44.00814448,61.48897268,9.046488088,1611.79,1497.62,84462.69 - 87333.00 | bar 549 | 2025-04-02 20:00:00,81134.66 - 82821.60 | bar 459 | 2025-03-18 20:00:00,,,,,,
2025-04-03 12:00:00,83483.97,83735.85,83000,83456.75,94.41813905,113.5349622,-19.11682317,36.08958499,53.02251012,2.223734728,1619.94,1495.32,84462.69 - 87333.00 | bar 549 | 2025-04-02 20:00:00,81134.66 - 82821.60 | bar 459 | 2025-03-18 20:00:00,,,,,,
2025-04-03 16:00:00,83456.76,83788.23,83047,83096.01,-2.486144843,90.33074081,-92.81688565,28.90911765,44.98471263,-3.242072319,1614.02,1489.76,84462.69 - 87333.00 | bar 549 | 2025-04-02 20:00:00,81134.66 - 82821.60 | bar 459 | 2025-03-18 20:00:00,,,,,,
2025-04-03 20:00:00,83096.01,83147.95,81211.24,82039.31,-162.6751291,39.72956682,-202.404696,23.05971755,37.67638093,-6.173609221,1701.63,1490.35,84462.69 - 87333.00 | bar 549 | 2025-04-02 20:00:00,81134.66 - 82821.60 | bar 459 | 2025-03-18 20:00:00,,,,,,
2025-04-04 00:00:00,82039.32,82448.21,81540,82008.7,-288.7672949,-25.96980552,-262.7974893,19.02013025,31.45763071,-5.854870654,1688.31,1489.26,84462.69 - 87333.00 | bar 549 | 2025-04-02 20:00:00,81134.66 - 82821.60 | bar 459 | 2025-03-18 20:00:00,,,,,,
2025-04-04 04:00:00,82009.76,83332.2,81800,83213.09,-288.1899626,-78.41383695,-209.7761257,21.83505055,28.25010399,9.004943677,1586.64,1493.88,84462.69 - 87333.00 | bar 549 | 2025-04-02 20:00:00,81134.66 - 82821.60 | bar 459 | 2025-03-18 20:00:00,,,,,,
2025-04-04 08:00:00,83213.09,83413.46,82577.63,82818.52,-315.9290903,-125.9168876,-190.0122026,21.9071962,26.13580139,13.44998581,1591.13,1493.60,84462.69 - 87333.00 | bar 549 | 2025-04-02 20:00:00,81134.66 - 82821.60 | bar 459 | 2025-03-18 20:00:00,,,,,,
2025-04-04 12:00:00,82818.53,84000,82615.36,83992.85,-240.382947,-148.8100995,-91.57284755,27.32579985,26.53246755,28.91246446,1632.47,1495.64,84462.69 - 87333.00 | bar 549 | 2025-04-02 20:00:00,81134.66 - 82821.60 | bar 459 | 2025-03-18 20:00:00,,,,,,
2025-04-04 16:00:00,83992.85,84720,81659,82680.45,-283.147844,-175.6776484,-107.4701956,32.17474236,28.41322582,39.69777544,1797.41,1506.52,84462.69 - 87333.00 | bar 549 | 2025-04-02 20:00:00,81134.66 - 82821.60 | bar 459 | 2025-03-18 20:00:00,,,,,,
2025-04-04 20:00:00,82680.44,83716,81849.05,82860,-299.1032721,-200.3627731,-98.740499,37.11310149,31.31318437,48.71293573,1872.08,1510.56,84462.69 - 87333.00 | bar 549 | 2025-04-02 20:00:00,81134.66 - 82821.60 | bar 459 | 2025-03-18 20:00:00,,,,,,
2025-04-05 00:00:00,82860,84620.01,82736,84009.99,-216.4582854,-203.5818756,-12.87640981,51.33028306,37.9855506,78.01974798,1921.84,1516.83,84462.69 - 87333.00 | bar 549 | 2025-04-02 20:00:00,81134.66 - 82821.60 | bar 459 | 2025-03-18 20:00:00,,,,,,
2025-04-05 04:00:00,84010,84450,83492.95,83889.87,-158.8234008,-194.6301806,35.80677983,59.66726023,45.21278714,88.57620639,1785.18,1503.50,84462.69 - 87333.00 | bar 549 | 2025-04-02 20:00:00,81211.24 - 83147.95 | bar 555 | 2025-04-03 20:00:00,,,,,,
2025-04-05 08:00:00,83889.87,84266,83395.46,83624.01,-133.0661163,-182.3173678,49.25125148,61.62314204,50.68290544,83.50361523,1765.45,1469.25,84462.69 - 87333.00 | bar 549 | 2025-04-02 20:00:00,81211.24 - 83147.95 | bar 555 | 2025-04-03 20:00:00,,,,,,
2025-04-05 12:00:00,83624.01,83868,83297.66,83525.34,-119.2405957,-169.7020134,50.46141762,61.405954,54.25725496,75.70335207,1364.76,1465.19,84462.69 - 87333.00 | bar 549 | 2025-04-02 20:00:00,81211.24 - 83147.95 | bar 555 | 2025-04-03 20:00:00,,,,,,
2025-04-05 16:00:00,83525.33,83894.7,83359.64,83452.69,-112.8452096,-158.3306526,45.485443,60.47002618,56.3281787,68.75372113,1272.83,1457.95,84462.69 - 87333.00 | bar 549 | 2025-04-02 20:00:00,81211.24 - 83147.95 | bar 555 | 2025-04-03 20:00:00,,,,,,
2025-04-05 20:00:00,83452.69,83550.68,82379.95,82618.26,-173.1128107,-161.2870842,-11.82572646,50.75939238,54.47191659,43.33434396,1303.89,1452.90,84462.69 - 87333.00 | bar 549 | 2025-04-02 20:00:00,81211.24 - 83147.95 | bar 555 | 2025-04-03 20:00:00,,,,,,
2025-04-06 00:00:00,82618.25,83146,82607.05,82860,-199.0741185,-168.8444911,-30.22962744,46.91810957,51.95398092,36.84636687,1289.44,1446.72,84462.69 - 87333.00 | bar 549 | 2025-04-02 20:00:00,81211.24 - 83147.95 | bar 555 | 2025-04-03 20:00:00,,,,,,
2025-04-06 04:00:00,82859.99,83688,82833,83537.99,-163.0608512,-167.6877631,4.62691188,51.59588612,51.83461598,51.11842638,1212.18,1427.97,84462.69 - 87333.00 | bar 549 | 2025-04-02 20:00:00,81211.24 - 83147.95 | bar 555 | 2025-04-03 20:00:00,,,,,,
2025-04-06 08:00:00,83537.99,83817.63,83163.45,83344.14,-148.4509028,-163.8403911,15.38948827,48.74493857,50.80472351,44.62536869,1194.03,1404.02,84462.69 - 87333.00 | bar 549 | 2025-04-02 20:00:00,81211.24 - 83147.95 | bar 555 | 2025-04-03 20:00:00,,,,,,
2025-04-06 12:00:00,83344.14,83533.01,83024.96,83024.96,-160.7742662,-163.2271661,2.452899876,42.8830093,48.16415211,32.32072368,1120.88,1396.95,84462.69 - 87333.00 | bar 549 | 2025-04-02 20:00:00,81211.24 - 83147.95 | bar 555 | 2025-04-03 20:00:00,,,,,,
2025-04-06 16:00:00,83024.97,83172,82666,82855.99,-182.076226,-166.9969781,-15.07924791,37.00202352,44.44344258,22.1191854,1097.32,1377.77,84462.69 - 87333.00 | bar 549 | 2025-04-02 20:00:00,81211.24 - 83147.95 | bar 555 | 2025-04-03 20:00:00,,,,,,
2025-04-06 20:00:00,82855.99,82981.14,82217.83,82548.36,-221.2311377,-177.84381,-43.38732775,31.23839184,40.041759,13.63165751,1052.94,1374.38,84462.69 - 87333.00 | bar 549 | 2025-04-02 20:00:00,81211.24 - 83147.95 | bar 555 | 2025-04-03 20:00:00,,,,,,
2025-04-07 00:00:00,82548.36,82554.15,78694.99,79614.35,-483.4389901,-238.962846,-244.4761441,26.71925658,35.60092486,8.955920013,1109.95,1387.00,84462.69 - 87333.00 | bar 549 | 2025-04-02 20:00:00,78258.52 - 80854.46 | bar 350 | 2025-02-28 16:00:00,,,,,,
2025-04-07 04:00:00,79614.34,79890.16,77153.83,78430,-777.8412791,-346.7385326,-431.1027465,24.19643266,31.79942746,8.990443071,1172.05,1383.30,84462.69 - 87333.00 | bar 549 | 2025-04-02 20:00:00,77459.91 - 80250.00 | bar 412 | 2025-03-11 00:00:00,,,,,,
2025-04-07 08:00:00,78430,79347.46,77354,77707.77,-1057.247844,-488.840395,-568.4074493,18.90184659,27.50023384,1.705072103,1179.87,1360.89,84462.69 - 87333.00 | bar 549 | 2025-04-02 20:00:00,77459.91 - 80250.00 | bar 412 | 2025-03-11 00:00:00,,,,,,
2025-04-07 12:00:00,77707.78,77984,74508,75126.01,-1470.060078,-685.0843316,-784.9757464,14.81402935,23.27149901,-2.100909965,1359.79,1366.34,84462.69 - 87333.00 | bar 549 | 2025-04-02 20:00:00,,,,,,,
2025-04-07 16:00:00,75126.01,77577.88,75085.74,76685.62,-1652.322311,-878.5319276,-773.7903839,17.67303549,21.4053445,10.20841746,1475.62,1371.03,84462.69 - 87333.00 | bar 549 | 2025-04-02 20:00:00,,,,,,,
2025-04-07 20:00:00,76685.62,81243.58,75789.01,78479.9,-1633.157027,-1029.456947,-603.7000792,26.45199817,23.08756239,33.18086973,1824.50,1393.28,84462.69 - 87333.00 | bar 549 | 2025-04-02 20:00:00,,,,,,,
2025-04-08 00:00:00,78479.91,79365.46,77313.2,78130.44,-1627.407165,-1149.046991,-478.3601739,31.57141522,25.91551333,42.88321898,1932.87,1388.24,84462.69 - 87333.00 | bar 549 | 2025-04-02 20:00:00,,,,,,,
2025-04-08 04:00:00,78130.43,80218.88,78102.91,79163.24,-1521.967733,-1223.631139,-298.3365935,39.36132462,30.39745043,57.289073,2000.38,1383.79,84462.69 - 87333.00 | bar 549 | 2025-04-02 20:00:00,,,,,,,
2025-04-08 08:00:00,79163.24,80867.99,78772.14,79904,-1362.922164,-1251.489344,-111.4328196,48.5952596,36.46338682,72.85900517,2111.59,1379.89,84462.69 - 87333.00 | bar 549 | 2025-04-02 20:00:00,,,,,,,
2025-04-08 12:00:00,79904,80413.49,79219.9,79496,-1255.328944,-1252.257264,-3.071679815,57.08167262,43.33614875,84.57272035,2135.78,1379.25,84462.69 - 87333.00 | bar 549 | 2025-04-02 20:00:00,,,,,,,
2025-04-08 16:00:00,79496.01,80077.65,78819.65,79982,-1117.957288,-1225.397269,107.4399809,65.14441938,50.6055723,94.22211355,2178.91,1375.34,84462.69 - 87333.00 | bar 549 | 2025-04-02 20:00:00,,,,,,,
2025-04-08 20:00:00,79982,80375,78175.14,78497.99,-1115.972232,-1203.512262,87.54002918,63.1754502,54.7955316,79.93528741,2299.75,1378.62,84462.69 - 87333.00 | bar 549 | 2025-04-02 20:00:00,,,,,,,
2025-04-09 00:00:00,78498,78522.72,76334.65,76854.05,-1232.83987,-1209.377783,-23.46208668,51.68910032,53.7600545,47.54719195,2419.90,1384.29,84462.69 - 87333.00 | bar 549 | 2025-04-02 20:00:00,,,,,,,
2025-04-09 04:00:00,76854.05,77285.5,76239.9,76322.42,-1352.762607,-1238.054748,-114.7078593,37.71911332,48.41307411,16.33119175,2440.06,1377.82,78772.14 - 80867.99 | bar 582 | 2025-04-08 08:00:00,,,,,,,
2025-04-09 08:00:00,76322.42,76868.28,74620,75073.33,-1530.945577,-1296.632914,-234.3126632,27.56461335,41.46358719,-0.2333343312,2325.00,1372.91,78772.14 - 80867.99 | bar 582 | 2025-04-08 08:00:00,,,,,,,
2025-04-09 12:00:00,75073.34,77979.3,75000,77694.12,-1444.035077,-1326.113346,-117.9217303,34.77698999,39.23472146,25.86152706,2342.35,1376.21,78772.14 - 80867.99 | bar 582 | 2025-04-08 08:00:00,,,,,,,
2025-04-09 16:00:00,77694.12,77880,75756.86,76230.01,-1476.281664,-1356.14701,-120.1346539,31.77414237,36.74786176,21.82670359,2351.62,1353.74,78772.14 - 80867.99 | bar 582 | 2025-04-08 08:00:00,,,,,,,
2025-04-09 20:00:00,76230.01,78318.46,76010.21,77258,-1402.717461,-1365.4611,-37.25636087,36.36071707,36.61881353,35.84452414,2268.21,1356.50,78772.14 - 80867.99 | bar 582 | 2025-04-08 08:00:00,,,,,,,
2025-04-10 00:00:00,77258.01,82990,77136,82332.08,-924.3263908,-1277.234158,352.9077674,54.95366005,42.73042904,79.40012206,2508.34,1377.18,84462.69 - 87333.00 | bar 549 | 2025-04-02 20:00:00,,,,,,,
2025-04-10 04:00:00,82332.08,83588,81987.89,82615.22,-516.3982716,-1125.066981,608.6687093,66.35336183,50.60473997,97.85060555,2233.02,1369.79,84462.69 - 87333.00 | bar 549 | 2025-04-02 20:00:00,74620.00 - 76868.28 | bar 588 | 2025-04-09 08:00:00,,,,,,
2025-04-10 08:00:00,82615.22,82753.21,81472.84,81775.2,-257.9217306,-951.6379309,693.7162002,70.83087636,57.34678543,97.79905823,2177.89,1363.85,84462.69 - 87333.00 | bar 549 | 2025-04-02 20:00:00,74620.00 - 76868.28 | bar 588 | 2025-04-09 08:00:00,,,,,,
2025-04-10 12:00:00,81775.2,82344.3,81292.99,81595.81,-66.78265459,-774.6668756,707.884221,73.14910788,62.61422625,94.21887115,2101.84,1354.42,84462.69 - 87333.00 | bar 549 | 2025-04-02 20:00:00,74620.00 - 76868.28 | bar 588 | 2025-04-09 08:00:00,,,,,,
2025-04-10 16:00:00,81595.81,82130.43,81349,81882.01,106.5620079,-598.4210989,704.9831068,75.7583779,66.99561013,93.28391343,2007.95,1349.93,84462.69 - 87333.00 | bar 549 | 2025-04-02 20:00:00,74620.00 - 76868.28 | bar 588 | 2025-04-09 08:00:00,,,,,,
2025-04-10 20:00:00,81882,82466.35,78606.06,78757,-8.129575741,-480.3627943,472.2332185,65.08794825,66.35972284,62.54439908,2198.43,1364.19,84462.69 - 87333.00 | bar 549 | 2025-04-02 20:00:00,74620.00 - 76868.28 | bar 588 | 2025-04-09 08:00:00,,,,,,
2025-04-11 00:00:00,78757.24,80058.96,78464.36,79649.34,-26.71119168,-389.6324738,362.9212821,59.96034933,64.22659834,51.42785132,2222.47,1368.73,84462.69 - 87333.00 | bar 549 | 2025-04-02 20:00:00,74620.00 - 76868.28 | bar 588 | 2025-04-09 08:00:00,,,,,,
2025-04-11 04:00:00,79647.37,80035.54,79377.04,79607.3,-44.31865497,-320.56971,276.251055,55.79651724,61.4165713,44.55640911,2112.38,1367.93,84462.69 - 87333.00 | bar 549 | 2025-04-02 20:00:00,74620.00 - 76868.28 | bar 588 | 2025-04-09 08:00:00,,,,,,
2025-04-11 08:00:00,79607.3,80906.63,78969.58,80842.99,40.96494108,-248.2627798,289.2277209,56.34931073,59.72748445,49.59296329,2094.45,1373.42,84462.69 - 87333.00 | bar 549 | 2025-04-02 20:00:00,74620.00 - 76868.28 | bar 588 | 2025-04-09 08:00:00,,,,,,
2025-04-11 12:00:00,80843,81440.73,80512.22,81266.76,141.1207506,-170.3860737,311.5068243,55.79803713,58.41766867,50.55877404,2086.08,1374.82,84462.69 - 87333.00 | bar 549 | 2025-04-02 20:00:00,74620.00 - 76868.28 | bar 588 | 2025-04-09 08:00:00,,,,,,
2025-04-11 16:00:00,81266.76,82985.71,80782.43,82129.67,286.8183137,-78.94519623,365.7635099,64.22093035,60.35208923,71.95861259,2082.87,1383.04,84462.69 - 87333.00 | bar 549 | 2025-04-02 20:00:00,74620.00 - 76868.28 | bar 588 | 2025-04-09 08:00:00,,,,,,
2025-04-11 20:00:00,82129.67,83333,81341.22,82521.74,428.9764805,22.63913912,406.3373414,70.59296372,63.76571406,84.24746304,2012.33,1391.25,84462.69 - 87333.00 | bar 549 | 2025-04-02 20:00:00,74620.00 - 76868.28 | bar 588 | 2025-04-09 08:00:00,,,,,,
2025-04-12 00:00:00,82521.74,84220,82015.08,83858.28,642.0839164,146.5280946,495.5558218,78.30043641,68.61062151,97.6800662,2018.17,1394.91,84462.69 - 87333.00 | bar 549 | 2025-04-02 20:00:00,74620.00 - 76868.28 | bar 588 | 2025-04-09 08:00:00,,,,,,
2025-04-12 04:00:00,83858.28,84300,83162,83423.84,767.0750536,270.6374864,496.4375672,80.52897468,72.5834059,96.42011224,1934.58,1388.87,84462.69 - 87333.00 | bar 549 | 2025-04-02 20:00:00,78464.36 - 80058.96 | bar 598 | 2025-04-11 00:00:00,,,,,,
2025-04-12 08:00:00,83423.83,83572,82792.95,82973.13,820.3069127,380.5713716,439.7355411,79.44019917,74.86900366,88.58259019,1572.09,1385.09,84462.69 - 87333.00 | bar 549 | 2025-04-02 20:00:00,78464.36 - 80058.96 | bar 598 | 2025-04-11 00:00:00,,,,,,
2025-04-12 12:00:00,82973.14,83830.62,82856.86,83724.92,912.6364101,486.9843793,425.6520308,82.69725168,77.47841966,93.13491571,1527.35,1372.26,84462.69 - 87333.00 | bar 549 | 2025-04-02 20:00:00,78464.36 - 80058.96 | bar 598 | 2025-04-11 00:00:00,,,,,,
2025-04-12 16:00:00,83724.92,84031.87,83305.91,83528.3,958.8891342,581.3653303,377.5238039,83.63907338,79.5319709,91.85327834,1487.75,1362.36,84462.69 - 87333.00 | bar 549 | 2025-04-02 20:00:00,78464.36 - 80058.96 | bar 598 | 2025-04-11 00:00:00,,,,,,
2025-04-12 20:00:00,83528.3,85402.9,83474.94,85008.4,1102.270167,685.5462977,416.7238695,86.40392793,81.82262325,95.56653731,1550.36,1367.89,84462.69 - 87333.00 | bar 549 | 2025-04-02 20:00:00,78464.36 - 80058.96 | bar 598 | 2025-04-11 00:00:00,,,,,,
2025-04-13 00:00:00,85008.4,85258.29,84421.95,84943.4,1196.859066,787.8088513,409.0502145,87.62099338,83.75541329,95.35215355,1554.29,1357.21,84462.69 - 87333.00 | bar 549 | 2025-04-02 20:00:00,78464.36 - 80058.96 | bar 598 | 2025-04-11 00:00:00,84943.40,88110.14,80058.96,,OPEN SHORT,
2025-04-13 04:00:00,84943.39,85905,84877.61,85276.9,1283.931746,887.0334303,396.898316,87.1597575,84.8901947,91.69888312,1351.94,1339.37,84462.69 - 87333.00 | bar 549 | 2025-04-02 20:00:00,78464.36 - 80058.96 | bar 598 | 2025-04-11 00:00:00,84943.40,88110.14,80058.96,,RUNNING SHORT,-0.39%
2025-04-13 08:00:00,85276.91,86100,84724.91,85432.31,1349.916761,979.6100964,370.3066645,85.99142482,85.2572714,87.45973166,1336.26,1332.30,84462.69 - 87333.00 | bar 549 | 2025-04-02 20:00:00,78464.36 - 80058.96 | bar 598 | 2025-04-11 00:00:00,84943.40,88110.14,80058.96,,RUNNING SHORT,-0.58%
2025-04-13 12:00:00,85432.31,85436.68,84399.42,84413.1,1304.926254,1044.673328,260.2529259,73.65788068,81.39080783,58.19202638,1363.31,1330.10,84462.69 - 87333.00 | bar 549 | 2025-04-02 20:00:00,78464.36 - 80058.96 | bar 598 | 2025-04-11 00:00:00,84943.40,88110.14,80058.96,,RUNNING SHORT,0.62%
2025-04-13 16:00:00,84413.1,84949.86,84216.15,84528.66,1264.024788,1088.54362,175.4811681,66.60030224,76.4606393,46.87962813,1277.36,1317.11,84462.69 - 87333.00 | bar 549 | 2025-04-02 20:00:00,78464.36 - 80058.96 | bar 598 | 2025-04-11 00:00:00,84943.40,88110.14,80058.96,,RUNNING SHORT,0.49%
2025-04-13 20:00:00,84528.66,84700,83480.67,83849.66,1163.409397,1103.516775,59.8926217,54.6043041,69.17519424,25.46252384,1298.13,1317.33,84462.69 - 87333.00 | bar 549 | 2025-04-02 20:00:00,78464.36 - 80058.96 | bar 598 | 2025-04-11 00:00:00,84943.40,88110.14,80058.96,,RUNNING SHORT,1.29%
2025-04-14 00:00:00,83849.66,84990.22,83050,83981.31,1081.823442,1099.178109,-17.35466643,46.58112077,61.64383641,16.45568948,1279.34,1318.20,84462.69 - 87333.00 | bar 549 | 2025-04-02 20:00:00,78464.36 - 80058.96 | bar 598 | 2025-04-11 00:00:00,84943.40,88110.14,80058.96,,RUNNING SHORT,1.13%
2025-04-14 04:00:00,83981.32,84446.31,83034.23,83760,987.9199913,1076.926485,-89.00649398,38.94519215,54.07762166,8.680333139,1237.93,1309.42,84462.69 - 87333.00 | bar 549 | 2025-04-02 20:00:00,78464.36 - 80058.96 | bar 598 | 2025-04-11 00:00:00,84943.40,88110.14,80058.96,,RUNNING SHORT,1.39%
2025-04-14 08:00:00,83760,85544.3,83678,84566.03,967.3892534,1055.019039,-87.62978551,42.61833117,50.25785816,27.33927719,1213.75,1303.71,84462.69 - 87333.00 | bar 549 | 2025-04-02 20:00:00,78464.36 - 80058.96 | bar 598 | 2025-04-11 00:00:00,84943.40,88110.14,80058.96,,RUNNING SHORT,0.44%
2025-04-14 12:00:00,84566.04,85110,84211.06,84580.76,941.4545812,1032.306147,-90.85156616,45.22724605,48.58098746,38.51976322,1196.67,1304.43,84462.69 - 87333.00 | bar 549 | 2025-04-02 20:00:00,78464.36 - 80058.96 | bar 598 | 2025-04-11 00:00:00,84943.40,88110.14,80058.96,84580.76,KDJ RESET EXIT,0.43%
2025-04-14 16:00:00,84580.77,84965.34,84250,84927.55,938.070726,1013.459063,-75.38833709,50.73708163,49.29968551,53.61187385,1192.12,1299.59,84462.69 - 87333.00 | bar 549 | 2025-04-02 20:00:00,78464.36 - 80058.96 | bar 598 | 2025-04-11 00:00:00,,,,,,
2025-04-14 20:00:00,84927.56,85799.99,83709.25,84101.16,858.8064437,982.5285392,-123.7220955,46.68351336,48.42762813,43.19528383,1271.90,1303.82,84462.69 - 87333.00 | bar 549 | 2025-04-02 20:00:00,78464.36 - 80058.96 | bar 598 | 2025-04-11 00:00:00,,,,,,
2025-04-15 00:00:00,84101.16,85208.1,83863.63,84923.07,852.4833001,956.5194914,-104.0361913,53.88691087,50.24738904,61.16595453,1316.08,1305.16,84462.69 - 87333.00 | bar 549 | 2025-04-02 20:00:00,78464.36 - 80058.96 | bar 598 | 2025-04-11 00:00:00,,,,,,
2025-04-15 04:00:00,84923.07,84971.7,84424.52,84591.58,811.3707141,927.4897359,-116.1190218,54.6940112,51.72959643,60.62284073,1217.46,1288.23,84462.69 - 87333.00 | bar 549 | 2025-04-02 20:00:00,78464.36 - 80058.96 | bar 598 | 2025-04-11 00:00:00,,,,,,
2025-04-15 08:00:00,84591.58,85415.1,84347.97,85379.96,832.8043209,908.5526529,-75.74833203,64.7337461,56.06431299,82.07261232,1233.94,1285.87,84462.69 - 87333.00 | bar 549 | 2025-04-02 20:00:00,78464.36 - 80058.96 | bar 598 | 2025-04-11 00:00:00,,,,,,
2025-04-15 12:00:00,85379.97,85879.1,85157.6,85716.77,866.9744194,900.2370062,-33.26258679,74.58714394,62.23858997,99.28425187,1212.09,1283.59,84462.69 - 87333.00 | bar 549 | 2025-04-02 20:00:00,78464.36 - 80058.96 | bar 598 | 2025-04-11 00:00:00,,,,,,
2025-04-15 16:00:00,85716.77,86000,85351,85589.23,873.6916827,894.9279415,-21.23625878,77.16131158,67.21283051,97.05827372,1160.23,1281.72,84462.69 - 87333.00 | bar 549 | 2025-04-02 20:00:00,78464.36 - 80058.96 | bar 598 | 2025-04-11 00:00:00,,,,,,
2025-04-15 20:00:00,85589.23,86496.42,84623.73,84918.14,815.4636505,879.0350833,-63.57143283,65.89866969,66.7747769,64.14645526,1219.90,1286.79,84462.69 - 87333.00 | bar 549 | 2025-04-02 20:00:00,78464.36 - 80058.96 | bar 598 | 2025-04-11 00:00:00,,,,,,
2025-04-16 00:00:00,84918.15,85146.55,83921.19,83998.52,687.1903642,840.6661395,-153.4757753,47.39198905,60.31384762,21.54827192,1255.02,1287.31,84462.69 - 87333.00 | bar 549 | 2025-04-02 20:00:00,78464.36 - 80058.96 | bar 598 | 2025-04-11 00:00:00,,,,,,
2025-04-16 04:00:00,83998.51,84235.85,83600,83643.99,550.5785261,782.6486168,-232.0700907,32.10091652,50.90953725,-5.516324947,1213.34,1275.76,84462.69 - 87333.00 | bar 549 | 2025-04-02 20:00:00,78464.36 - 80058.96 | bar 598 | 2025-04-11 00:00:00,,,,,,
2025-04-16 08:00:00,83643.99,83960,83111.64,83695.66,441.3938835,714.3976702,-273.0037867,27.1520434,42.99037264,-4.524615057,1135.35,1273.38,84623.73 - 86496.42 | bar 627 | 2025-04-15 20:00:00,78464.36 - 80058.96 | bar 598 | 2025-04-11 00:00:00,,,,,,
2025-04-16 12:00:00,83695.66,83814,83212.64,83363.17,324.2968115,636.3774984,-312.080687,20.57843119,35.51972549,-9.304157408,1077.44,1269.91,84623.73 - 86496.42 | bar 627 | 2025-04-15 20:00:00,78464.36 - 80058.96 | bar 598 | 2025-04-11 00:00:00,,,,,,
2025-04-16 16:00:00,83363.17,84127.05,83140.89,84048.11,283.4974894,565.8014966,-282.3040072,22.94131619,31.32692239,6.170103793,1014.58,1267.58,84623.73 - 86496.42 | bar 627 | 2025-04-15 20:00:00,78464.36 - 80058.96 | bar 598 | 2025-04-11 00:00:00,,,,,,
2025-04-16 20:00:00,84048.36,85270.27,83512.2,84846.58,311.9970805,515.0406134,-203.0435329,32.37991011,31.67791829,33.78389374,1075.94,1273.00,84623.73 - 86496.42 | bar 627 | 2025-04-15 20:00:00,78464.36 - 80058.96 | bar 598 | 2025-04-11 00:00:00,,,,,,
2025-04-17 00:00:00,84846.58,85500,83275,84334.01,289.8815227,470.0087952,-180.1272725,33.62451368,32.32678342,36.2199742,1183.78,1278.24,84623.73 - 86496.42 | bar 627 | 2025-04-15 20:00:00,78464.36 - 80058.96 | bar 598 | 2025-04-11 00:00:00,,,,,,
2025-04-17 04:00:00,84334,84679.53,84024,84030.38,245.0298291,425.013002,-179.9831729,31.46409938,32.03922207,30.31385398,1081.26,1268.17,84623.73 - 86496.42 | bar 627 | 2025-04-15 20:00:00,78464.36 - 80058.96 | bar 598 | 2025-04-11 00:00:00,,,,,,
2025-04-17 08:00:00,84030.38,84496,83814.48,83994.23,204.2134898,380.8530996,-176.6396097,33.29400269,32.45748228,34.9670435,1033.91,1266.57,84623.73 - 86496.42 | bar 627 | 2025-04-15 20:00:00,78464.36 - 80058.96 | bar 598 | 2025-04-11 00:00:00,,,,,,
2025-04-17 12:00:00,83994.23,85053.38,83900,84669.98,223.8136401,349.4452077,-125.6315676,43.94509601,36.28668686,59.26191432,1077.21,1268.16,84623.73 - 86496.42 | bar 627 | 2025-04-15 20:00:00,78464.36 - 80058.96 | bar 598 | 2025-04-11 00:00:00,,,,,,
2025-04-17 16:00:00,84669.98,84764.44,84191.17,84562,228.0055113,325.1572684,-97.15175714,49.53879357,40.70405576,67.20826918,1041.93,1267.47,84623.73 - 86496.42 | bar 627 | 2025-04-15 20:00:00,78464.36 - 80058.96 | bar 598 | 2025-04-11 00:00:00,,,,,,
2025-04-17 20:00:00,84562,84862.93,83736.26,84531.71,226.2750911,305.3808329,-79.10574186,52.67762371,44.69524507,68.64238097,1070.87,1269.26,84623.73 - 86496.42 | bar 627 | 2025-04-15 20:00:00,78464.36 - 80058.96 | bar 598 | 2025-04-11 00:00:00,,,,,,
2025-04-18 00:00:00,84531.72,85470.01,84393.59,84849.06,247.6563848,293.8359433,-46.17955853,59.25421278,49.54823431,78.66616972,1101.40,1271.81,84623.73 - 86496.42 | bar 627 | 2025-04-15 20:00:00,78464.36 - 80058.96 | bar 598 | 2025-04-11 00:00:00,,,,,,
2025-04-18 04:00:00,84849.05,85140,84720.21,84947.91,269.4712857,288.9630118,-19.49172608,64.56513062,54.55386641,84.58765903,997.62,1271.46,84623.73 - 86496.42 | bar 627 | 2025-04-15 20:00:00,78464.36 - 80058.96 | bar 598 | 2025-04-11 00:00:00,,,,,,
2025-04-18 08:00:00,84947.92,85132.08,84724.6,84828,273.9263644,285.9556823,-12.02931793,66.30933801,58.47235695,81.98330015,939.20,1271.39,84623.73 - 86496.42 | bar 627 | 2025-04-15 20:00:00,78464.36 - 80058.96 | bar 598 | 2025-04-11 00:00:00,,,,,,
2025-04-18 12:00:00,84827.99,84838.52,84413.23,84654.68,260.4690458,280.858355,-20.38930921,61.86390379,59.60287256,66.38596624,924.16,1272.37,84623.73 - 86496.42 | bar 627 | 2025-04-15 20:00:00,78464.36 - 80058.96 | bar 598 | 2025-04-11 00:00:00,,,,,,
2025-04-18 16:00:00,84654.68,84764,84472.25,84669.11,248.1083655,274.3083571,-26.19999163,59.17771428,59.46115313,58.61083656,884.41,1270.53,84623.73 - 86496.42 | bar 627 | 2025-04-15 20:00:00,78464.36 - 80058.96 | bar 598 | 2025-04-11 00:00:00,,,,,,
2025-04-18 20:00:00,84669.11,84769.95,84338,84374.59,212.1021531,261.8671163,-49.76496322,51.72443629,56.88224752,41.40881383,872.31,1270.46,84623.73 - 86496.42 | bar 627 | 2025-04-15 20:00:00,78464.36 - 80058.96 | bar 598 | 2025-04-11 00:00:00,,,,,,
2025-04-19 00:00:00,84374.6,84649.99,84303.96,84562.83,196.4913353,248.7919601,-52.30062475,50.37471432,54.71306978,41.69800338,826.58,1262.42,84623.73 - 86496.42 | bar 627 | 2025-04-15 20:00:00,78464.36 - 80058.96 | bar 598 | 2025-04-11 00:00:00,,,,,,
2025-04-19 04:00:00,84562.83,84684.49,84342.15,84474.69,174.9903091,234.0316299,-59.04132081,47.78030702,52.40214886,38.53662334,725.46,1258.59,84623.73 - 86496.42 | bar 627 | 2025-04-15 20:00:00,78464.36 - 80058.96 | bar 598 | 2025-04-11 00:00:00,,,,,,
2025-04-19 08:00:00,84474.7,84986.76,84364.45,84883.71,188.7789602,224.981096,-36.20213575,48.42658377,51.0769605,43.1258303,610.98,1248.92,84623.73 - 86496.42 | bar 627 | 2025-04-15 20:00:00,78464.36 - 80058.96 | bar 598 | 2025-04-11 00:00:00,,,,,,
2025-04-19 12:00:00,84883.72,85300,84883.71,85217.39,224.0490548,224.7946877,-0.7456328903,62.85310797,55.00234299,78.55463794,593.89,1243.65,84623.73 - 86496.42 | bar 627 | 2025-04-15 20:00:00,78464.36 - 80058.96 | bar 598 | 2025-04-11 00:00:00,,,,,,
2025-04-19 16:00:00,85217.38,85436.72,85115.45,85217.4,249.129852,229.6617206,19.46813142,68.78155219,59.59541272,87.15383112,568.16,1239.24,84623.73 - 86496.42 | bar 627 | 2025-04-15 20:00:00,78464.36 - 80058.96 | bar 598 | 2025-04-11 00:00:00,,,,,,
2025-04-19 20:00:00,85217.4,85677.99,85070,85191.19,263.8501364,236.4994037,27.35073263,67.37815824,62.18966123,77.75515227,529.20,1236.35,84623.73 - 86496.42 | bar 627 | 2025-04-15 20:00:00,78464.36 - 80058.96 | bar 598 | 2025-04-11 00:00:00,,,,,,
2025-04-20 00:00:00,85191.18,85330.06,84694.49,85085.55,263.949161,241.9893552,21.95980583,63.87978466,62.7530357,66.13328256,533.65,1236.71,84623.73 - 86496.42 | bar 627 | 2025-04-15 20:00:00,78464.36 - 80058.96 | bar 598 | 2025-04-11 00:00:00,,,,,,
2025-04-20 04:00:00,85085.56,85367.93,85015.63,85077.01,260.3375233,245.6589888,14.67853444,61.34035914,62.28214352,59.4567904,478.34,1230.75,84623.73 - 86496.42 | bar 627 | 2025-04-15 20:00:00,78464.36 - 80058.96 | bar 598 | 2025-04-11 00:00:00,,,,,,
2025-04-20 08:00:00,85077,85320.76,85050.27,85168.81,261.86416,248.9000231,12.96413699,61.87443441,62.14624048,61.33082227,420.77,1223.84,84623.73 - 86496.42 | bar 627 | 2025-04-15 20:00:00,78464.36 - 80058.96 | bar 598 | 2025-04-11 00:00:00,,,,,,
2025-04-20 12:00:00,85168.82,85248,84678.18,84784.01,229.3797398,244.9959664,-15.61622664,52.27539449,58.85595849,39.1142665,431.49,1222.88,84623.73 - 86496.42 | bar 627 | 2025-04-15 20:00:00,78464.36 - 80058.96 | bar 598 | 2025-04-11 00:00:00,,,,,,
2025-04-20 16:00:00,84784.01,84785,83949.52,84129.83,149.1296699,225.8227071,-76.69303724,38.32751937,52.01314545,10.95626722,462.06,1221.75,84623.73 - 86496.42 | bar 627 | 2025-04-15 20:00:00,78464.36 - 80058.96 | bar 598 | 2025-04-11 00:00:00,,,,,,
2025-04-20 20:00:00,84129.82,84664,84099.3,84344.66,101.6936359,200.9968929,-99.30325692,33.17190633,45.73273241,8.050254181,472.02,1219.40,85070.00 - 85677.99 | bar 651 | 2025-04-19 20:00:00,78464.36 - 80058.96 | bar 598 | 2025-04-11 00:00:00,,,,,,
2025-04-21 00:00:00,84344.65,84664.09,84272.74,84651.61,87.85579015,178.3686723,-90.51288217,35.65432432,42.37326305,22.21644687,479.13,1216.59,85070.00 - 85677.99 | bar 651 | 2025-04-19 20:00:00,78464.36 - 80058.96 | bar 598 | 2025-04-11 00:00:00,,,,,,
2025-04-21 04:00:00,84651.61,85298,84616.73,85179.24,118.1031099,166.3155598,-48.2124499,47.4845499,44.07702533,54.29959905,496.94,1211.56,85070.00 - 85677.99 | bar 651 | 2025-04-19 20:00:00,78464.36 - 80058.96 | bar 598 | 2025-04-11 00:00:00,,,,,,
2025-04-21 08:00:00,85179.24,87640,85144.76,87205.56,302.0990088,193.4722496,108.6267592,61.06572979,49.73992682,83.71733574,650.46,1217.89,87132.65 - 88539.63 | bar 503 | 2025-03-26 04:00:00,78464.36 - 80058.96 | bar 598 | 2025-04-11 00:00:00,,,,,,
2025-04-21 12:00:00,87205.56,87738,87038,87434.78,461.0979722,246.9973942,214.1005781,71.37590731,56.95192032,100.2238813,676.01,1216.68,87132.65 - 88539.63 | bar 503 | 2025-03-26 04:00:00,83949.52 - 84785.00 | bar 656 | 2025-04-20 16:00:00,,,,,,
2025-04-21 16:00:00,87434.79,87795.26,86644.29,86971.92,543.4918271,306.2962807,237.1955463,73.78089033,62.56157699,96.21951702,713.77,1218.77,87132.65 - 88539.63 | bar 503 | 2025-03-26 04:00:00,83949.52 - 84785.00 | bar 656 | 2025-04-20 16:00:00,,,,,,
2025-04-21 20:00:00,86971.92,88465.99,86779.97,88044.8,687.4376469,382.524554,304.9130929,79.41204492,68.17839963,101.8793355,804.46,1224.35,87138.60 - 88765.43 | bar 495 | 2025-03-24 20:00:00,83949.52 - 84785.00 | bar 656 | 2025-04-20 16:00:00,,,,,,
2025-04-22 00:00:00,88044.81,88270.88,86389.78,87415.1,742.149185,454.4494802,287.6997048,78.51871314,71.6251708,92.30579782,915.88,1229.05,87132.65 - 88539.63 | bar 503 | 2025-03-26 04:00:00,83949.52 - 84785.00 | bar 656 | 2025-04-20 16:00:00,87415.10,88997.57,84785.00,,OPEN SHORT,
2025-04-22 04:00:00,87415.09,87625.68,86887.15,87516.23,784.6241601,520.4844162,264.1397439,78.4291045,73.8931487,87.50101609,925.20,1225.86,87132.65 - 88539.63 | bar 503 | 2025-03-26 04:00:00,83949.52 - 84785.00 | bar 656 | 2025-04-20 16:00:00,87415.10,88997.57,84785.00,,RUNNING SHORT,-0.12%
2025-04-22 08:00:00,87516.22,88877,87076.03,88157.55,860.1201187,588.4115567,271.7085621,80.4108208,76.06570607,89.10105027,1008.45,1223.00,87138.60 - 88765.43 | bar 495 | 2025-03-24 20:00:00,83949.52 - 84785.00 | bar 656 | 2025-04-20 16:00:00,87415.10,88997.57,84785.00,,RUNNING SHORT,-0.85%
2025-04-22 12:00:00,88157.55,88486,87953.86,88476.83,934.9370651,657.7166584,277.2204067,83.80952499,78.64697904,94.13461688,1021.29,1216.66,87138.60 - 88765.43 | bar 495 | 2025-03-24 20:00:00,83949.52 - 84785.00 | bar 656 | 2025-04-20 16:00:00,87415.10,88997.57,84785.00,,RUNNING SHORT,-1.21%
2025-04-22 16:00:00,88476.82,88701.93,88241.33,88614.1,993.8500906,724.9433448,268.9067458,86.85834093,81.38409967,97.80682345,1034.87,1209.80,87138.60 - 88765.43 | bar 495 | 2025-03-24 20:00:00,83949.52 - 84785.00 | bar 656 | 2025-04-20 16:00:00,87415.10,88997.57,84785.00,,RUNNING SHORT,-1.37%
2025-04-22 20:00:00,88614.09,91439.46,88482,90934.61,1213.793001,822.7132761,391.0797253,87.90633955,83.55817963,96.60265939,1205.42,1221.67,91265.96 - 92810.64 | bar 385 | 2025-03-06 12:00:00,83949.52 - 84785.00 | bar 656 | 2025-04-20 16:00:00,87415.10,88997.57,84785.00,90934.61,HIT STOP LOSS,-4.03%
2025-04-23 00:00:00,90934.61,91695,90624.03,91414.79,1410.585504,940.2877217,470.2977824,90.17696667,85.76444198,99.00201606,1222.24,1219.30,91265.96 - 92810.64 | bar 385 | 2025-03-06 12:00:00,83949.52 - 84785.00 | bar 656 | 2025-04-20 16:00:00,,,,,,
2025-04-23 04:00:00,91414.78,93888,91060,93442.99,1710.486348,1094.327447,616.1589011,91.47301938,87.66730111,99.08445591,1383.90,1223.61,96150.00 - 99444.02 | bar 209 | 2025-02-05 04:00:00,83949.52 - 84785.00 | bar 656 | 2025-04-20 16:00:00,,,,,,
2025-04-23 08:00:00,93442.99,93909.05,92580.18,93168.91,1904.094743,1256.280906,647.813837,91.03426533,88.78962252,95.52355096,1450.87,1223.99,96150.00 - 99444.02 | bar 209 | 2025-02-05 04:00:00,83949.52 - 84785.00 | bar 656 | 2025-04-20 16:00:00,,,,,,
2025-04-23 12:00:00,93168.91,94264,93017.46,94133.82,2111.056024,1427.23593,683.8200945,93.43460693,90.33795066,99.62791948,1491.24,1226.78,96150.00 - 99444.02 | bar 209 | 2025-02-05 04:00:00,83949.52 - 84785.00 | bar 656 | 2025-04-20 16:00:00,,,,,,
2025-04-23 16:00:00,94133.82,94521.79,93324.45,93466.01,2195.874965,1580.963737,614.9112283,90.89653341,90.52414491,91.64131042,1398.54,1229.42,96150.00 - 99444.02 | bar 209 | 2025-02-05 04:00:00,83949.52 - 84785.00 | bar 656 | 2025-04-20 16:00:00,,,,,,
2025-04-23 20:00:00,93466.01,94696.05,91935.41,93195.28,2215.70764,1707.912518,507.7951225,86.51122742,89.18650574,81.16067077,1545.73,1237.73,96150.00 - 99444.02 | bar 209 | 2025-02-05 04:00:00,83949.52 - 84785.00 | bar 656 | 2025-04-20 16:00:00,,,,,,
2025-04-24 00:00:00,93195.28,94219.93,92913.04,93497.88,2230.134862,1812.356986,417.7778758,84.81991988,87.73097712,78.99780539,1556.86,1241.24,96150.00 - 99444.02 | bar 209 | 2025-02-05 04:00:00,83949.52 - 84785.00 | bar 656 | 2025-04-20 16:00:00,,,,,,
2025-04-24 04:00:00,93497.88,93917.53,93238.1,93691.08,2231.435565,1896.172702,335.2628629,84.48909843,86.65035089,80.1665935,1484.96,1238.72,96150.00 - 99444.02 | bar 209 | 2025-02-05 04:00:00,83949.52 - 84785.00 | bar 656 | 2025-04-20 16:00:00,,,,,,
2025-04-24 08:00:00,93691.07,93787.65,92650,92673.95,2125.886594,1942.11548,183.7711131,73.10659878,82.13576686,55.04826264,1431.86,1239.12,96150.00 - 99444.02 | bar 209 | 2025-02-05 04:00:00,83949.52 - 84785.00 | bar 656 | 2025-04-20 16:00:00,,,,,,
2025-04-24 12:00:00,92673.95,92903.94,92101.63,92203.55,1981.440116,1949.980408,31.45970861,59.22117839,74.4975707,28.66839376,1436.41,1239.28,96150.00 - 99444.02 | bar 209 | 2025-02-05 04:00:00,83949.52 - 84785.00 | bar 656 | 2025-04-20 16:00:00,,,,,,
2025-04-24 16:00:00,92203.54,92657.69,91660.01,92619.94,1878.905581,1935.765442,-56.85986097,50.02006263,66.33840134,17.38338521,1379.04,1242.52,96150.00 - 99444.02 | bar 209 | 2025-02-05 04:00:00,83949.52 - 84785.00 | bar 656 | 2025-04-20 16:00:00,,,,,,
2025-04-24 20:00:00,92619.94,93450,92434.78,93202.51,1823.633047,1913.338963,-89.70591591,50.28214625,60.98631631,28.87380613,1413.54,1246.22,96150.00 - 99444.02 | bar 209 | 2025-02-05 04:00:00,83949.52 - 84785.00 | bar 656 | 2025-04-20 16:00:00,,,,,,
2025-04-25 00:00:00,93202.52,93649.56,92666.62,93556.12,1787.754418,1888.222054,-100.4676365,54.33922858,58.7706204,45.47644493,1450.85,1248.98,96150.00 - 99444.02 | bar 209 | 2025-02-05 04:00:00,83949.52 - 84785.00 | bar 656 | 2025-04-20 16:00:00,,,,,,
2025-04-25 04:00:00,93556.12,94005,93024,93980.47,1773.122393,1865.202122,-92.07972931,61.70297966,59.74807349,65.612792,1309.68,1252.28,96150.00 - 99444.02 | bar 209 | 2025-02-05 04:00:00,83949.52 - 84785.00 | bar 656 | 2025-04-20 16:00:00,,,,,,
2025-04-25 08:00:00,93980.47,94444,92855.96,93311.83,1688.113229,1829.784343,-141.6711145,60.91292913,60.1363587,62.46606998,1346.61,1258.94,96150.00 - 99444.02 | bar 209 | 2025-02-05 04:00:00,83949.52 - 84785.00 | bar 656 | 2025-04-20 16:00:00,,,,,,
2025-04-25 12:00:00,93311.83,93860,93013.56,93772.26,1639.002309,1791.627936,-152.6256277,65.89905988,62.05725909,73.58266144,1205.07,1260.28,96150.00 - 99444.02 | bar 209 | 2025-02-05 04:00:00,83949.52 - 84785.00 | bar 656 | 2025-04-20 16:00:00,,,,,,
2025-04-25 16:00:00,93772.27,94660,93539.82,94635.67,1650.723015,1763.446952,-112.7239375,76.99570568,67.03674129,96.91363447,1190.16,1263.54,96150.00 - 99444.02 | bar 209 | 2025-02-05 04:00:00,83949.52 - 84785.00 | bar 656 | 2025-04-20 16:00:00,,,,,,
2025-04-25 20:00:00,94635.67,95758.04,93929.41,95061.22,1675.041254,1745.765812,-70.72455846,78.99587717,71.02311991,94.94139167,1231.74,1271.39,96150.00 - 99444.02 | bar 209 | 2025-02-05 04:00:00,83949.52 - 84785.00 | bar 656 | 2025-04-20 16:00:00,,,,,,
2025-04-26 00:00:00,95061.21,95554.99,94370.35,95291,1693.335245,1735.279699,-41.94445401,82.19835295,74.74819759,97.09866366,1230.83,1273.49,96150.00 - 99444.02 | bar 209 | 2025-02-05 04:00:00,83949.52 - 84785.00 | bar 656 | 2025-04-20 16:00:00,,,,,,
2025-04-26 04:00:00,95291,95345.45,94441.61,94638.68,1636.333953,1715.49055,-79.15659675,76.90470571,75.46703363,79.78004985,1098.21,1274.61,96150.00 - 99444.02 | bar 209 | 2025-02-05 04:00:00,83949.52 - 84785.00 | bar 656 | 2025-04-20 16:00:00,,,,,,
2025-04-26 08:00:00,94638.68,95199,94527.84,94739.99,1581.10885,1688.61421,-107.5053597,73.62598101,74.85334942,71.17124418,1052.80,1274.90,96150.00 - 99444.02 | bar 209 | 2025-02-05 04:00:00,83949.52 - 84785.00 | bar 656 | 2025-04-20 16:00:00,,,,,,
2025-04-26 12:00:00,94739.99,94830.93,94380.72,94570.31,1506.287258,1652.14882,-145.8615611,68.77503652,72.82724512,60.67061931,1036.42,1271.12,96150.00 - 99444.02 | bar 209 | 2025-02-05 04:00:00,83949.52 - 84785.00 | bar 656 | 2025-04-20 16:00:00,,,,,,
2025-04-26 16:00:00,94570.31,94733.54,93990.6,94144.06,1396.497838,1601.018623,-204.5207856,60.64515979,68.76655001,44.40237934,1008.23,1269.23,96150.00 - 99444.02 | bar 209 | 2025-02-05 04:00:00,83949.52 - 84785.00 | bar 656 | 2025-04-20 16:00:00,,,,,,
2025-04-26 20:00:00,94144.07,94394,93870.69,94373.24,1312.848145,1543.384528,-230.5363826,56.94422456,64.82577486,41.18112396,988.30,1268.00,96150.00 - 99444.02 | bar 209 | 2025-02-05 04:00:00,83949.52 - 84785.00 | bar 656 | 2025-04-20 16:00:00,,,,,,
2025-04-27 00:00:00,94373.24,94378.87,94041,94307.5,1227.105188,1480.12866,-253.023472,49.49879267,59.7167808,29.06281641,941.17,1264.34,96150.00 - 99444.02 | bar 209 | 2025-02-05 04:00:00,83949.52 - 84785.00 | bar 656 | 2025-04-20 16:00:00,,,,,,
2025-04-27 04:00:00,94307.51,94888,94087,94628,1171.510504,1418.405028,-246.8945247,46.37438608,55.26931589,28.58452645,925.87,1260.21,96150.00 - 99444.02 | bar 209 | 2025-02-05 04:00:00,83949.52 - 84785.00 | bar 656 | 2025-04-20 16:00:00,,,,,,
2025-04-27 08:00:00,94628,95369,94041.6,94156.21,1076.967199,1350.117462,-273.1502638,36.56687386,49.03516855,11.63028449,950.48,1262.62,96150.00 - 99444.02 | bar 209 | 2025-02-05 04:00:00,83949.52 - 84785.00 | bar 656 | 2025-04-20 16:00:00,,,,,,
2025-04-27 12:00:00,94156.22,94288.65,93655,94065.98,983.4238434,1276.778739,-293.3548952,32.37052579,43.48028763,10.15100211,925.66,1258.63,96150.00 - 99444.02 | bar 209 | 2025-02-05 04:00:00,83949.52 - 84785.00 | bar 656 | 2025-04-20 16:00:00,,,,,,
2025-04-27 16:00:00,94065.99,94331.85,93883.81,93920.01,887.2834501,1198.879681,-311.5962308,26.73418172,37.89825232,4.406040508,844.24,1254.13,96150.00 - 99444.02 | bar 209 | 2025-02-05 04:00:00,83949.52 - 84785.00 | bar 656 | 2025-04-20 16:00:00,,,,,,
2025-04-27 20:00:00,93920,94173.91,93602.58,93901.08,800.3382023,1119.171385,-318.8331829,23.45564976,33.08405147,4.19884634,824.59,1254.14,93929.41 - 95758.04 | bar 687 | 2025-04-25 20:00:00,83949.52 - 84785.00 | bar 656 | 2025-04-20 16:00:00,,,,,,
2025-04-28 00:00:00,93901.09,94434.79,93727.08,94433.5,765.5702936,1048.451167,-282.8808733,31.31702496,32.49504263,28.96098962,795.12,1252.21,93929.41 - 95758.04 | bar 687 | 2025-04-25 20:00:00,83949.52 - 84785.00 | bar 656 | 2025-04-20 16:00:00,,,,,,
2025-04-28 04:00:00,94433.49,94545.45,93641.7,93749.3,675.0259743,973.7661284,-298.740154,23.6467051,29.54559679,11.84892172,729.06,1250.08,93929.41 - 95758.04 | bar 687 | 2025-04-25 20:00:00,83949.52 - 84785.00 | bar 656 | 2025-04-20 16:00:00,,,,,,
2025-04-28 08:00:00,93749.29,93987.3,92800.01,93849.93,604.4215536,899.8972134,-295.4756598,29.38746328,29.49288562,29.1766186,729.25,1252.36,93929.41 - 95758.04 | bar 687 | 2025-04-25 20:00:00,83949.52 - 84785.00 | bar 656 | 2025-04-20 16:00:00,,,,,,
2025-04-28 12:00:00,93849.93,94800,93849.93,94692.49,609.4294683,841.8036644,-232.3741961,44.14707707,34.3776161,63.68599901,732.55,1250.07,93929.41 - 95758.04 | bar 687 | 2025-04-25 20:00:00,83949.52 - 84785.00 | bar 656 | 2025-04-20 16:00:00,,,,,,
2025-04-28 16:00:00,94692.49,95550,94339.48,95319.99,656.4649631,804.7359241,-148.270961,59.97670791,42.91064671,94.10883032,771.08,1251.82,93929.41 - 95758.04 | bar 687 | 2025-04-25 20:00:00,83949.52 - 84785.00 | bar 656 | 2025-04-20 16:00:00,,,,,,
2025-04-28 20:00:00,95319.99,95630,93583.9,93833.51,567.2554509,757.2398295,-189.9843786,52.15765983,45.99298441,64.48701066,885.07,1255.93,93929.41 - 95758.04 | bar 687 | 2025-04-25 20:00:00,83949.52 - 84785.00 | bar 656 | 2025-04-20 16:00:00,,,,,,
2025-04-29 00:00:00,93833.5,94920,93444,94787.2,566.9753436,719.1869323,-152.2115887,58.17809857,50.05468913,74.42491744,937.43,1261.20,93929.41 - 95758.04 | bar 687 | 2025-04-25 20:00:00,83949.52 - 84785.00 | bar 656 | 2025-04-20 16:00:00,,,,,,
2025-04-29 04:00:00,94786.73,95180,94305.95,95011.18,578.1619793,690.9819417,-112.8199624,64.82989626,54.97975817,84.53017242,962.48,1257.74,93929.41 - 95758.04 | bar 687 | 2025-04-25 20:00:00,83949.52 - 84785.00 | bar 656 | 2025-04-20 16:00:00,,,,,,
2025-04-29 08:00:00,95011.18,95461.53,94443.7,94658.76,552.2244206,663.2304375,-111.0060169,65.1134122,58.35764285,78.62495091,1011.05,1256.84,93929.41 - 95758.04 | bar 687 | 2025-04-25 20:00:00,83949.52 - 84785.00 | bar 656 | 2025-04-20 16:00:00,,,,,,
2025-04-29 12:00:00,94658.75,94960,94200,94917.61,546.2588185,639.8361137,-93.57729517,68.35131465,61.68886678,81.67621038,1008.12,1256.22,93929.41 - 95758.04 | bar 687 | 2025-04-25 20:00:00,83949.52 - 84785.00 | bar 656 | 2025-04-20 16:00:00,,,,,,
2025-04-29 16:00:00,94917.61,95285.71,94743.01,95129.74,552.2817933,622.3252496,-70.04345629,73.00851168,65.46208175,88.10137153,952.07,1254.13,93929.41 - 95758.04 | bar 687 | 2025-04-25 20:00:00,83949.52 - 84785.00 | bar 656 | 2025-04-20 16:00:00,,,,,,
2025-04-29 20:00:00,95129.74,95300,94531.85,94843.1,527.8409697,603.4283936,-75.58742396,70.00658936,66.97691762,76.06593285,961.68,1255.76,93929.41 - 95758.04 | bar 687 | 2025-04-25 20:00:00,83949.52 - 84785.00 | bar 656 | 2025-04-20 16:00:00,,,,,,
2025-04-30 00:00:00,94843.1,95459.99,94658.99,95300.79,539.1877777,590.5802704,-51.39249275,74.98441731,69.64608418,85.66108356,986.89,1255.71,93929.41 - 95758.04 | bar 687 | 2025-04-25 20:00:00,83949.52 - 84785.00 | bar 656 | 2025-04-20 16:00:00,,,,,,
2025-04-30 04:00:00,95300.79,95408,93742.54,94256.82,458.6534788,564.1949121,-105.5414333,62.38393908,67.22536915,52.70107894,1065.05,1255.17,93929.41 - 95758.04 | bar 687 | 2025-04-25 20:00:00,83949.52 - 84785.00 | bar 656 | 2025-04-20 16:00:00,,,,,,
2025-04-30 08:00:00,94256.82,95111.01,94136.48,95032.84,452.234715,541.8028727,-89.5681577,67.83987305,67.43020378,68.65921158,1084.10,1256.87,93929.41 - 95758.04 | bar 687 | 2025-04-25 20:00:00,83949.52 - 84785.00 | bar 656 | 2025-04-20 16:00:00,,,,,,
2025-04-30 12:00:00,95032.84,95180,94500,94620.99,409.197966,515.2818913,-106.0839254,62.26080949,65.70707235,55.36828378,1068.12,1256.35,93929.41 - 95758.04 | bar 687 | 2025-04-25 20:00:00,83949.52 - 84785.00 | bar 656 | 2025-04-20 16:00:00,,,,,,
2025-04-30 16:00:00,94620.99,95228.45,94527.58,95176.66,415.1434422,495.2542015,-80.11075935,69.3165595,66.91023473,74.12920902,1033.38,1256.02,93929.41 - 95758.04 | bar 687 | 2025-04-25 20:00:00,83949.52 - 84785.00 | bar 656 | 2025-04-20 16:00:00,,,,,,
2025-04-30 20:00:00,95176.66,95214.9,92910,94004.63,321.5753287,460.518427,-138.9430982,60.51998467,64.78015138,51.99965124,1130.15,1259.20,93929.41 - 95758.04 | bar 687 | 2025-04-25 20:00:00,83949.52 - 84785.00 | bar 656 | 2025-04-20 16:00:00,,,,,,
2025-05-01 00:00:00,94004.63,94500,93528.71,94152.01,256.3591108,419.6865637,-163.3274529,56.58214495,62.04748257,45.65146971,1113.06,1260.85,93929.41 - 95758.04 | bar 687 | 2025-04-25 20:00:00,83949.52 - 84785.00 | bar 656 | 2025-04-20 16:00:00,,,,,,
2025-05-01 04:00:00,94152.01,94784.1,94005,94172,203.9369558,376.5366421,-172.5996863,54.21822669,59.43773061,43.77921884,1022.56,1256.46,93929.41 - 95758.04 | bar 687 | 2025-04-25 20:00:00,83949.52 - 84785.00 | bar 656 | 2025-04-20 16:00:00,,,,,,
2025-05-01 08:00:00,94172,95040.3,94130.43,94782.6,209.250231,343.0793599,-133.8291289,60.62401182,59.83315768,62.20572011,982.13,1257.85,93929.41 - 95758.04 | bar 687 | 2025-04-25 20:00:00,83949.52 - 84785.00 | bar 656 | 2025-04-20 16:00:00,,,,,,
2025-05-01 12:00:00,94782.6,95180,94714.38,95025.84,230.432196,320.5499271,-90.11773111,68.64979491,62.77203676,80.40531122,952.95,1255.97,93929.41 - 95758.04 | bar 687 | 2025-04-25 20:00:00,83949.52 - 84785.00 | bar 656 | 2025-04-20 16:00:00,,,,,,
2025-05-01 16:00:00,95025.84,96396.31,94913.04,96180.01,336.4722861,323.7343989,12.73788715,77.03177409,67.52528254,96.0447572,986.20,1258.81,97177.31 - 99475.00 | bar 309 | 2025-02-21 20:00:00,83949.52 - 84785.00 | bar 656 | 2025-04-20 16:00:00,,,,,,
2025-05-01 20:00:00,96180.01,97424.02,95769.66,96854.3,469.5072024,352.8889596,116.6182428,80.48080852,71.8437912,97.75484316,1050.08,1264.11,97177.31 - 99475.00 | bar 309 | 2025-02-21 20:00:00,92910.00 - 95214.90 | bar 717 | 2025-04-30 20:00:00,,,,,,
2025-05-02 00:00:00,96854.31,97367.26,96424.44,96523.26,541.9785789,390.7068835,151.2716954,80.33563273,74.67440504,91.6580881,1078.66,1259.12,97177.31 - 99475.00 | bar 309 | 2025-02-21 20:00:00,92910.00 - 95214.90 | bar 717 | 2025-04-30 20:00:00,,,,,,
2025-05-02 04:00:00,96523.26,96885.77,96184.19,96489.91,589.9213545,430.5497777,159.3715768,79.9925791,76.44712972,87.08347784,1073.90,1258.94,97177.31 - 99475.00 | bar 309 | 2025-02-21 20:00:00,92910.00 - 95214.90 | bar 717 | 2025-04-30 20:00:00,,,,,,
2025-05-02 08:00:00,96489.9,97233.1,96466.21,97102.32,669.6138271,478.3625876,191.2512395,83.90883623,78.93436523,93.85777824,1071.47,1257.21,97177.31 - 99475.00 | bar 309 | 2025-02-21 20:00:00,92910.00 - 95214.90 | bar 717 | 2025-04-30 20:00:00,,,,,,
2025-05-02 12:00:00,97102.32,97309.78,96350,96350,664.4058916,515.5712484,148.8346432,78.80152583,78.89008543,78.62440663,1021.06,1259.37,97177.31 - 99475.00 | bar 309 | 2025-02-21 20:00:00,92910.00 - 95214.90 | bar 717 | 2025-04-30 20:00:00,,,,,,
2025-05-02 16:00:00,96350.01,97100,96350,96928.97,698.9396642,552.2449315,146.6947327,80.85744683,79.54587256,83.48059536,1005.02,1258.10,97177.31 - 99475.00 | bar 309 | 2025-02-21 20:00:00,92910.00 - 95214.90 | bar 717 | 2025-04-30 20:00:00,,,,,,
2025-05-02 20:00:00,96928.97,97895.68,96650.94,97330.19,750.0370682,591.8033589,158.2337093,81.31315198,80.1349657,83.66952454,1045.36,1262.06,97177.31 - 99475.00 | bar 309 | 2025-02-21 20:00:00,92910.00 - 95214.90 | bar 717 | 2025-04-30 20:00:00,,,,,,
2025-05-03 00:00:00,97330.19,97783.02,96769.84,96924.23,749.1389424,623.2704756,125.8684668,76.68538825,78.98510655,72.08595165,1067.67,1264.33,97177.31 - 99475.00 | bar 309 | 2025-02-21 20:00:00,92910.00 - 95214.90 | bar 717 | 2025-04-30 20:00:00,,,,,,
2025-05-03 04:00:00,96924.23,97136,96561.57,96887.14,736.9393402,646.0042485,90.93509166,68.64428028,75.53816446,54.85651191,944.07,1263.58,97177.31 - 99475.00 | bar 309 | 2025-02-21 20:00:00,92910.00 - 95214.90 | bar 717 | 2025-04-30 20:00:00,,,,,,
2025-05-03 08:00:00,96887.13,96935.67,96300.02,96337.5,675.1371522,651.8308292,23.30632297,48.7487508,66.60835991,13.02953258,920.09,1262.47,97177.31 - 99475.00 | bar 309 | 2025-02-21 20:00:00,92910.00 - 95214.90 | bar 717 | 2025-04-30 20:00:00,,,,,,
2025-05-03 12:00:00,96337.5,96593,96132.67,96322.68,617.8405417,645.0327717,-27.19223004,36.0916974,56.43613907,-4.597185947,897.32,1258.81,97177.31 - 99475.00 | bar 309 | 2025-02-21 20:00:00,92910.00 - 95214.90 | bar 717 | 2025-04-30 20:00:00,,,,,,
2025-05-03 16:00:00,96322.68,96421.91,95852.29,95942.02,535.5430771,623.1348328,-87.59175568,25.52487567,46.1323846,-15.69014219,873.02,1255.83,97177.31 - 99475.00 | bar 309 | 2025-02-21 20:00:00,92910.00 - 95214.90 | bar 717 | 2025-04-30 20:00:00,,,,,,
2025-05-03 20:00:00,95942.01,96509.44,95880.65,96418.68,502.9861111,599.1050885,-96.11897734,26.25596866,39.50691262,-0.245919267,884.67,1254.44,96650.94 - 97895.68 | bar 729 | 2025-05-02 20:00:00,92910.00 - 95214.90 | bar 717 | 2025-04-30 20:00:00,,,,,,
2025-05-04 00:00:00,96418.68,96428.33,95869.68,96354.34,466.6139456,572.6068599,-105.9929143,25.69380092,34.90254205,7.276318655,818.63,1252.33,96650.94 - 97895.68 | bar 729 | 2025-05-02 20:00:00,92910.00 - 95214.90 | bar 717 | 2025-04-30 20:00:00,,,,,,
2025-05-04 04:00:00,96354.34,96441.49,95753.01,95856.42,393.079583,536.7014045,-143.6218216,18.73794111,29.51434174,-2.814860147,749.64,1244.34,96650.94 - 97895.68 | bar 729 | 2025-05-02 20:00:00,92910.00 - 95214.90 | bar 717 | 2025-04-30 20:00:00,,,,,,
2025-05-04 08:00:00,95856.42,96304.48,95588,95722.23,320.2830358,493.4177308,-173.134695,14.53036282,24.5196821,-5.448275739,733.47,1241.45,96650.94 - 97895.68 | bar 729 | 2025-05-02 20:00:00,92910.00 - 95214.90 | bar 717 | 2025-04-30 20:00:00,,,,,,
2025-05-04 12:00:00,95722.22,96142.86,95692.7,95879.99,272.1835981,449.1709042,-176.9873061,15.97437625,21.67124682,4.58063511,715.51,1240.59,96650.94 - 97895.68 | bar 729 | 2025-05-02 20:00:00,92910.00 - 95214.90 | bar 717 | 2025-04-30 20:00:00,,,,,,
2025-05-04 16:00:00,95879.99,95923.54,95286.78,95423.2,194.9579578,398.3283149,-203.3703572,13.40739902,18.91663088,2.388935288,706.22,1239.65,96650.94 - 97895.68 | bar 729 | 2025-05-02 20:00:00,92910.00 - 95214.90 | bar 717 | 2025-04-30 20:00:00,,,,,,
2025-05-04 20:00:00,95423.19,95690.48,95209.07,95467.6,135.773676,345.8173871,-210.0437112,15.16521872,17.66616016,10.16333584,672.05,1238.51,96650.94 - 97895.68 | bar 729 | 2025-05-02 20:00:00,92910.00 - 95214.90 | bar 717 | 2025-04-30 20:00:00,,,,,,
2025-05-05 00:00:00,95467.6,95640.98,95239.33,95584.07,97.14800016,296.0835097,-198.9355096,19.72279452,18.35170495,22.46497367,647.17,1235.05,96650.94 - 97895.68 | bar 729 | 2025-05-02 20:00:00,92910.00 - 95214.90 | bar 717 | 2025-04-30 20:00:00,,,,,,
2025-05-05 04:00:00,95584.07,95758.08,94151.38,94277.62,-38.43961478,229.1788848,-267.6184996,14.93304746,17.21215245,10.37483748,673.02,1228.30,96650.94 - 97895.68 | bar 729 | 2025-05-02 20:00:00,92910.00 - 95214.90 | bar 717 | 2025-04-30 20:00:00,,,,,,
2025-05-05 08:00:00,94277.61,94808.4,93514.1,94031.47,-163.8670668,150.5696945,-314.4367613,15.84650578,16.7569369,14.02564354,693.10,1230.91,96650.94 - 97895.68 | bar 729 | 2025-05-02 20:00:00,92910.00 - 95214.90 | bar 717 | 2025-04-30 20:00:00,,,,,,
2025-05-05 12:00:00,94031.47,94825.46,94020.66,94761.91,-202.0002891,80.0556978,-282.0559869,24.77278453,19.42888611,35.46058137,709.56,1230.90,96650.94 - 97895.68 | bar 729 | 2025-05-02 20:00:00,92910.00 - 95214.90 | bar 717 | 2025-04-30 20:00:00,,,,,,
2025-05-05 16:00:00,94761.91,94798.01,93888,94038.18,-287.308195,6.582919237,-293.8911142,22.77574679,20.54450633,27.2382277,729.15,1231.69,96650.94 - 97895.68 | bar 729 | 2025-05-02 20:00:00,92910.00 - 95214.90 | bar 717 | 2025-04-30 20:00:00,,,,,,
2025-05-05 20:00:00,94038.19,94531.74,93613.66,93770.31,-372.239253,-69.18151521,-303.0577378,18.43263798,19.84055022,15.61681351,761.85,1232.18,96650.94 - 97895.68 | bar 729 | 2025-05-02 20:00:00,92910.00 - 95214.90 | bar 717 | 2025-04-30 20:00:00,,,,,,
2025-05-06 00:00:00,93770.32,94900,93759.63,94347.17,-388.5213155,-133.0494753,-255.4718402,23.81350999,21.16487014,29.11078968,802.62,1231.94,96650.94 - 97895.68 | bar 729 | 2025-05-02 20:00:00,92910.00 - 95214.90 | bar 717 | 2025-04-30 20:00:00,,,,,,
2025-05-06 04:00:00,94347.16,95199,93876,94733.68,-366.0176172,-179.6431037,-186.3745136,33.99199641,25.4405789,51.09483143,852.20,1224.20,96650.94 - 97895.68 | bar 729 | 2025-05-02 20:00:00,92910.00 - 95214.90 | bar 717 | 2025-04-30 20:00:00,,,,,,
2025-05-06 08:00:00,94733.68,94926.99,94012.78,94454.01,-366.5252312,-217.0195292,-149.5057021,36.6232795,29.16814576,51.53354697,877.60,1223.04,96650.94 - 97895.68 | bar 729 | 2025-05-02 20:00:00,92910.00 - 95214.90 | bar 717 | 2025-04-30 20:00:00,,,,,,
2025-05-06 12:00:00,94454.01,94638.01,94308.63,94400.99,-366.9755245,-247.0107282,-119.9647962,37.58987951,31.97539035,48.81885784,851.95,1193.79,96650.94 - 97895.68 | bar 729 | 2025-05-02 20:00:00,92910.00 - 95214.90 | bar 717 | 2025-04-30 20:00:00,,,,,,
2025-05-06 16:00:00,94400.98,94400.99,93720.63,93812.54,-410.0881414,-279.6262109,-130.4619305,30.96412764,31.63830278,29.61577736,849.37,1188.08,96650.94 - 97895.68 | bar 729 | 2025-05-02 20:00:00,92910.00 - 95214.90 | bar 717 | 2025-04-30 20:00:00,,,,,,
2025-05-06 20:00:00,93812.53,94733.38,93377,94558.95,-379.6497855,-299.6309258,-80.01885974,42.26642538,35.18101031,56.43725551,914.10,1191.18,96650.94 - 97895.68 | bar 729 | 2025-05-02 20:00:00,92910.00 - 95214.90 | bar 717 | 2025-04-30 20:00:00,,,,,,
2025-05-07 00:00:00,94558.94,95157,94216,94963.5,-319.2037827,-303.5454972,-15.6582855,57.202498,42.52150621,86.56448159,935.83,1192.18,96650.94 - 97895.68 | bar 729 | 2025-05-02 20:00:00,92910.00 - 95214.90 | bar 717 | 2025-04-30 20:00:00,,,,,,
2025-05-07 04:00:00,94963.5,96920.65,94452.75,96834.02,-118.9928826,-266.6349743,147.6420916,70.65344716,51.89881986,108.1627018,1077.72,1194.84,96650.94 - 97895.68 | bar 729 | 2025-05-02 20:00:00,92910.00 - 95214.90 | bar 717 | 2025-04-30 20:00:00,,,,,,
2025-05-07 08:00:00,96834.02,97732,96208.1,96506.9,13.12851066,-210.6822773,223.8107879,71.05867009,58.2854366,96.60513707,1157.88,1197.92,96650.94 - 97895.68 | bar 729 | 2025-05-02 20:00:00,92910.00 - 95214.90 | bar 717 | 2025-04-30 20:00:00,,,,,,
2025-05-07 12:00:00,96506.9,97013.53,96310.89,96994.82,155.4152033,-137.4627812,292.8779845,75.06337669,63.8780833,97.43396348,1093.31,1193.77,96650.94 - 97895.68 | bar 729 | 2025-05-02 20:00:00,92910.00 - 95214.90 | bar 717 | 2025-04-30 20:00:00,,,,,,
2025-05-07 16:00:00,96994.82,97111,96833.33,97047.43,269.319077,-56.10640954,325.4254865,78.13586001,68.63067554,97.14622895,1020.69,1190.98,96650.94 - 97895.68 | bar 729 | 2025-05-02 20:00:00,92910.00 - 95214.90 | bar 717 | 2025-04-30 20:00:00,,,,,,
2025-05-07 20:00:00,97047.43,97478.27,96713.14,96923.91,345.6373931,24.24235098,321.3950421,79.2387555,72.16670219,93.38286213,1017.86,1187.88,96650.94 - 97895.68 | bar 729 | 2025-05-02 20:00:00,92910.00 - 95214.90 | bar 717 | 2025-04-30 20:00:00,,,,,,
2025-05-08 00:00:00,96923.91,96961.04,95784.61,96180.01,342.1496078,87.82380234,254.3258054,74.28018067,72.87119502,77.09815197,1036.89,1178.46,96650.94 - 97895.68 | bar 729 | 2025-05-02 20:00:00,92910.00 - 95214.90 | bar 717 | 2025-04-30 20:00:00,,,,,,
2025-05-08 04:00:00,96180,97390,96076.92,97030.5,403.3632277,150.9316874,252.4315403,77.48414647,74.4088455,83.63474841,1065.10,1175.69,96650.94 - 97895.68 | bar 729 | 2025-05-02 20:00:00,92910.00 - 95214.90 | bar 717 | 2025-04-30 20:00:00,,,,,,
2025-05-08 08:00:00,97030.5,99222.22,96876.29,99152.79,616.0253718,243.9504243,372.0749475,84.5271394,77.78161014,98.01819794,1151.21,1178.00,97177.31 - 99475.00 | bar 309 | 2025-02-21 20:00:00,92910.00 - 95214.90 | bar 717 | 2025-04-30 20:00:00,,,,,,
2025-05-08 12:00:00,99152.79,99419,98723.25,99252.34,783.5620902,351.8727575,431.6893327,88.56614227,81.37645418,102.9455184,1106.41,1176.69,97177.31 - 99475.00 | bar 309 | 2025-02-21 20:00:00,95784.61 - 96961.04 | bar 760 | 2025-05-08 00:00:00,,,,,,
2025-05-08 16:00:00,99252.34,99888,99209.04,99409.14,918.4018315,465.1785723,453.2232592,88.48747378,83.74679405,97.96883324,1089.61,1175.73,97177.31 - 99475.00 | bar 309 | 2025-02-21 20:00:00,95784.61 - 96961.04 | bar 760 | 2025-05-08 00:00:00,,,,,,
2025-05-08 20:00:00,99409.15,101525.03,99090.66,100758.08,1121.187135,596.3802848,524.8068501,87.87147563,85.12168791,93.37105108,1239.96,1185.05,100918.00 - 102500.01 | bar 203 | 2025-02-04 04:00:00,95784.61 - 96961.04 | bar 760 | 2025-05-08 00:00:00,,,,,,
2025-05-09 00:00:00,100758.08,101707.02,100596,101299.99,1310.516736,739.207575,571.3091608,89.62341412,86.62226331,95.62571573,1270.73,1187.93,100918.00 - 102500.01 | bar 203 | 2025-02-04 04:00:00,95784.61 - 96961.04 | bar 760 | 2025-05-08 00:00:00,,,,,,
2025-05-09 04:00:00,101300,104145.76,101285.71,103261.6,1600.398939,911.4458478,688.9530912,89.55740211,87.60064291,93.4709205,1378.13,1196.38,,95784.61 - 96961.04 | bar 760 | 2025-05-08 00:00:00,,,,,,
2025-05-09 08:00:00,103261.61,103268.44,102364,102451.04,1744.616404,1078.079959,666.5364447,86.28194069,87.1610755,84.52367107,1375.52,1198.21,,95784.61 - 96961.04 | bar 760 | 2025-05-08 00:00:00,,,,,,
2025-05-09 12:00:00,102451.04,104361.3,102374.03,103628.77,1931.675598,1248.799087,682.8765112,87.90719272,87.40978124,88.90201567,1341.19,1203.87,,95784.61 - 96961.04 | bar 760 | 2025-05-08 00:00:00,,,,,,
2025-05-09 16:00:00,103628.76,103930,102421,102958.31,2002.734561,1399.586182,603.1483794,85.6901297,86.83656406,83.39726098,1340.12,1208.14,,95784.61 - 96961.04 | bar 760 | 2025-05-08 00:00:00,,,,,,
2025-05-09 20:00:00,102958.31,103793.66,102411.99,102895.99,2030.612956,1525.791536,504.8214194,81.79686662,85.15666491,75.07727003,1388.63,1212.51,,95784.61 - 96961.04 | bar 760 | 2025-05-08 00:00:00,,,,,,
2025-05-10 00:00:00,102895.99,103370.54,102315.14,103189.17,2052.701693,1631.173568,421.5281253,80.451626,83.58831861,74.17824078,1444.18,1215.26,,95784.61 - 96961.04 | bar 760 | 2025-05-08 00:00:00,,,,,,
2025-05-10 04:00:00,103189.17,103408,102727.25,102971.99,2029.290172,1710.796889,318.493283,78.18127818,81.7859718,70.97189094,1438.15,1214.84,,95784.61 - 96961.04 | bar 760 | 2025-05-08 00:00:00,,,,,,
2025-05-10 08:00:00,102971.99,103265.82,102818.76,103226.24,2008.104049,1770.258321,237.8457282,75.4057608,79.6592348,66.89881281,1386.05,1197.78,,95784.61 - 96961.04 | bar 760 | 2025-05-08 00:00:00,,,,,,
2025-05-10 12:00:00,103226.25,104100,103034.5,103759.71,2011.176869,1818.44203,192.7348391,77.08379072,78.80075344,73.64986529,1368.37,1189.43,,95784.61 - 96961.04 | bar 760 | 2025-05-08 00:00:00,,,,,,
2025-05-10 16:00:00,103759.71,104079.37,103366,103434.94,1964.757377,1847.7051,117.0522774,69.63149484,75.74433391,57.40581671,1251.76,1183.03,,95784.61 - 96961.04 | bar 760 | 2025-05-08 00:00:00,,,,,,
2025-05-10 20:00:00,103434.94,103825.4,103100,103138.77,1882.372335,1854.638547,27.73378796,59.83848754,70.44238512,38.63069237,1253.88,1169.28,,95784.61 - 96961.04 | bar 760 | 2025-05-08 00:00:00,,,,,,
2025-05-11 00:00:00,103138.76,103619.68,103005.33,103191.35,1800.568528,1843.824543,-43.25601467,56.25607344,65.71361456,37.34099121,1249.26,1159.89,,95784.61 - 96961.04 | bar 760 | 2025-05-08 00:00:00,,,,,,
2025-05-11 04:00:00,103191.35,104984.57,103068.87,104809.53,1845.043512,1844.068337,0.9751749475,68.65164726,66.69295879,72.5690242,1212.21,1142.19,,95784.61 - 96961.04 | bar 760 | 2025-05-08 00:00:00,,,,,,
2025-05-11 08:00:00,104809.53,104972,103466.05,104007.03,1794.845353,1834.22374,-39.37838682,66.89449727,66.76013828,67.16321523,1240.42,1139.46,,95784.61 - 96961.04 | bar 760 | 2025-05-08 00:00:00,,,,,,
2025-05-11 12:00:00,104007.03,104400,103345.06,103385.47,1685.4791,1804.474812,-118.9957123,54.31611721,62.61213126,37.72408912,1111.49,1134.16,,95784.61 - 96961.04 | bar 760 | 2025-05-08 00:00:00,,,,,,
2025-05-11 16:00:00,103385.46,104777,103380.95,104652.01,1681.620079,1779.903865,-98.28378607,64.42574674,63.21666975,66.84390072,1146.60,1130.66,,95784.61 - 96961.04 | bar 760 | 2025-05-08 00:00:00,,,,,,
2025-05-11 20:00:00,104652.01,104888,103775.91,104150,1619.386487,1747.80039,-128.4139027,62.22843616,62.88725856,60.91079137,1084.09,1130.25,,95784.61 - 96961.04 | bar 760 | 2025-05-08 00:00:00,,,,,,
2025-05-12 00:00:00,104150,104832.82,103750,104420,1573.711889,1712.98269,-139.2708004,65.31076238,63.69509316,68.5421008,1053.65,1129.37,,95784.61 - 96961.04 | bar 760 | 2025-05-08 00:00:00,,,,,,
2025-05-12 04:00:00,104420,104578.62,103569.77,104118,1495.901741,1669.5665,-173.6647587,62.27951918,63.22323517,60.39208721,1027.02,1123.42,,95784.61 - 96961.04 | bar 760 | 2025-05-08 00:00:00,,,,,,
2025-05-12 08:00:00,104118,105086.42,103702.15,104100.13,1416.466534,1618.946507,-202.4799726,59.05536188,61.83394407,53.49819749,1050.51,1119.40,,95784.61 - 96961.04 | bar 760 | 2025-05-08 00:00:00,,,,,,
2025-05-12 12:00:00,104100.13,105819.45,103750,104467.99,1367.433862,1568.643978,-201.2101162,56.3256955,59.99786121,48.98136406,1149.70,1124.52,,95784.61 - 96961.04 | bar 760 | 2025-05-08 00:00:00,,,,,,
2025-05-12 16:00:00,104467.99,104736.45,103625,103762.9,1257.188162,1506.352815,-249.1646523,43.17932573,54.39168272,20.75461174,1197.16,1118.83,,95784.61 - 96961.04 | bar 760 | 2025-05-08 00:00:00,,,,,,
2025-05-12 20:00:00,103762.89,104629.96,102388,102527.26,1057.916824,1416.665617,-358.7487928,30.13899805,46.30745449,-2.197914851,1281.19,1115.15,,95784.61 - 96961.04 | bar 760 | 2025-05-08 00:00:00,,,,,,
2025-05-13 00:00:00,102527.27,103088.88,100718.37,101860,836.5078053,1300.634054,-464.126249,27.55271957,40.05587619,2.546406348,1399.56,1116.38,103750.00 - 105819.45 | bar 787 | 2025-05-12 12:00:00,95784.61 - 96961.04 | bar 760 | 2025-05-08 00:00:00,,,,,,
2025-05-13 04:00:00,101859.99,103127.92,101770.2,102791.32,727.7996819,1186.06718,-458.2674979,31.914304,37.34201879,21.05887441,1444.72,1111.63,103750.00 - 105819.45 | bar 787 | 2025-05-12 12:00:00,95784.61 - 96961.04 | bar 760 | 2025-05-08 00:00:00,,,,,,
2025-05-13 08:00:00,102791.32,102791.32,101429.7,101719.4,548.8261986,1058.618984,-509.7927849,27.81749719,34.16717826,15.11813505,1498.10,1089.17,103750.00 - 105819.45 | bar 787 | 2025-05-12 12:00:00,95784.61 - 96961.04 | bar 760 | 2025-05-08 00:00:00,,,,,,
2025-05-13 12:00:00,101719.4,102943.28,101610.56,102665.5,477.8227436,942.4597356,-464.6369919,31.26864358,33.20100003,27.40393067,1456.46,1087.83,103750.00 - 105819.45 | bar 787 | 2025-05-12 12:00:00,95784.61 - 96961.04 | bar 760 | 2025-05-08 00:00:00,,,,,,
2025-05-13 16:00:00,102665.5,103822.03,102540.18,103729.2,501.6015439,854.2880973,-352.6865533,40.52022348,35.64074118,50.27918808,1440.45,1087.84,103750.00 - 105819.45 | bar 787 | 2025-05-12 12:00:00,95784.61 - 96961.04 | bar 760 | 2025-05-08 00:00:00,,,,,,
2025-05-13 20:00:00,103729.2,103966,102811.32,103682.55,510.7940337,785.5892845,-274.7952509,46.38310601,39.22152946,60.70625911,1447.57,1088.36,103750.00 - 105819.45 | bar 787 | 2025-05-12 12:00:00,95784.61 - 96961.04 | bar 760 | 2025-05-08 00:00:00,,,,,,
2025-05-14 00:00:00,103682.54,104976.25,103532.18,104792.22,600.6957959,748.6105868,-147.9147909,62.81470269,47.08592053,94.27226699,1451.00,1091.67,103750.00 - 105819.45 | bar 787 | 2025-05-12 12:00:00,95784.61 - 96961.04 | bar 760 | 2025-05-08 00:00:00,,,,,,
2025-05-14 04:00:00,104792.21,104928,103869.01,104103.72,609.3630365,720.7610767,-111.3980403,68.37909418,54.18364508,96.76999237,1447.21,1077.66,103750.00 - 105819.45 | bar 787 | 2025-05-12 12:00:00,101429.70 - 102791.32 | bar 792 | 2025-05-13 08:00:00,,,,,,
2025-05-14 08:00:00,104103.72,104115.86,103453.26,103587.44,568.0245721,690.2137758,-122.1892037,68.0469275,58.80473922,86.53130407,1417.20,1073.00,103750.00 - 105819.45 | bar 787 | 2025-05-12 12:00:00,101429.70 - 102791.32 | bar 792 | 2025-05-13 08:00:00,,,,,,
2025-05-14 12:00:00,103587.44,103971,103381.02,103716.55,539.4630451,660.0636297,-120.6005846,66.85827649,61.48925164,77.59632618,1387.28,1072.66,103750.00 - 105819.45 | bar 787 | 2025-05-12 12:00:00,101429.70 - 102791.32 | bar 792 | 2025-05-13 08:00:00,,,,,,
2025-05-14 16:00:00,103716.55,104145,102875.22,103944.93,529.1564009,633.8821839,-104.725783,68.21234166,63.73028165,77.17646169,1379.10,1069.33,103750.00 - 105819.45 | bar 787 | 2025-05-12 12:00:00,101429.70 - 102791.32 | bar 792 | 2025-05-13 08:00:00,,,,,,
2025-05-14 20:00:00,103944.93,104356.95,102833.55,103514.24,480.6940853,603.2445642,-122.5504789,64.32868074,63.92974801,65.12654619,1340.10,1072.30,103750.00 - 105819.45 | bar 787 | 2025-05-12 12:00:00,101429.70 - 102791.32 | bar 792 | 2025-05-13 08:00:00,,,,,,
2025-05-15 00:00:00,103514.24,103720.44,102602.05,103321.72,421.8893186,566.9735151,-145.0841965,53.57978747,60.47976117,39.77984007,1340.59,1066.88,103750.00 - 105819.45 | bar 787 | 2025-05-12 12:00:00,101429.70 - 102791.32 | bar 792 | 2025-05-13 08:00:00,,,,,,
2025-05-15 04:00:00,103321.73,103667.52,103304.66,103507.82,385.8549365,530.7497993,-144.8948629,48.43670328,56.46540854,32.37929278,1206.37,1058.73,103750.00 - 105819.45 | bar 787 | 2025-05-12 12:00:00,101429.70 - 102791.32 | bar 792 | 2025-05-13 08:00:00,,,,,,
2025-05-15 08:00:00,103507.83,103866.51,102720,102753.63,293.0623586,483.2123112,-190.1499526,34.41929097,49.11670268,5.02446755,1118.94,1053.44,103750.00 - 105819.45 | bar 787 | 2025-05-12 12:00:00,101429.70 - 102791.32 | bar 792 | 2025-05-13 08:00:00,,,,,,
2025-05-15 12:00:00,102753.62,102962.38,101724.17,101779.99,139.3525912,414.4403672,-275.087776,23.52695721,40.58678753,-10.59270341,1110.40,1053.94,103532.18 - 104976.25 | bar 796 | 2025-05-14 00:00:00,101429.70 - 102791.32 | bar 792 | 2025-05-13 08:00:00,,,,,,
2025-05-15 16:00:00,101779.99,102441,101500,102371.61,64.53140495,344.4585748,-279.9271698,25.85410791,35.67589432,6.2105351,1080.36,1054.75,103532.18 - 104976.25 | bar 796 | 2025-05-14 00:00:00,101429.70 - 102791.32 | bar 792 | 2025-05-13 08:00:00,,,,,,
2025-05-15 20:00:00,102371.62,103291.99,101383.07,103251.35,75.35410623,290.6376811,-215.2835748,38.17706485,36.50961783,41.5119589,1121.52,1059.43,103532.18 - 104976.25 | bar 796 | 2025-05-14 00:00:00,101429.70 - 102791.32 | bar 792 | 2025-05-13 08:00:00,,,,,,
2025-05-16 00:00:00,103251.36,104192.7,102552.35,103157.26,75.46893935,247.6039327,-172.1349934,45.33774275,39.45232614,57.10857598,1147.12,1064.00,103532.18 - 104976.25 | bar 796 | 2025-05-14 00:00:00,101429.70 - 102791.32 | bar 792 | 2025-05-13 08:00:00,,,,,,
2025-05-16 04:00:00,103157.26,103980.84,102708.46,103763.71,123.0766412,222.6984744,-99.6218332,56.90904507,45.27123245,80.18467031,1155.53,1060.72,103532.18 - 104976.25 | bar 796 | 2025-05-14 00:00:00,101429.70 - 102791.32 | bar 792 | 2025-05-13 08:00:00,,,,,,
2025-05-16 08:00:00,103763.71,104466.01,103467.91,104023.49,179.6967308,214.0981257,-34.40139489,66.48808635,52.34351708,94.77722489,1123.68,1061.53,103532.18 - 104976.25 | bar 796 | 2025-05-14 00:00:00,101429.70 - 102791.32 | bar 792 | 2025-05-13 08:00:00,,,,,,
2025-05-16 12:00:00,104023.49,104190.48,103694.18,103710.17,197.0151858,210.6815377,-13.66635189,69.48643847,58.05782421,92.34366699,1083.48,1058.87,103532.18 - 104976.25 | bar 796 | 2025-05-14 00:00:00,101429.70 - 102791.32 | bar 792 | 2025-05-13 08:00:00,,,,,,
2025-05-16 16:00:00,103710.17,103900,103100.49,103651.71,203.6751129,209.2802527,-5.605139888,70.85325925,62.32296923,87.91383931,1093.26,1055.99,103532.18 - 104976.25 | bar 796 | 2025-05-14 00:00:00,101429.70 - 102791.32 | bar 792 | 2025-05-13 08:00:00,,,,,,
2025-05-16 20:00:00,103651.72,104286,103343.07,104183.33,248.9803535,217.2202729,31.76008064,77.51244961,67.38612935,97.76509011,1118.47,1055.52,103532.18 - 104976.25 | bar 796 | 2025-05-14 00:00:00,101429.70 - 102791.32 | bar 792 | 2025-05-13 08:00:00,,,,,,
2025-05-17 00:00:00,104183.32,104550.33,103587,104032.6,269.614484,227.6991151,41.91536885,79.55953119,71.44392997,95.79073364,1096.58,1056.67,103532.18 - 104976.25 | bar 796 | 2025-05-14 00:00:00,101429.70 - 102791.32 | bar 792 | 2025-05-13 08:00:00,,,,,,
2025-05-17 04:00:00,104032.6,104032.6,103397.5,103463.9,237.341914,229.6276749,7.714239074,74.93905789,72.60897261,79.59922847,1033.13,1053.75,103532.18 - 104976.25 | bar 796 | 2025-05-14 00:00:00,101429.70 - 102791.32 | bar 792 | 2025-05-13 08:00:00,,,,,,
2025-05-17 08:00:00,103463.9,103600,102612.5,103508.48,212.9086251,226.2838649,-13.37523987,65.91098306,70.37630942,56.98033032,1023.79,1048.99,103532.18 - 104976.25 | bar 796 | 2025-05-14 00:00:00,101429.70 - 102791.32 | bar 792 | 2025-05-13 08:00:00,,,,,,
2025-05-17 12:00:00,103508.48,103709.86,103285.71,103451.14,186.7652947,218.3801509,-31.61485617,58.36641339,66.37301075,42.35321868,1028.16,1044.05,103532.18 - 104976.25 | bar 796 | 2025-05-14 00:00:00,101429.70 - 102791.32 | bar 792 | 2025-05-13 08:00:00,,,,,,
2025-05-17 16:00:00,103451.13,103568.58,102753.67,102994.17,127.7008018,200.2442811,-72.54347929,45.47618964,59.40740371,17.6137615,1004.48,1038.79,103532.18 - 104976.25 | bar 796 | 2025-05-14 00:00:00,101429.70 - 102791.32 | bar 792 | 2025-05-13 08:00:00,,,,,,
2025-05-17 20:00:00,102994.18,103180,102640.02,102939.53,75.61117565,175.31766,-99.70648432,35.94282422,51.58587721,4.656718221,954.60,1037.00,103532.18 - 104976.25 | bar 796 | 2025-05-14 00:00:00,101429.70 - 102791.32 | bar 792 | 2025-05-13 08:00:00,,,,,,
2025-05-18 00:00:00,102939.52,103350,102761.9,103158.6,51.41421872,150.5369717,-99.12275301,33.35555167,45.50910203,9.048450955,929.40,1036.36,103532.18 - 104976.25 | bar 796 | 2025-05-14 00:00:00,101429.70 - 102791.32 | bar 792 | 2025-05-13 08:00:00,,,,,,
2025-05-18 04:00:00,103158.6,103477.87,102900.72,103126.65,29.32185395,126.2939482,-96.97209422,31.0811195,40.69977452,11.84380945,834.27,1028.79,103532.18 - 104976.25 | bar 796 | 2025-05-14 00:00:00,101429.70 - 102791.32 | bar 792 | 2025-05-13 08:00:00,,,,,,
2025-05-18 08:00:00,103126.65,103409.98,103105.09,103295.7,25.16433906,106.0680263,-80.90368728,32.4727232,37.95742408,21.50332144,738.88,1023.59,103532.18 - 104976.25 | bar 796 | 2025-05-14 00:00:00,101429.70 - 102791.32 | bar 792 | 2025-05-13 08:00:00,,,,,,
2025-05-18 12:00:00,103295.7,103988,103295.69,103919.39,71.37330217,99.12908151,-27.75577934,52.32449087,42.74644634,71.48057991,697.45,1024.32,103532.18 - 104976.25 | bar 796 | 2025-05-14 00:00:00,101429.70 - 102791.32 | bar 792 | 2025-05-13 08:00:00,,,,,,
2025-05-18 16:00:00,103919.39,104088.2,103800,103800.54,97.28262309,98.75978983,-1.477166735,61.71861994,49.07050421,87.0148514,646.74,1020.42,103532.18 - 104976.25 | bar 796 | 2025-05-14 00:00:00,101429.70 - 102791.32 | bar 792 | 2025-05-13 08:00:00,,,,,,
2025-05-18 20:00:00,103800.55,105680,103701.4,105518,253.4786708,129.703566,123.7751048,72.70275248,56.9479203,104.2124169,752.62,1026.71,103750.00 - 105819.45 | bar 787 | 2025-05-12 12:00:00,101429.70 - 102791.32 | bar 792 | 2025-05-13 08:00:00,,,,,,
2025-05-19 00:00:00,105518,105980,103851.01,103883.97,242.6158744,152.2860277,90.3298467,60.88324666,58.25969575,66.13034846,847.58,1034.11,103750.00 - 105819.45 | bar 787 | 2025-05-12 12:00:00,101429.70 - 102791.32 | bar 792 | 2025-05-13 08:00:00,,,,,,
2025-05-19 04:00:00,103883.98,106660,103285.71,106454.26,436.3776621,209.1043546,227.2733075,72.2161858,62.9118591,90.8248392,1021.25,1041.62,,101429.70 - 102791.32 | bar 792 | 2025-05-13 08:00:00,,,,,,
2025-05-19 08:00:00,106454.27,107108.62,103534.47,103605.88,355.9911691,238.4817175,117.5094516,54.61628372,60.14666731,43.55551654,1207.74,1053.36,,101429.70 - 102791.32 | bar 792 | 2025-05-13 08:00:00,,,,,,
2025-05-19 12:00:00,103605.9,103779.99,102000,103226.29,258.6727354,242.5199211,16.15281432,44.41229912,54.90187791,23.43314155,1289.51,1059.08,,101429.70 - 102791.32 | bar 792 | 2025-05-13 08:00:00,,,,,,
2025-05-19 16:00:00,103226.29,103425.53,102782.6,102963.41,158.5077775,225.7174924,-67.20971486,35.89437194,48.56604259,10.55103064,1264.90,1058.05,,101429.70 - 102791.32 | bar 792 | 2025-05-13 08:00:00,,,,,,
2025-05-19 20:00:00,102963.4,104968.75,102126.16,104786.41,223.6491036,225.3038146,-1.654710988,42.11068173,46.41425564,33.50353393,1437.65,1069.26,103701.40 - 105680.00 | bar 825 | 2025-05-18 20:00:00,101429.70 - 102791.32 | bar 792 | 2025-05-13 08:00:00,104786.41,100710.88,112937.48,,OPEN LONG,
2025-05-20 00:00:00,104786.42,105561.76,104491.53,105517.7,330.4735716,246.337766,84.13580561,51.02649651,47.95166926,57.17615101,1455.89,1069.68,103701.40 - 105680.00 | bar 825 | 2025-05-18 20:00:00,101429.70 - 102791.32 | bar 792 | 2025-05-13 08:00:00,104786.41,100710.88,112937.48,,RUNNING LONG,0.70%
2025-05-20 04:00:00,105517.64,105829.99,105016.27,105573.74,414.8723022,280.0446732,134.8276289,57.33602951,51.07978934,69.84850984,1475.44,1064.96,103701.40 - 105680.00 | bar 825 | 2025-05-18 20:00:00,101429.70 - 102791.32 | bar 792 | 2025-05-13 08:00:00,104786.41,100710.88,112937.48,,RUNNING LONG,0.75%
2025-05-20 08:00:00,105573.73,106853.27,105533.01,105761.92,491.2802842,322.2917954,168.9884887,62.77024416,54.97660762,78.35751725,1527.74,1060.44,,101429.70 - 102791.32 | bar 792 | 2025-05-13 08:00:00,104786.41,100710.88,112937.48,,RUNNING LONG,0.93%
2025-05-20 12:00:00,105761.92,106399,104928.44,105021.71,486.4973609,355.1329085,131.3644523,61.5632434,57.17215288,70.34542444,1591.55,1064.51,,101429.70 - 102791.32 | bar 792 | 2025-05-13 08:00:00,104786.41,100710.88,112937.48,,RUNNING LONG,0.22%
2025-05-20 16:00:00,105021.7,105416.66,104847.16,105203.76,491.7284339,382.4520136,109.2764203,61.94643778,58.76358118,68.31215099,1610.45,1063.95,,101429.70 - 102791.32 | bar 792 | 2025-05-13 08:00:00,104786.41,100710.88,112937.48,,RUNNING LONG,0.40%
2025-05-20 20:00:00,105203.75,105391.27,104184.72,105333.68,500.5870988,406.0790306,94.50806812,64.19407782,60.57374673,71.43474001,1647.18,1064.22,,101429.70 - 102791.32 | bar 792 | 2025-05-13 08:00:00,104786.41,100710.88,112937.48,,RUNNING LONG,0.52%
2025-05-21 00:00:00,105333.67,107238.37,105090.9,107026.47,636.8603308,452.2352907,184.6250401,74.74772575,65.2984064,93.64636445,1779.99,1072.09,,101429.70 - 102791.32 | bar 792 | 2025-05-13 08:00:00,104786.41,100710.88,112937.48,,RUNNING LONG,2.14%
2025-05-21 04:00:00,107026.47,107320,105935.83,106849.99,722.2912637,506.2464853,216.0447785,80.14869254,70.24850178,99.94907406,1737.53,1073.38,,101429.70 - 102791.32 | bar 792 | 2025-05-13 08:00:00,104786.41,100710.88,112937.48,,RUNNING LONG,1.97%
2025-05-21 08:00:00,106850,107206.94,106186.79,106843.59,780.4825501,561.0936982,219.3888519,81.70075033,74.06591796,96.97041507,1658.33,1073.09,,101429.70 - 102791.32 | bar 792 | 2025-05-13 08:00:00,104786.41,100710.88,112937.48,,RUNNING LONG,1.96%
2025-05-21 12:00:00,106843.6,107985.05,106454.54,106527.16,791.9373466,607.2624279,184.6749187,75.01310193,74.38164595,76.27601389,1526.63,1078.65,,101429.70 - 102791.32 | bar 792 | 2025-05-13 08:00:00,104786.41,100710.88,112937.48,,RUNNING LONG,1.66%
2025-05-21 16:00:00,106527.17,106797.98,106100.01,106546.44,793.4249809,644.4949385,148.9300424,70.72377779,73.16235657,65.84662024,1321.19,1080.10,,101429.70 - 102791.32 | bar 792 | 2025-05-13 08:00:00,104786.41,100710.88,112937.48,,RUNNING LONG,1.68%
2025-05-21 20:00:00,106546.43,109458,106329.47,108973.35,979.1482843,711.4256077,267.7226766,77.41896036,74.5812245,83.09443209,1417.51,1093.62,,101429.70 - 102791.32 | bar 792 | 2025-05-13 08:00:00,104786.41,100710.88,112937.48,108973.35,ATR MOVE EXIT,4.00%
2025-05-22 00:00:00,108973.34,109845,106117.67,108603.79,1084.01904,785.9442942,298.074746,77.63650007,75.59964969,81.71020084,1637.82,1110.79,,102000.00 - 103779.99 | bar 829 | 2025-05-19 12:00:00,,,,,,
2025-05-22 04:00:00,108603.79,110797.38,107725,109643.99,1236.808162,876.1170677,360.6910941,79.27695043,76.8254166,84.18001809,1654.24,1124.00,,102000.00 - 103779.99 | bar 829 | 2025-05-19 12:00:00,,,,,,
2025-05-22 08:00:00,109643.99,111880,109177.37,111780.84,1512.881027,1003.46986,509.4111677,85.69777478,79.78286933,97.52758569,1770.84,1135.78,,102000.00 - 103779.99 | bar 829 | 2025-05-19 12:00:00,,,,,,
2025-05-22 12:00:00,111780.84,111795.04,110461.87,111045.45,1653.273033,1133.430494,519.8425386,85.7852475,81.78366205,93.78841839,1807.94,1140.73,,102000.00 - 103779.99 | bar 829 | 2025-05-19 12:00:00,,,,,,
2025-05-22 16:00:00,111045.45,111326.2,110272.72,110981.97,1739.362119,1254.616819,484.7453001,85.34453897,82.97062103,90.09237486,1788.89,1142.89,,102000.00 - 103779.99 | bar 829 | 2025-05-19 12:00:00,,,,,,
2025-05-22 20:00:00,110981.98,111626.43,110550,111290.86,1811.629841,1366.019424,445.6104174,86.83210891,84.25778365,91.98075943,1760.73,1146.19,,102000.00 - 103779.99 | bar 829 | 2025-05-19 12:00:00,,,,,,
2025-05-23 00:00:00,111290.85,111980,110916.4,111188,1839.39914,1460.695367,378.7037735,86.73160239,85.0823899,90.03002737,1796.03,1149.90,,102000.00 - 103779.99 | bar 829 | 2025-05-19 12:00:00,,,,,,
2025-05-23 04:00:00,111188,111717.34,110763.27,111696.21,1880.734869,1544.703267,336.0316018,89.5407656,86.56851513,95.48526654,1777.99,1151.63,,102000.00 - 103779.99 | bar 829 | 2025-05-19 12:00:00,,,,,,
2025-05-23 08:00:00,111696.22,111800,111000.13,111100.01,1844.127422,1604.588098,239.5393234,88.02353517,87.05352181,89.96356189,1681.74,1152.45,,102000.00 - 103779.99 | bar 829 | 2025-05-19 12:00:00,,,,,,
2025-05-23 12:00:00,111100,111181.82,110407.89,110715.42,1763.751132,1636.420705,127.3304268,82.10907045,85.40537136,75.51646864,1638.15,1154.56,,102000.00 - 103779.99 | bar 829 | 2025-05-19 12:00:00,,,,,,
2025-05-23 16:00:00,110715.41,111381.61,108888,109076.35,1549.926504,1619.121865,-69.19536054,56.76988914,75.86021062,18.58924618,1743.39,1165.68,,102000.00 - 103779.99 | bar 829 | 2025-05-19 12:00:00,,,,,,
2025-05-23 20:00:00,109076.36,109992.75,107316,108940,1353.860184,1566.069529,-212.209345,49.45322512,67.05788212,14.24391112,1825.27,1176.21,110916.40 - 111980.00 | bar 850 | 2025-05-23 00:00:00,102000.00 - 103779.99 | bar 829 | 2025-05-19 12:00:00,,,,,,
2025-05-24 00:00:00,108940,109809.53,108001,108716.07,1166.955001,1486.246623,-319.2916217,42.97503459,59.03026628,10.86457121,1904.59,1181.08,110916.40 - 111980.00 | bar 850 | 2025-05-23 00:00:00,102000.00 - 103779.99 | bar 829 | 2025-05-19 12:00:00,,,,,,
2025-05-24 04:00:00,108714.01,108727.28,106800,107318.3,895.717665,1368.140832,-472.4231666,31.98528689,50.01527315,-4.074685617,1818.79,1187.89,110916.40 - 111980.00 | bar 850 | 2025-05-23 00:00:00,102000.00 - 103779.99 | bar 829 | 2025-05-19 12:00:00,,,,,,
2025-05-24 08:00:00,107318.3,108367.54,106875.41,108366.3,756.6033112,1245.833327,-489.2300163,31.40267517,43.81107382,6.585877876,1659.13,1193.39,110916.40 - 111980.00 | bar 850 | 2025-05-23 00:00:00,102000.00 - 103779.99 | bar 829 | 2025-05-19 12:00:00,,,,,,
2025-05-24 12:00:00,108366.31,108582.33,107566.37,107587.75,576.8817712,1112.043016,-535.161245,26.18678345,37.93631037,2.687729618,1512.25,1195.07,110916.40 - 111980.00 | bar 850 | 2025-05-23 00:00:00,102000.00 - 103779.99 | bar 829 | 2025-05-19 12:00:00,,,,,,
2025-05-24 16:00:00,107587.75,109506.03,107587.74,109208.56,558.7955302,1001.393519,-442.5979888,33.5149223,36.46251434,27.61973821,1456.22,1192.18,110916.40 - 111980.00 | bar 850 | 2025-05-23 00:00:00,102000.00 - 103779.99 | bar 829 | 2025-05-19 12:00:00,,,,,,
2025-05-24 20:00:00,109208.57,109282.81,108540,108929.7,516.012116,904.3172384,-388.3051224,37.83783476,36.92095448,39.67159531,1414.05,1192.40,110916.40 - 111980.00 | bar 850 | 2025-05-23 00:00:00,102000.00 - 103779.99 | bar 829 | 2025-05-19 12:00:00,,,,,,
2025-05-25 00:00:00,108929.71,109200,108682.36,108960,479.0289611,819.2595829,-340.2306219,40.94022292,38.26071063,46.29924751,1375.78,1189.23,110916.40 - 111980.00 | bar 850 | 2025-05-23 00:00:00,102000.00 - 103779.99 | bar 829 | 2025-05-19 12:00:00,,,,,,
2025-05-25 04:00:00,108960,109125,107500,107761.91,349.0204042,725.2117472,-376.191343,37.33613066,37.9525173,36.10335736,1414.96,1188.93,110916.40 - 111980.00 | bar 850 | 2025-05-23 00:00:00,102000.00 - 103779.99 | bar 829 | 2025-05-19 12:00:00,,,,,,
2025-05-25 08:00:00,107761.9,108257.14,107206,108095.75,269.8155189,634.1325015,-364.3169826,39.24238564,38.38247342,40.96221009,1414.07,1184.78,110916.40 - 111980.00 | bar 850 | 2025-05-23 00:00:00,102000.00 - 103779.99 | bar 829 | 2025-05-19 12:00:00,,,,,,
2025-05-25 12:00:00,108095.76,108288.69,107454.54,107681.81,171.6647339,541.638948,-369.9742141,37.02387454,37.92960712,35.21240936,1405.51,1185.25,110916.40 - 111980.00 | bar 850 | 2025-05-23 00:00:00,102000.00 - 103779.99 | bar 829 | 2025-05-19 12:00:00,,,,,,
2025-05-25 16:00:00,107681.82,107700.65,106708.98,107260,59.16101651,445.1433617,-385.9823452,31.2492634,35.70282588,22.34213843,1419.21,1181.21,110916.40 - 111980.00 | bar 850 | 2025-05-23 00:00:00,102000.00 - 103779.99 | bar 829 | 2025-05-19 12:00:00,,,,,,
2025-05-25 20:00:00,107259.99,107743.34,106600.64,106967.97,-52.95296171,345.524097,-398.4770587,25.04719329,32.15094835,10.83968317,1445.55,1184.26,110916.40 - 111980.00 | bar 850 | 2025-05-23 00:00:00,102000.00 - 103779.99 | bar 829 | 2025-05-19 12:00:00,,,,,,
2025-05-26 00:00:00,106967.97,107940.95,106640.52,107717.01,-80.43561744,260.3321541,-340.7677716,29.50616267,31.26935312,25.97978175,1360.32,1188.46,110916.40 - 111980.00 | bar 850 | 2025-05-23 00:00:00,102000.00 - 103779.99 | bar 829 | 2025-05-19 12:00:00,,,,,,
2025-05-26 04:00:00,107717.02,109299.99,107176,109004.19,1.630058178,208.5917349,-206.9616768,49.35137723,37.29669449,73.46074271,1320.84,1184.29,110916.40 - 111980.00 | bar 850 | 2025-05-23 00:00:00,102000.00 - 103779.99 | bar 829 | 2025-05-19 12:00:00,,,,,,
2025-05-26 08:00:00,109004.2,109844.91,108670.58,109623.53,115.3139914,189.9361862,-74.62219483,63.95967713,46.18435537,99.51032066,1275.54,1184.81,110916.40 - 111980.00 | bar 850 | 2025-05-23 00:00:00,102000.00 - 103779.99 | bar 829 | 2025-05-19 12:00:00,,,,,,
2025-05-26 12:00:00,109623.54,110228.11,109365.29,110094.62,240.6483096,200.0786109,40.56969866,74.74645966,55.7050568,112.8292654,1199.50,1174.98,110916.40 - 111980.00 | bar 850 | 2025-05-23 00:00:00,106600.64 - 107743.34 | bar 867 | 2025-05-25 20:00:00,,,,,,
2025-05-26 16:00:00,110094.62,110173.92,109556.69,109772.72,310.4236493,222.1476186,88.27603073,78.97966351,63.46325904,110.0124725,1137.01,1171.42,110916.40 - 111980.00 | bar 850 | 2025-05-23 00:00:00,106600.64 - 107743.34 | bar 867 | 2025-05-25 20:00:00,,,,,,
2025-05-26 20:00:00,109772.73,110420.74,109494.74,110009.82,380.467307,253.8115563,126.6557507,82.40084685,69.77578831,107.6509639,1130.59,1169.82,110916.40 - 111980.00 | bar 850 | 2025-05-23 00:00:00,106600.64 - 107743.34 | bar 867 | 2025-05-25 20:00:00,,,,,,
2025-05-27 00:00:00,110009.83,110422.22,108858.28,109130.44,360.8590352,275.2210521,85.63798319,76.99981479,72.18379714,86.6318501,1105.28,1171.65,110916.40 - 111980.00 | bar 850 | 2025-05-23 00:00:00,106600.64 - 107743.34 | bar 867 | 2025-05-25 20:00:00,,,,,,
2025-05-27 04:00:00,109130.44,109888.89,108940,109434.79,365.662708,293.3093832,72.35332475,76.05378791,73.47379406,81.21377561,1120.00,1162.60,110916.40 - 111980.00 | bar 850 | 2025-05-23 00:00:00,106600.64 - 107743.34 | bar 867 | 2025-05-25 20:00:00,,,,,,
2025-05-27 08:00:00,109434.78,109666,107516.57,108892.16,321.9724492,299.0419964,22.93045279,70.54933138,72.49897317,66.65004781,1236.55,1166.81,110916.40 - 111980.00 | bar 850 | 2025-05-23 00:00:00,106600.64 - 107743.34 | bar 867 | 2025-05-25 20:00:00,,,,,,
2025-05-27 12:00:00,108892.15,109636.37,108550,109547.16,336.3237001,306.4983372,29.8253629,71.38079582,72.12624739,69.8898927,1198.08,1168.84,110916.40 - 111980.00 | bar 850 | 2025-05-23 00:00:00,106600.64 - 107743.34 | bar 867 | 2025-05-25 20:00:00,,,,,,
2025-05-27 16:00:00,109540,109899,109428.98,109585.49,346.7924727,314.5571643,32.2353084,71.32164562,71.8580468,70.24884326,1156.57,1165.50,110916.40 - 111980.00 | bar 850 | 2025-05-23 00:00:00,106600.64 - 107743.34 | bar 867 | 2025-05-25 20:00:00,,,,,,
2025-05-27 20:00:00,109585.49,110718,108670.29,110140.11,395.2856424,330.7028599,64.58278249,74.86409842,72.86006401,78.87216726,1243.25,1171.73,110916.40 - 111980.00 | bar 850 | 2025-05-23 00:00:00,106600.64 - 107743.34 | bar 867 | 2025-05-25 20:00:00,,,,,,
2025-05-28 00:00:00,110140.11,110499.64,109574.46,109877.87,407.8547566,346.1332392,61.7215174,74.49528713,73.40513838,76.67558463,1238.50,1171.37,110916.40 - 111980.00 | bar 850 | 2025-05-23 00:00:00,106600.64 - 107743.34 | bar 867 | 2025-05-25 20:00:00,,,,,,
2025-05-28 04:00:00,109877.87,109897.49,108600,108938.17,338.0926125,344.5251139,-6.432501422,64.46524357,70.42517344,52.54538382,1249.56,1172.78,110916.40 - 111980.00 | bar 850 | 2025-05-23 00:00:00,106600.64 - 107743.34 | bar 867 | 2025-05-25 20:00:00,,,,,,
2025-05-28 08:00:00,108938.17,109284.7,108400,108863.64,273.6373415,330.3475594,-56.71021789,57.00254047,65.95096245,39.10569651,1219.86,1172.29,110916.40 - 111980.00 | bar 850 | 2025-05-23 00:00:00,106600.64 - 107743.34 | bar 867 | 2025-05-25 20:00:00,,,,,,
2025-05-28 12:00:00,108863.64,109089.68,108624.43,108816.44,216.2545812,307.5289638,-91.27438257,51.53595802,61.14596098,32.31595212,1101.38,1169.71,110916.40 - 111980.00 | bar 850 | 2025-05-23 00:00:00,106600.64 - 107743.34 | bar 867 | 2025-05-25 20:00:00,,,,,,
2025-05-28 16:00:00,108816.44,109130.44,108258.01,108870.38,173.1350444,280.6501799,-107.5151355,48.45319375,56.91503857,31.52950411,1079.82,1166.13,110916.40 - 111980.00 | bar 850 | 2025-05-23 00:00:00,106600.64 - 107743.34 | bar 867 | 2025-05-25 20:00:00,,,,,,
2025-05-28 20:00:00,108870.39,109053.39,107045.45,107107.31,-3.264878082,223.8671683,-227.1320464,32.86359191,48.89788968,0.7949963664,1161.61,1171.94,110916.40 - 111980.00 | bar 850 | 2025-05-23 00:00:00,106600.64 - 107743.34 | bar 867 | 2025-05-25 20:00:00,,,,,,
2025-05-29 00:00:00,107107.31,107842.29,106938.24,106946.01,-154.2999754,148.2337396,-302.533715,21.97758414,39.9244545,-13.91615658,1182.10,1170.86,108670.29 - 110718.00 | bar 879 | 2025-05-27 20:00:00,106600.64 - 107743.34 | bar 867 | 2025-05-25 20:00:00,,,,,,
2025-05-29 04:00:00,106946,108043.95,106769.43,107781.78,-204.2028013,77.74643139,-281.9492327,23.19785465,34.34892122,0.8957215196,1206.99,1168.09,108670.29 - 110718.00 | bar 879 | 2025-05-27 20:00:00,106600.64 - 107743.34 | bar 867 | 2025-05-25 20:00:00,,,,,,
2025-05-29 08:00:00,107781.78,108484.61,107421.12,108044.88,-219.9853252,18.20008006,-238.1854053,26.86271808,31.85352017,16.88111389,1171.25,1167.48,108670.29 - 110718.00 | bar 879 | 2025-05-27 20:00:00,106600.64 - 107743.34 | bar 867 | 2025-05-25 20:00:00,,,,,,
2025-05-29 12:00:00,108044.87,108106.94,106948.01,107880.72,-242.9389799,-34.02773193,-208.911248,29.75064287,31.15256107,26.94680647,1186.25,1168.76,108670.29 - 110718.00 | bar 879 | 2025-05-27 20:00:00,106600.64 - 107743.34 | bar 867 | 2025-05-25 20:00:00,,,,,,
2025-05-29 16:00:00,107880.73,108891.91,107681.81,108779.84,-186.4294047,-64.50806648,-121.9213382,46.47649477,36.26053897,66.90840636,1119.16,1171.45,108670.29 - 110718.00 | bar 879 | 2025-05-27 20:00:00,106600.64 - 107743.34 | bar 867 | 2025-05-25 20:00:00,,,,,,
2025-05-29 20:00:00,108779.83,108797.25,106474,107019.89,-280.4258412,-107.6916214,-172.7342198,37.83422419,36.78510071,39.93247115,1207.50,1180.82,108670.29 - 110718.00 | bar 879 | 2025-05-27 20:00:00,106600.64 - 107743.34 | bar 867 | 2025-05-25 20:00:00,,,,,,
2025-05-30 00:00:00,107019.9,107168.23,105639.3,105731.74,-453.6324414,-176.8797854,-276.752656,26.10543136,33.22521093,11.86587222,1283.14,1184.75,108670.29 - 110718.00 | bar 879 | 2025-05-27 20:00:00,102000.00 - 103779.99 | bar 829 | 2025-05-19 12:00:00,,,,,,
2025-05-30 04:00:00,105731.74,106470.69,105322.86,105589.75,-595.4928553,-260.6023994,-334.8904559,19.78835802,28.74625996,1.872554134,1218.86,1187.87,108670.29 - 110718.00 | bar 879 | 2025-05-27 20:00:00,102000.00 - 103779.99 | bar 829 | 2025-05-19 12:00:00,,,,,,
2025-05-30 08:00:00,105589.75,106214.93,104600.5,106024.33,-665.1834604,-341.5186116,-323.6648488,24.25177389,27.24809793,18.2591258,1268.10,1194.25,108670.29 - 110718.00 | bar 879 | 2025-05-27 20:00:00,102000.00 - 103779.99 | bar 829 | 2025-05-19 12:00:00,,,,,,
2025-05-30 12:00:00,106024.33,106313.12,104727.72,105028.02,-791.6816444,-431.5512182,-360.1304263,19.48859155,24.6615958,9.142583034,1288.66,1198.18,108670.29 - 110718.00 | bar 879 | 2025-05-27 20:00:00,102000.00 - 103779.99 | bar 829 | 2025-05-19 12:00:00,,,,,,
2025-05-30 16:00:00,105028.03,105981.75,104606.01,105880.51,-813.7629949,-507.9935735,-305.7694214,22.93481422,24.08600194,20.63243878,1323.74,1198.42,108670.29 - 110718.00 | bar 879 | 2025-05-27 20:00:00,102000.00 - 103779.99 | bar 829 | 2025-05-19 12:00:00,,,,,,
2025-05-30 20:00:00,105880.5,106000,105047.61,105543,-848.7134205,-576.1375429,-272.5758776,22.61070233,23.5942354,20.64363617,1358.53,1200.01,108670.29 - 110718.00 | bar 879 | 2025-05-27 20:00:00,102000.00 - 103779.99 | bar 829 | 2025-05-19 12:00:00,,,,,,
2025-05-31 00:00:00,105543,105560.98,103706.71,104640.5,-938.4185868,-648.5937517,-289.8248351,21.07672011,22.75506364,17.72003306,1428.66,1207.04,108670.29 - 110718.00 | bar 879 | 2025-05-27 20:00:00,102000.00 - 103779.99 | bar 829 | 2025-05-19 12:00:00,,,,,,
2025-05-31 04:00:00,104640.49,104878.05,103621,103985.48,-1050.258491,-728.9266996,-321.3317915,16.39827707,20.63613478,7.922561631,1375.03,1210.47,108670.29 - 110718.00 | bar 879 | 2025-05-27 20:00:00,102000.00 - 103779.99 | bar 829 | 2025-05-19 12:00:00,,,,,,
2025-05-31 08:00:00,103985.47,104292.69,103068.55,103684.01,-1149.962479,-813.1338554,-336.8286234,15.93631511,19.06952823,9.669888889,1397.89,1213.05,108670.29 - 110718.00 | bar 879 | 2025-05-27 20:00:00,102000.00 - 103779.99 | bar 829 | 2025-05-19 12:00:00,,,,,,
2025-05-31 12:00:00,103684,103911.1,103487.99,103747.02,-1209.946714,-892.4964272,-317.4502872,17.27169274,18.47024973,14.87457876,1337.08,1210.65,108670.29 - 110718.00 | bar 879 | 2025-05-27 20:00:00,102000.00 - 103779.99 | bar 829 | 2025-05-19 12:00:00,103747.02,101331.46,108670.29,,OPEN LONG,
2025-05-31 16:00:00,103747.03,103809.51,103285.71,103498.18,-1263.004828,-966.5981074,-296.4067208,15.92829787,17.62293244,12.53902871,1298.53,1207.33,108670.29 - 110718.00 | bar 879 | 2025-05-27 20:00:00,102000.00 - 103779.99 | bar 829 | 2025-05-19 12:00:00,103747.02,101331.46,108670.29,,RUNNING LONG,-0.24%
2025-05-31 20:00:00,103498.17,104846.15,103480.11,104556.08,-1205.790475,-1014.436581,-191.353894,25.90111631,20.38232706,36.93869479,1313.32,1209.41,108670.29 - 110718.00 | bar 879 | 2025-05-27 20:00:00,102000.00 - 103779.99 | bar 829 | 2025-05-19 12:00:00,103747.02,101331.46,108670.29,,RUNNING LONG,0.78%
2025-06-01 00:00:00,104556.08,104780.49,104261.39,104698.02,-1135.900364,-1038.729337,-97.17102617,35.79601162,25.52022192,56.34759103,1263.96,1205.96,108670.29 - 110718.00 | bar 879 | 2025-05-27 20:00:00,102000.00 - 103779.99 | bar 829 | 2025-05-19 12:00:00,103747.02,101331.46,108670.29,,RUNNING LONG,0.92%
2025-06-01 04:00:00,104698.03,104900,104473.2,104591.88,-1076.665429,-1046.316556,-30.34887323,41.18569724,30.74204702,62.07299767,1128.50,1197.86,108670.29 - 110718.00 | bar 879 | 2025-05-27 20:00:00,102000.00 - 103779.99 | bar 829 | 2025-05-19 12:00:00,103747.02,101331.46,108670.29,,RUNNING LONG,0.81%
2025-06-01 08:00:00,104591.88,104647.11,103924.52,104381.03,-1034.806544,-1044.014553,9.208009665,45.01001496,35.49803634,64.0339722,1070.91,1194.09,108670.29 - 110718.00 | bar 879 | 2025-05-27 20:00:00,102000.00 - 103779.99 | bar 829 | 2025-05-19 12:00:00,103747.02,101331.46,108670.29,,RUNNING LONG,0.61%
2025-06-01 12:00:00,104381.03,104729.99,104195.12,104275.95,-998.6009037,-1034.931823,36.33091972,51.98197854,40.99268374,73.96056815,1027.12,1192.40,108670.29 - 110718.00 | bar 879 | 2025-05-27 20:00:00,102000.00 - 103779.99 | bar 829 | 2025-05-19 12:00:00,103747.02,101331.46,108670.29,,RUNNING LONG,0.51%
2025-06-01 16:00:00,104275.95,104459.07,103752.49,104082.68,-974.2721441,-1022.799888,48.52774343,53.11234071,45.0325694,69.27188335,962.28,1190.84,108670.29 - 110718.00 | bar 879 | 2025-05-27 20:00:00,102000.00 - 103779.99 | bar 829 | 2025-05-19 12:00:00,103747.02,101331.46,108670.29,,RUNNING LONG,0.32%
2025-06-01 20:00:00,104082.67,104809.53,103783.01,104715.1,-893.658875,-996.9716851,103.31281,64.92357651,51.6629051,91.44491933,922.36,1192.17,108670.29 - 110718.00 | bar 879 | 2025-05-27 20:00:00,102000.00 - 103779.99 | bar 829 | 2025-05-19 12:00:00,103747.02,101331.46,108670.29,,RUNNING LONG,0.93%
2025-06-02 00:00:00,104715.1,105299.21,104319.79,105121.94,-787.8617112,-955.1496903,167.2879791,73.68102684,59.00227901,103.0385225,894.05,1194.36,108670.29 - 110718.00 | bar 879 | 2025-05-27 20:00:00,102000.00 - 103779.99 | bar 829 | 2025-05-19 12:00:00,103747.02,101331.46,108670.29,,RUNNING LONG,1.33%
2025-06-02 04:00:00,105121.95,105866.91,104893.72,105642.93,-654.4332585,-895.0064039,240.5731454,79.32598035,65.77684613,106.4242488,895.53,1195.38,108670.29 - 110718.00 | bar 879 | 2025-05-27 20:00:00,103068.55 - 104292.69 | bar 900 | 2025-05-31 08:00:00,103747.02,101331.46,108670.29,,RUNNING LONG,1.83%
2025-06-02 08:00:00,105642.93,105735.42,104571.42,104829.27,-607.3447185,-837.4740668,230.1293483,69.85917001,67.13762075,75.30226852,846.23,1197.20,108670.29 - 110718.00 | bar 879 | 2025-05-27 20:00:00,103068.55 - 104292.69 | bar 900 | 2025-05-31 08:00:00,103747.02,101331.46,108670.29,,RUNNING LONG,1.04%
2025-06-02 12:00:00,104829.27,105438.87,104610.13,105387.67,-518.9859511,-773.7764437,254.7904926,72.3510076,68.87541637,79.30219007,815.64,1193.01,108670.29 - 110718.00 | bar 879 | 2025-05-27 20:00:00,103068.55 - 104292.69 | bar 900 | 2025-05-31 08:00:00,103747.02,101331.46,108670.29,,RUNNING LONG,1.58%
2025-06-02 16:00:00,105387.67,105935.63,103941,104047.64,-550.7416068,-729.1694763,178.4278695,52.74051099,63.49711458,31.22730381,870.67,1198.11,108670.29 - 110718.00 | bar 879 | 2025-05-27 20:00:00,103068.55 - 104292.69 | bar 900 | 2025-05-31 08:00:00,103747.02,101331.46,108670.29,104047.64,TRAILING EXIT (50% RETRACE),0.29%
2025-06-02 20:00:00,104047.63,104679.25,103659.88,104438.79,-538.1422874,-690.9640385,152.8217511,46.56918024,57.8544698,23.99860112,913.26,1199.81,108670.29 - 110718.00 | bar 879 | 2025-05-27 20:00:00,103068.55 - 104292.69 | bar 900 | 2025-05-31 08:00:00,,,,,,
2025-06-03 00:00:00,104438.79,104731.95,104030.01,104425.63,-523.1881507,-657.408861,134.2207103,42.26220277,52.65704745,21.4725134,925.99,1199.82,108670.29 - 110718.00 | bar 879 | 2025-05-27 20:00:00,103068.55 - 104292.69 | bar 900 | 2025-05-31 08:00:00,,,,,,
2025-06-03 04:00:00,104425.64,105931.44,104425.64,105857.99,-391.2473524,-604.1765593,212.9292068,60.37092766,55.22834086,70.65610128,935.97,1195.82,108670.29 - 110718.00 | bar 879 | 2025-05-27 20:00:00,103068.55 - 104292.69 | bar 900 | 2025-05-31 08:00:00,,,,,,
2025-06-03 08:00:00,105858,106500,105340.18,105482.02,-313.4081817,-546.0228837,232.6147021,61.63300121,57.36322764,70.17254834,981.73,1196.76,108670.29 - 110718.00 | bar 879 | 2025-05-27 20:00:00,103068.55 - 104292.69 | bar 900 | 2025-05-31 08:00:00,,,,,,
2025-06-03 12:00:00,105482.03,105513.02,105116.2,105170.75,-273.6821284,-491.5547327,217.8726042,58.82113417,57.84919648,60.76500955,979.59,1194.85,108670.29 - 110718.00 | bar 879 | 2025-05-27 20:00:00,103068.55 - 104292.69 | bar 900 | 2025-05-31 08:00:00,,,,,,
2025-06-03 16:00:00,105170.76,105349.94,104872.5,105287.24,-230.1461935,-439.2730249,209.1268313,58.3137519,58.00404829,58.93315913,962.08,1192.69,108670.29 - 110718.00 | bar 879 | 2025-05-27 20:00:00,103068.55 - 104292.69 | bar 900 | 2025-05-31 08:00:00,,,,,,
2025-06-03 20:00:00,105287.24,106794.67,105031.6,106610.66,-87.84212836,-368.9868456,281.1447172,70.25252438,62.08687365,86.58382582,1049.81,1199.18,108670.29 - 110718.00 | bar 879 | 2025-05-27 20:00:00,103068.55 - 104292.69 | bar 900 | 2025-05-31 08:00:00,,,,,,
2025-06-04 00:00:00,106610.66,106666.67,105592.17,106238.81,-5.012537379,-296.1919839,291.1794465,74.25769316,66.14381349,90.48545249,1076.09,1197.13,108670.29 - 110718.00 | bar 879 | 2025-05-27 20:00:00,103068.55 - 104292.69 | bar 900 | 2025-05-31 08:00:00,,,,,,
2025-06-04 04:00:00,106238.81,106254.92,105266.02,105376.89,-8.817586753,-238.7171045,229.8995177,67.76270477,66.68344391,69.92122648,1073.40,1193.81,108670.29 - 110718.00 | bar 879 | 2025-05-27 20:00:00,103068.55 - 104292.69 | bar 900 | 2025-05-31 08:00:00,,,,,,
2025-06-04 08:00:00,105376.9,105839.63,105132.27,105519.27,-0.3403167549,-191.0417469,190.7014302,63.13105153,65.49931312,58.39452834,1053.97,1192.63,108670.29 - 110718.00 | bar 879 | 2025-05-27 20:00:00,103068.55 - 104292.69 | bar 900 | 2025-05-31 08:00:00,,,,,,
2025-06-04 12:00:00,105519.26,105611.96,105250,105320.75,-9.531056025,-154.7396088,145.2085527,54.68197392,61.89353338,40.25885498,1010.31,1190.93,108670.29 - 110718.00 | bar 879 | 2025-05-27 20:00:00,103068.55 - 104292.69 | bar 900 | 2025-05-31 08:00:00,,,,,,
2025-06-04 16:00:00,105320.75,106000,105080.26,105084.36,-35.48048359,-130.8877837,95.40730013,40.12862192,54.6385629,11.10873997,992.86,1191.69,108670.29 - 110718.00 | bar 879 | 2025-05-27 20:00:00,103068.55 - 104292.69 | bar 900 | 2025-05-31 08:00:00,,,,,,
2025-06-04 20:00:00,105084.36,105542,104179,105298.27,-38.3428501,-112.378797,74.0359469,41.01606408,50.09772996,22.85273233,1031.03,1193.71,108670.29 - 110718.00 | bar 879 | 2025-05-27 20:00:00,103068.55 - 104292.69 | bar 900 | 2025-05-31 08:00:00,,,,,,
2025-06-05 00:00:00,105298.26,105483.14,104865.25,104913.52,-70.84079708,-104.071197,33.23039993,36.70455074,45.63333688,18.84697844,932.69,1193.05,108670.29 - 110718.00 | bar 879 | 2025-05-27 20:00:00,103068.55 - 104292.69 | bar 900 | 2025-05-31 08:00:00,,,,,,
2025-06-05 04:00:00,104913.52,105045.79,104407.16,104696.86,-112.7782678,-105.8126112,-6.96565665,31.06915684,40.7786102,11.65025012,905.49,1190.02,105031.60 - 106794.67 | bar 921 | 2025-06-03 20:00:00,103068.55 - 104292.69 | bar 900 | 2025-05-31 08:00:00,,,,,,
2025-06-05 08:00:00,104696.86,105240.84,104651.16,105047.15,-116.4066763,-107.9314242,-8.47525212,32.34547707,37.96756583,21.10129955,897.47,1187.90,105031.60 - 106794.67 | bar 921 | 2025-06-03 20:00:00,103068.55 - 104292.69 | bar 900 | 2025-05-31 08:00:00,,,,,,
2025-06-05 12:00:00,105047.15,105226.14,104380,104518.05,-160.1302821,-118.3711958,-41.75908633,27.00782392,34.31431852,12.39483472,850.35,1189.26,105031.60 - 106794.67 | bar 921 | 2025-06-03 20:00:00,103068.55 - 104292.69 | bar 900 | 2025-05-31 08:00:00,,,,,,
2025-06-05 16:00:00,104518.05,104920,104424.52,104827.8,-167.8524202,-128.2674407,-39.58497952,29.88147441,32.83670382,23.9710156,802.90,1188.56,105031.60 - 106794.67 | bar 921 | 2025-06-03 20:00:00,103068.55 - 104292.69 | bar 900 | 2025-05-31 08:00:00,,,,,,
2025-06-05 20:00:00,104827.79,105909.71,103900,104531.49,-195.6269452,-141.7393416,-53.88760365,29.94463374,31.87268046,26.08854029,918.11,1196.31,105031.60 - 106794.67 | bar 921 | 2025-06-03 20:00:00,103068.55 - 104292.69 | bar 900 | 2025-05-31 08:00:00,,,,,,
2025-06-06 00:00:00,104531.5,104598.87,101596.62,101914.77,-423.8994427,-198.1713618,-225.7280809,22.37146636,28.70560909,9.703180891,1098.45,1208.47,105031.60 - 106794.67 | bar 921 | 2025-06-03 20:00:00,101429.70 - 102791.32 | bar 792 | 2025-05-13 08:00:00,,,,,,
2025-06-06 04:00:00,101914.76,102171.44,100372.26,101508.68,-630.3092975,-284.5989489,-345.7103485,21.75512512,26.3887811,12.48781316,1101.03,1214.32,103900.00 - 105909.71 | bar 933 | 2025-06-05 20:00:00,101429.70 - 102791.32 | bar 792 | 2025-05-13 08:00:00,,,,,,
2025-06-06 08:00:00,101508.69,102520,101095.8,102493.3,-706.298223,-368.9388038,-337.3594193,27.27126717,26.68294312,28.44791526,1126.01,1218.65,103900.00 - 105909.71 | bar 933 | 2025-06-05 20:00:00,101429.70 - 102791.32 | bar 792 | 2025-05-13 08:00:00,,,,,,
2025-06-06 12:00:00,102493.3,103468.66,102387.38,103150.44,-705.3632989,-436.2237028,-269.1395961,34.90442693,29.42343773,45.86640535,1132.61,1220.61,103900.00 - 105909.71 | bar 933 | 2025-06-05 20:00:00,101429.70 - 102791.32 | bar 792 | 2025-05-13 08:00:00,,,,,,
2025-06-06 16:00:00,103150.44,103991.45,103150.43,103927.99,-634.5656997,-475.8921022,-158.6735975,44.67375404,34.5068765,65.00750911,1142.15,1221.24,103900.00 - 105909.71 | bar 933 | 2025-06-05 20:00:00,101429.70 - 102791.32 | bar 792 | 2025-05-13 08:00:00,,,,,,
2025-06-06 20:00:00,103927.99,105333,103513.7,105092.28,-478.9881425,-476.5113102,-2.47683226,58.19521974,42.40299091,89.77967739,1246.25,1228.08,103900.00 - 105909.71 | bar 933 | 2025-06-05 20:00:00,101429.70 - 102791.32 | bar 792 | 2025-05-13 08:00:00,,,,,,
2025-06-07 00:00:00,105092.28,105284,104013.21,104219.8,-421.2378838,-465.456625,44.21874115,61.95753395,48.92117192,88.03025799,1271.32,1231.25,103900.00 - 105909.71 | bar 933 | 2025-06-05 20:00:00,101429.70 - 102791.32 | bar 792 | 2025-05-13 08:00:00,,,,,,
2025-06-07 04:00:00,104219.8,104617.56,104167.98,104288.44,-365.7159673,-445.5084934,79.79252609,64.87892999,54.24042461,86.15594076,1206.08,1231.09,103900.00 - 105909.71 | bar 933 | 2025-06-05 20:00:00,101429.70 - 102791.32 | bar 792 | 2025-05-13 08:00:00,,,,,,
2025-06-07 08:00:00,104288.43,104910.77,103871.09,104871.58,-271.5298964,-410.712774,139.1828776,73.48547504,60.65544142,99.14554228,1236.21,1234.28,103900.00 - 105909.71 | bar 933 | 2025-06-05 20:00:00,101429.70 - 102791.32 | bar 792 | 2025-05-13 08:00:00,,,,,,
2025-06-07 12:00:00,104871.59,105319.13,104643.62,104867.04,-195.0051981,-367.5712588,172.5660607,79.19266554,66.83451613,103.9089644,1238.84,1229.63,103900.00 - 105909.71 | bar 933 | 2025-06-05 20:00:00,101429.70 - 102791.32 | bar 792 | 2025-05-13 08:00:00,,,,,,
2025-06-07 16:00:00,104867.03,105264,104689.81,105150.01,-110.2545633,-316.1079197,205.8533564,84.68889242,72.78597489,108.4947275,1237.74,1226.03,103900.00 - 105909.71 | bar 933 | 2025-06-05 20:00:00,101429.70 - 102791.32 | bar 792 | 2025-05-13 08:00:00,,,,,,
2025-06-07 20:00:00,105150.01,105800,105150,105558.11,-10.04304532,-254.8949449,244.8518995,87.42989414,77.66728131,106.9551198,1223.73,1225.25,105031.60 - 106794.67 | bar 921 | 2025-06-03 20:00:00,101429.70 - 102791.32 | bar 792 | 2025-05-13 08:00:00,,,,,,
2025-06-08 00:00:00,105558.11,105884.46,105279.06,105725.91,81.97045792,-187.5218643,269.4923222,89.68688553,81.67381605,105.7130245,1231.58,1223.73,105031.60 - 106794.67 | bar 921 | 2025-06-03 20:00:00,103513.70 - 105333.00 | bar 939 | 2025-06-06 20:00:00,,,,,,
2025-06-08 04:00:00,105725.91,105900,105534.88,105552.15,139.2654766,-122.1643961,261.4298727,88.26560364,83.87107858,97.05465376,1114.11,1220.96,105031.60 - 106794.67 | bar 921 | 2025-06-03 20:00:00,103513.70 - 105333.00 | bar 939 | 2025-06-06 20:00:00,,,,,,
2025-06-08 08:00:00,105552.15,105786.33,105394.03,105471.59,176.1412265,-62.50327159,238.6444981,85.13864288,84.29360001,86.82872861,927.68,1217.22,105031.60 - 106794.67 | bar 921 | 2025-06-03 20:00:00,103513.70 - 105333.00 | bar 939 | 2025-06-06 20:00:00,,,,,,
2025-06-08 12:00:00,105471.59,105653.13,105408.38,105426.45,199.4242645,-10.11776437,209.5420289,82.31238906,83.63319636,79.67077445,816.65,1211.83,105031.60 - 106794.67 | bar 921 | 2025-06-03 20:00:00,103513.70 - 105333.00 | bar 939 | 2025-06-06 20:00:00,,,,,,
2025-06-08 16:00:00,105426.46,105720.94,104964.14,105686.71,236.1548012,39.13674875,197.0180525,84.70407897,83.99015723,86.13192244,768.98,1211.05,105031.60 - 106794.67 | bar 921 | 2025-06-03 20:00:00,103513.70 - 105333.00 | bar 939 | 2025-06-06 20:00:00,,,,,,
2025-06-08 20:00:00,105686.71,106160.19,105520.25,105984.52,285.9979875,88.50899651,197.488991,85.9415941,84.64063618,88.54350992,737.46,1212.60,105031.60 - 106794.67 | bar 921 | 2025-06-03 20:00:00,103513.70 - 105333.00 | bar 939 | 2025-06-06 20:00:00,,,,,,
2025-06-09 00:00:00,105984.53,106360,105943.91,106289.99,346.1576579,140.0387288,206.1189291,89.23048318,86.17058518,95.35027916,707.10,1211.28,105031.60 - 106794.67 | bar 921 | 2025-06-03 20:00:00,103513.70 - 105333.00 | bar 939 | 2025-06-06 20:00:00,,,,,,
2025-06-09 04:00:00,106289.99,106488.14,105545.71,105734,344.9940074,181.0297845,163.9642229,76.32557146,82.88891394,63.1988865,644.47,1209.21,105031.60 - 106794.67 | bar 921 | 2025-06-03 20:00:00,103513.70 - 105333.00 | bar 939 | 2025-06-06 20:00:00,,,,,,
2025-06-09 08:00:00,105734.01,105966.33,105318.37,105659.13,334.1782243,211.6594725,122.5187518,66.08472043,77.2875161,43.67912908,599.98,1207.74,105031.60 - 106794.67 | bar 921 | 2025-06-03 20:00:00,103513.70 - 105333.00 | bar 939 | 2025-06-06 20:00:00,,,,,,
2025-06-09 12:00:00,105659.14,105717.3,105319,105560.71,314.0448531,232.1365486,81.90830454,57.104818,70.55995007,30.19455385,596.32,1197.39,105031.60 - 106794.67 | bar 921 | 2025-06-03 20:00:00,103513.70 - 105333.00 | bar 939 | 2025-06-06 20:00:00,,,,,,
2025-06-09 16:00:00,105560.71,107806,105473.57,107759.21,470.0709031,279.7234195,190.3474836,70.85439303,70.65809772,71.24698365,688.66,1201.44,108670.29 - 110718.00 | bar 879 | 2025-05-27 20:00:00,103513.70 - 105333.00 | bar 939 | 2025-06-06 20:00:00,,,,,,
2025-06-09 20:00:00,107759.21,108020,106860,107635.91,577.120704,339.2028764,237.9178276,76.37994007,72.5653785,84.0090632,723.27,1203.72,108670.29 - 110718.00 | bar 879 | 2025-05-27 20:00:00,103513.70 - 105333.00 | bar 939 | 2025-06-06 20:00:00,,,,,,
2025-06-10 00:00:00,107635.91,108767.24,107635.91,108564.72,728.5078619,417.0638735,311.4439884,82.47825021,75.86966907,95.69541249,763.06,1207.99,108670.29 - 110718.00 | bar 879 | 2025-05-27 20:00:00,103513.70 - 105333.00 | bar 939 | 2025-06-06 20:00:00,,,,,,
2025-06-10 04:00:00,108565.86,110530.17,108456.08,110263.02,974.2908732,528.5092734,445.7815998,86.61021073,79.44984963,100.9309329,864.78,1214.54,108670.29 - 110718.00 | bar 879 | 2025-05-27 20:00:00,103513.70 - 105333.00 | bar 939 | 2025-06-06 20:00:00,,,,,,
2025-06-10 08:00:00,110263.02,110311.82,109381.24,109568.02,1100.311285,642.8696758,457.4416095,84.9198097,81.27316965,92.2130898,888.01,1213.31,108670.29 - 110718.00 | bar 879 | 2025-05-27 20:00:00,103513.70 - 105333.00 | bar 939 | 2025-06-06 20:00:00,,,,,,
2025-06-10 12:00:00,109568.03,109737.68,109095.67,109205.14,1157.558374,745.8074155,411.7509586,81.47198846,81.33944259,81.73708021,907.79,1209.95,108670.29 - 110718.00 | bar 879 | 2025-05-27 20:00:00,103513.70 - 105333.00 | bar 939 | 2025-06-06 20:00:00,109205.14,111171.89,105333.00,,OPEN SHORT,
2025-06-10 16:00:00,109205.14,109851.8,109056.9,109541.28,1216.03312,839.8525564,376.1805639,81.32330602,81.33406373,81.30179059,936.54,1202.20,108670.29 - 110718.00 | bar 879 | 2025-05-27 20:00:00,103513.70 - 105333.00 | bar 939 | 2025-06-06 20:00:00,109205.14,111171.89,105333.00,,RUNNING SHORT,-0.31%
2025-06-10 20:00:00,109541.93,109900.81,108331.03,109015.42,1206.039795,913.0900041,292.9497907,77.85974776,80.17595841,73.22732647,1031.19,1206.57,108670.29 - 110718.00 | bar 879 | 2025-05-27 20:00:00,103513.70 - 105333.00 | bar 939 | 2025-06-06 20:00:00,109205.14,111171.89,105333.00,,RUNNING SHORT,0.17%
2025-06-11 00:00:00,109015.41,110400,108518.86,109526.3,1225.220183,975.5160399,249.7041432,78.62227591,79.65806424,76.55069924,1111.50,1212.58,108670.29 - 110718.00 | bar 879 | 2025-05-27 20:00:00,103513.70 - 105333.00 | bar 939 | 2025-06-06 20:00:00,109205.14,111171.89,105333.00,,RUNNING SHORT,-0.29%
2025-06-11 04:00:00,109526.3,110299.73,109239.68,110274.39,1285.961625,1037.605157,248.3564679,83.42513078,80.91375309,88.44788617,1141.51,1205.71,108670.29 - 110718.00 | bar 879 | 2025-05-27 20:00:00,103513.70 - 105333.00 | bar 939 | 2025-06-06 20:00:00,109205.14,111171.89,105333.00,,RUNNING SHORT,-0.98%
2025-06-11 08:00:00,110274.39,110274.4,109533.97,109722.95,1274.906724,1085.06547,189.8412541,79.65329515,80.49360044,77.97268456,1164.67,1203.85,108670.29 - 110718.00 | bar 879 | 2025-05-27 20:00:00,103513.70 - 105333.00 | bar 939 | 2025-06-06 20:00:00,109205.14,111171.89,105333.00,,RUNNING SHORT,-0.47%
2025-06-11 12:00:00,109722.95,109745.29,109373.67,109446.74,1229.68278,1113.988932,115.6938477,70.01350452,77.00023513,56.04004329,1123.90,1191.41,108670.29 - 110718.00 | bar 879 | 2025-05-27 20:00:00,103513.70 - 105333.00 | bar 939 | 2025-06-06 20:00:00,109205.14,111171.89,105333.00,,RUNNING SHORT,-0.22%
2025-06-11 16:00:00,109446.74,109675.69,109193.89,109252.09,1164.7098,1124.133106,40.5766945,61.51493753,71.83846927,40.86787405,1112.03,1189.30,108670.29 - 110718.00 | bar 879 | 2025-05-27 20:00:00,103513.70 - 105333.00 | bar 939 | 2025-06-06 20:00:00,109205.14,111171.89,105333.00,,RUNNING SHORT,-0.04%
2025-06-11 20:00:00,109252.1,110392.01,109008.82,109735.7,1139.110574,1127.1286,11.9819742,63.64070376,69.10588076,52.71034976,1182.38,1186.28,108670.29 - 110718.00 | bar 879 | 2025-05-27 20:00:00,103513.70 - 105333.00 | bar 939 | 2025-06-06 20:00:00,109205.14,111171.89,105333.00,,RUNNING SHORT,-0.49%
2025-06-12 00:00:00,109735.7,109815.84,108412.01,108742.37,1026.832882,1107.069456,-80.23657369,49.05426593,62.42200915,22.31877948,1116.05,1185.75,108670.29 - 110718.00 | bar 879 | 2025-05-27 20:00:00,103513.70 - 105333.00 | bar 939 | 2025-06-06 20:00:00,109205.14,111171.89,105333.00,,RUNNING SHORT,0.42%
2025-06-12 04:00:00,108742.37,109219.51,108064,108645.12,919.4063962,1069.536844,-150.1304479,40.99508139,55.2796999,12.42584438,1115.73,1184.62,108670.29 - 110718.00 | bar 879 | 2025-05-27 20:00:00,103513.70 - 105333.00 | bar 939 | 2025-06-06 20:00:00,109205.14,111171.89,105333.00,,RUNNING SHORT,0.51%
2025-06-12 08:00:00,108645.13,108813.55,107730,107860.05,762.1361134,1008.056698,-245.9205846,28.95364977,46.50434986,-6.147750406,1112.32,1184.76,108670.29 - 110718.00 | bar 879 | 2025-05-27 20:00:00,103513.70 - 105333.00 | bar 939 | 2025-06-06 20:00:00,109205.14,111171.89,105333.00,,RUNNING SHORT,1.23%
2025-06-12 12:00:00,107860.04,107993.58,107320,107633.53,612.163372,928.8780328,-316.7146608,22.70444033,38.57104668,-9.028772362,1012.28,1184.73,108518.86 - 110400.00 | bar 964 | 2025-06-11 00:00:00,103513.70 - 105333.00 | bar 939 | 2025-06-06 20:00:00,109205.14,111171.89,105333.00,,RUNNING SHORT,1.44%
2025-06-12 16:00:00,107633.53,107835.83,106874.47,106900.95,429.2477099,828.9519682,-399.7042583,15.3872265,30.84310662,-15.52453374,1014.48,1187.30,108518.86 - 110400.00 | bar 964 | 2025-06-11 00:00:00,103513.70 - 105333.00 | bar 939 | 2025-06-06 20:00:00,109205.14,111171.89,105333.00,106900.95,ATR MOVE EXIT,2.11%
2025-06-12 20:00:00,106900.95,107822.5,106600,107020.95,290.6186561,721.2853058,-430.6666497,13.95847528,25.21489617,-8.554366513,1055.95,1188.08,108518.86 - 110400.00 | bar 964 | 2025-06-11 00:00:00,103513.70 - 105333.00 | bar 939 | 2025-06-06 20:00:00,,,,,,
2025-06-13 00:00:00,107020.96,108450.16,106680,106788.8,160.1751677,609.0632782,-448.8881105,10.96528013,20.46502416,-8.034207936,1125.61,1193.37,108518.86 - 110400.00 | bar 964 | 2025-06-11 00:00:00,103513.70 - 105333.00 | bar 939 | 2025-06-06 20:00:00,,,,,,
2025-06-13 04:00:00,106789.8,106960.77,105671.72,105671.73,-32.96050179,480.6585222,-513.619024,7.310257368,16.08010189,-10.22943168,1105.55,1196.18,108518.86 - 110400.00 | bar 964 | 2025-06-11 00:00:00,103513.70 - 105333.00 | bar 939 | 2025-06-06 20:00:00,,,,,,
2025-06-13 08:00:00,105671.74,105694,102664.31,104277.22,-295.1449665,325.4978244,-620.6427909,12.39129015,14.85049798,7.472874492,1187.59,1208.26,108518.86 - 110400.00 | bar 964 | 2025-06-11 00:00:00,103513.70 - 105333.00 | bar 939 | 2025-06-06 20:00:00,,,,,,
2025-06-13 12:00:00,104277.22,104970.12,103782.75,104895,-447.9150745,170.8152447,-618.7303191,19.60396685,16.4349876,25.94192533,1196.69,1204.62,108518.86 - 110400.00 | bar 964 | 2025-06-11 00:00:00,103513.70 - 105333.00 | bar 939 | 2025-06-06 20:00:00,104895.00,102915.36,108518.86,,OPEN LONG,
2025-06-13 16:00:00,104895.01,105434.34,104425.79,105039.48,-550.9768392,26.45682789,-577.4336671,25.94445244,19.60480921,38.62373889,1215.84,1202.13,108518.86 - 110400.00 | bar 964 | 2025-06-11 00:00:00,103513.70 - 105333.00 | bar 939 | 2025-06-06 20:00:00,104895.00,102915.36,108518.86,,RUNNING LONG,0.14%
2025-06-13 20:00:00,105039.48,105747.47,104118,105436.87,-593.7436709,-97.58327187,-496.160399,33.26952365,24.15971403,51.48914291,1305.69,1205.01,108518.86 - 110400.00 | bar 964 | 2025-06-11 00:00:00,103513.70 - 105333.00 | bar 939 | 2025-06-06 20:00:00,104895.00,102915.36,108518.86,,RUNNING LONG,0.52%
2025-06-14 00:00:00,105436.87,105981,104668.73,105110,-646.559238,-207.3784651,-439.1807729,36.26974699,28.19639168,52.41645761,1365.01,1204.59,108518.86 - 110400.00 | bar 964 | 2025-06-11 00:00:00,103513.70 - 105333.00 | bar 939 | 2025-06-06 20:00:00,104895.00,102915.36,108518.86,,RUNNING LONG,0.20%
2025-06-14 04:00:00,105110.01,106179.53,105020.87,106066.59,-604.2615855,-286.7550892,-317.5064964,43.78098472,33.39125603,64.56044209,1348.97,1204.82,108518.86 - 110400.00 | bar 964 | 2025-06-11 00:00:00,103513.70 - 105333.00 | bar 939 | 2025-06-06 20:00:00,104895.00,102915.36,108518.86,,RUNNING LONG,1.12%
2025-06-14 08:00:00,106066.59,106252,105197.96,105228.82,-631.0668825,-355.6174478,-275.4494347,43.96193131,36.91481445,58.05616502,1323.98,1204.68,108518.86 - 110400.00 | bar 964 | 2025-06-11 00:00:00,103513.70 - 105333.00 | bar 939 | 2025-06-06 20:00:00,104895.00,102915.36,108518.86,,RUNNING LONG,0.32%
2025-06-14 12:00:00,105228.83,105397.06,104792.98,105076.59,-657.0202419,-415.8980066,-241.1222352,48.02320661,40.61761184,62.83439615,1284.60,1202.65,108518.86 - 110400.00 | bar 964 | 2025-06-11 00:00:00,103513.70 - 105333.00 | bar 939 | 2025-06-06 20:00:00,104895.00,102915.36,108518.86,,RUNNING LONG,0.17%
2025-06-14 16:00:00,105076.59,105132.36,104836.06,105082.01,-669.4342956,-466.6052644,-202.8290311,54.4783929,45.23787219,72.95943431,1228.36,1197.21,108518.86 - 110400.00 | bar 964 | 2025-06-11 00:00:00,103513.70 - 105333.00 | bar 939 | 2025-06-06 20:00:00,104895.00,102915.36,108518.86,,RUNNING LONG,0.18%
2025-06-14 20:00:00,105082.01,105131.25,104615.38,104841.3,-690.7334625,-511.430904,-179.3025585,50.6086927,47.02814569,57.7697867,1217.10,1189.44,108518.86 - 110400.00 | bar 964 | 2025-06-11 00:00:00,103513.70 - 105333.00 | bar 939 | 2025-06-06 20:00:00,104895.00,102915.36,108518.86,104841.30,KDJ RESET EXIT,-0.05%
2025-06-15 00:00:00,104841.29,105045.78,104359.08,104645.67,-715.1550496,-552.1757331,-162.9793164,41.98139651,45.34589596,35.25239759,1197.48,1187.32,108518.86 - 110400.00 | bar 964 | 2025-06-11 00:00:00,103513.70 - 105333.00 | bar 939 | 2025-06-06 20:00:00,,,,,,
2025-06-15 04:00:00,104645.66,105480,104300,105414.64,-664.7965203,-574.6998906,-90.09662975,48.2412684,46.31102011,52.10176498,1194.44,1182.01,108518.86 - 110400.00 | bar 964 | 2025-06-11 00:00:00,103513.70 - 105333.00 | bar 939 | 2025-06-06 20:00:00,,,,,,
2025-06-15 08:00:00,105414.63,105680,105264.75,105473.55,-613.0664302,-582.3731985,-30.69323173,52.20097538,48.27433853,60.05424908,1097.66,1172.23,108518.86 - 110400.00 | bar 964 | 2025-06-11 00:00:00,103513.70 - 105333.00 | bar 939 | 2025-06-06 20:00:00,,,,,,
2025-06-15 12:00:00,105473.54,106128.57,105200,105428,-569.1842636,-579.7354115,10.55114793,54.06294534,50.20387413,61.78108774,1071.92,1170.09,108518.86 - 110400.00 | bar 964 | 2025-06-11 00:00:00,103513.70 - 105333.00 | bar 939 | 2025-06-06 20:00:00,,,,,,
2025-06-15 16:00:00,105428,105482.4,104867.64,104970.51,-564.8121471,-576.7507586,11.93861153,47.4919294,49.29989256,43.8760031,899.42,1166.35,108518.86 - 110400.00 | bar 964 | 2025-06-11 00:00:00,103513.70 - 105333.00 | bar 939 | 2025-06-06 20:00:00,,,,,,
2025-06-15 20:00:00,104970.51,105838.24,104955.48,105564,-507.6061625,-562.9218394,55.31567696,54.70297094,51.10091868,61.90707544,877.66,1164.10,108518.86 - 110400.00 | bar 964 | 2025-06-11 00:00:00,103513.70 - 105333.00 | bar 939 | 2025-06-06 20:00:00,,,,,,
2025-06-16 00:00:00,105563.99,105777.09,105082.97,105294.19,-478.525278,-546.0425271,67.51724911,54.59191666,52.26458468,59.24658063,855.20,1161.17,108518.86 - 110400.00 | bar 964 | 2025-06-11 00:00:00,103513.70 - 105333.00 | bar 939 | 2025-06-06 20:00:00,,,,,,
2025-06-16 04:00:00,105294.19,105617.82,104494.53,105594.01,-426.3705648,-522.1081347,95.73756984,59.98335349,54.83750761,70.27504525,819.05,1161.01,108518.86 - 110400.00 | bar 964 | 2025-06-11 00:00:00,103513.70 - 105333.00 | bar 939 | 2025-06-06 20:00:00,,,,,,
2025-06-16 08:00:00,105594.02,105970.59,104980.37,105921.84,-354.4980053,-488.5861088,134.0881035,69.55371709,59.74291077,89.17532973,796.04,1158.74,108518.86 - 110400.00 | bar 964 | 2025-06-11 00:00:00,103513.70 - 105333.00 | bar 939 | 2025-06-06 20:00:00,,,,,,
2025-06-16 12:00:00,105921.85,107262.31,105874.48,107061.8,-203.2107521,-431.5110375,228.3002854,77.44624334,65.64402163,101.0506868,812.41,1160.38,108518.86 - 110400.00 | bar 964 | 2025-06-11 00:00:00,103513.70 - 105333.00 | bar 939 | 2025-06-06 20:00:00,,,,,,
2025-06-16 16:00:00,107061.8,107255.01,106582.25,106883.99,-96.54933429,-364.5186968,267.9693625,80.40792341,70.56532223,100.0931258,785.18,1160.43,108518.86 - 110400.00 | bar 964 | 2025-06-11 00:00:00,103513.70 - 105333.00 | bar 939 | 2025-06-06 20:00:00,,,,,,
2025-06-16 20:00:00,106884,107784.26,106495.09,107424.96,31.27188289,-285.3605809,316.6324638,83.29799262,74.80954569,100.2748865,834.11,1163.93,108518.86 - 110400.00 | bar 964 | 2025-06-11 00:00:00,103513.70 - 105333.00 | bar 939 | 2025-06-06 20:00:00,,,,,,
2025-06-17 00:00:00,107424.96,108888,107309.15,108652,228.9438692,-182.4996909,411.4435601,87.07479231,78.89796123,103.4284545,925.73,1165.48,108518.86 - 110400.00 | bar 964 | 2025-06-11 00:00:00,103513.70 - 105333.00 | bar 939 | 2025-06-06 20:00:00,,,,,,
2025-06-17 04:00:00,108652.01,108952.38,106700,106794.53,233.0317916,-99.39339438,332.425186,75.24798769,77.68130338,70.3813563,1049.76,1169.12,108518.86 - 110400.00 | bar 964 | 2025-06-11 00:00:00,103513.70 - 105333.00 | bar 939 | 2025-06-06 20:00:00,,,,,,
2025-06-17 08:00:00,106794.53,107771.34,106115.35,107590.41,297.0679497,-20.10112556,317.1690752,73.31460112,76.22573596,67.49233144,1119.00,1171.81,108518.86 - 110400.00 | bar 964 | 2025-06-11 00:00:00,103513.70 - 105333.00 | bar 939 | 2025-06-06 20:00:00,,,,,,
2025-06-17 12:00:00,107590.41,107711.06,106481.6,106758.52,277.4917436,39.41744828,238.0742954,65.80526406,72.75224533,51.91130153,1122.53,1176.14,108518.86 - 110400.00 | bar 964 | 2025-06-11 00:00:00,103513.70 - 105333.00 | bar 939 | 2025-06-06 20:00:00,,,,,,
2025-06-17 16:00:00,106758.52,106822.78,105508.23,105641.47,169.8825595,65.51047052,104.372089,49.41816476,64.97421847,18.30605734,1186.77,1176.98,108518.86 - 110400.00 | bar 964 | 2025-06-11 00:00:00,103513.70 - 105333.00 | bar 939 | 2025-06-06 20:00:00,,,,,,
2025-06-17 20:00:00,105641.48,105862.03,104130.95,104241.63,-28.03076212,46.80222399,-74.83298611,33.71063801,54.55302499,-7.974135944,1244.09,1179.45,106700.00 - 108952.38 | bar 1001 | 2025-06-17 04:00:00,103513.70 - 105333.00 | bar 939 | 2025-06-06 20:00:00,,,,,,
2025-06-18 00:00:00,104241.62,105336.82,103371.02,104686.12,-147.3137262,7.979033953,-155.2927601,30.32787786,46.47797594,-1.972318308,1340.59,1184.57,106700.00 - 108952.38 | bar 1001 | 2025-06-17 04:00:00,103513.70 - 105333.00 | bar 939 | 2025-06-06 20:00:00,,,,,,
2025-06-18 04:00:00,104686.12,104898.81,104203.85,104551.17,-249.8554932,-43.58787148,-206.2676217,27.26674793,40.07423327,1.651777254,1327.18,1178.50,106700.00 - 108952.38 | bar 1001 | 2025-06-17 04:00:00,103513.70 - 105333.00 | bar 939 | 2025-06-06 20:00:00,,,,,,
2025-06-18 08:00:00,104551.17,105240,104379.52,105184.84,-276.7979546,-90.2298881,-186.5680665,29.01043667,36.38630107,14.25870787,1339.06,1174.60,106700.00 - 108952.38 | bar 1001 | 2025-06-17 04:00:00,103513.70 - 105333.00 | bar 939 | 2025-06-06 20:00:00,,,,,,
2025-06-18 12:00:00,105184.84,105550.27,104713.24,104973.24,-311.6321001,-134.5103305,-177.1217696,28.90916561,33.89392258,18.93965165,1318.61,1172.42,106700.00 - 108952.38 | bar 1001 | 2025-06-17 04:00:00,103513.70 - 105333.00 | bar 939 | 2025-06-06 20:00:00,,,,,,
2025-06-18 16:00:00,104973.24,105310.62,104175.87,104840.59,-345.9542129,-176.799107,-169.1551059,30.40507351,32.73097289,25.75327475,1328.93,1173.11,106700.00 - 108952.38 | bar 1001 | 2025-06-17 04:00:00,103513.70 - 105333.00 | bar 939 | 2025-06-06 20:00:00,,,,,,
2025-06-18 20:00:00,104840.58,105325.83,103814.04,104801.01,-372.0596379,-215.8512132,-156.2084248,31.2529739,32.23830656,29.28230857,1337.79,1178.18,106700.00 - 108952.38 | bar 1001 | 2025-06-17 04:00:00,103513.70 - 105333.00 | bar 939 | 2025-06-06 20:00:00,,,,,,
2025-06-19 00:00:00,104801.01,104836.64,103500,103808.41,-467.4543768,-266.1718459,-201.2825309,25.0591515,29.84525487,15.48694475,1385.21,1180.87,106700.00 - 108952.38 | bar 1001 | 2025-06-17 04:00:00,103513.70 - 105333.00 | bar 939 | 2025-06-06 20:00:00,,,,,,
2025-06-19 04:00:00,103808.41,105139.87,103652,104886.78,-450.8429114,-303.106059,-147.7368524,36.98917226,32.22656067,46.51439544,1399.40,1183.59,106700.00 - 108952.38 | bar 1001 | 2025-06-17 04:00:00,103513.70 - 105333.00 | bar 939 | 2025-06-06 20:00:00,,,,,,
2025-06-19 08:00:00,104886.79,105226.17,104457.12,105100.02,-415.6798214,-325.6208115,-90.0590099,51.10585558,38.51965897,76.27824878,1341.56,1182.62,106700.00 - 108952.38 | bar 1001 | 2025-06-17 04:00:00,103513.70 - 105333.00 | bar 939 | 2025-06-06 20:00:00,,,,,,
2025-06-19 12:00:00,105100.01,105220,104617.69,104642.85,-419.8627016,-344.4691895,-75.39351208,52.65105003,43.23012266,71.49290477,1223.70,1182.46,106700.00 - 108952.38 | bar 1001 | 2025-06-17 04:00:00,103513.70 - 105333.00 | bar 939 | 2025-06-06 20:00:00,,,,,,
2025-06-19 16:00:00,104642.85,105073.53,104631.26,104776.23,-407.7151268,-357.118377,-50.59674983,55.84967454,47.43663995,72.67574373,1137.00,1179.73,106700.00 - 108952.38 | bar 1001 | 2025-06-17 04:00:00,103513.70 - 105333.00 | bar 939 | 2025-06-06 20:00:00,,,,,,
2025-06-19 20:00:00,104776.23,104917.05,104078,104096.93,-447.7406437,-375.2428303,-72.49781337,46.93801702,47.27043231,46.27318644,1109.12,1181.81,106700.00 - 108952.38 | bar 1001 | 2025-06-17 04:00:00,103513.70 - 105333.00 | bar 939 | 2025-06-06 20:00:00,,,,,,
2025-06-20 00:00:00,104096.94,104814.73,103929.27,104250.44,-461.7513974,-392.5445437,-69.20685369,44.99244713,46.51110391,41.95513356,1078.47,1182.16,106700.00 - 108952.38 | bar 1001 | 2025-06-17 04:00:00,103513.70 - 105333.00 | bar 939 | 2025-06-06 20:00:00,,,,,,
2025-06-20 04:00:00,104250.45,104898.31,104150,104658.59,-434.9073851,-401.017112,-33.89027314,51.1468062,48.05633801,57.32774258,1008.27,1183.20,106700.00 - 108952.38 | bar 1001 | 2025-06-17 04:00:00,103513.70 - 105333.00 | bar 939 | 2025-06-06 20:00:00,,,,,,
2025-06-20 08:00:00,104658.59,104820,104391.38,104596.63,-413.8622201,-403.5861336,-10.27608651,55.27442544,50.46236715,64.89854203,898.47,1182.40,106700.00 - 108952.38 | bar 1001 | 2025-06-17 04:00:00,103513.70 - 105333.00 | bar 939 | 2025-06-06 20:00:00,,,,,,
2025-06-20 12:00:00,104596.64,105825.66,104238.02,105811.74,-295.7256126,-382.0140294,86.28841685,69.96948545,56.96473992,95.97897651,962.23,1187.46,106700.00 - 108952.38 | bar 1001 | 2025-06-17 04:00:00,103513.70 - 105333.00 | bar 939 | 2025-06-06 20:00:00,,,,,,
2025-06-20 16:00:00,105811.74,106524.65,105757.48,105977.82,-186.5498019,-342.9211839,156.371382,72.9565364,62.29533874,94.2789317,955.57,1189.77,106700.00 - 108952.38 | bar 1001 | 2025-06-17 04:00:00,103513.70 - 105333.00 | bar 939 | 2025-06-06 20:00:00,,,,,,
2025-06-20 20:00:00,105977.82,106149.17,103888,104217.99,-239.2725736,-322.1914619,82.91888822,52.80952514,59.13340088,40.16177367,1057.29,1197.61,106700.00 - 108952.38 | bar 1001 | 2025-06-17 04:00:00,103513.70 - 105333.00 | bar 939 | 2025-06-06 20:00:00,,,,,,
2025-06-21 00:00:00,104218,104269.64,102345,103307.22,-350.5068526,-327.85454,-22.65231261,42.88019838,53.71566671,21.20926172,1113.71,1205.80,106700.00 - 108952.38 | bar 1001 | 2025-06-17 04:00:00,101429.70 - 102791.32 | bar 792 | 2025-05-13 08:00:00,,,,,,
2025-06-21 04:00:00,103307.21,103828,102963.67,103297.99,-434.3981327,-349.1632586,-85.23487416,36.18703658,47.87279,12.81552974,1067.47,1200.22,105757.48 - 106524.65 | bar 1022 | 2025-06-20 16:00:00,101429.70 - 102791.32 | bar 792 | 2025-05-13 08:00:00,,,,,,
2025-06-21 08:00:00,103297.98,103691.67,103127.48,103495.87,-479.3892139,-375.2084496,-104.1807643,33.30305128,43.01621043,13.87673299,1012.29,1192.40,105757.48 - 106524.65 | bar 1022 | 2025-06-20 16:00:00,101429.70 - 102791.32 | bar 792 | 2025-05-13 08:00:00,,,,,,
2025-06-21 12:00:00,103495.86,103599.04,103330,103458.5,-512.1565942,-402.5980785,-109.5585156,31.08236308,39.03826131,15.17056662,925.23,1176.87,105757.48 - 106524.65 | bar 1022 | 2025-06-20 16:00:00,101429.70 - 102791.32 | bar 792 | 2025-05-13 08:00:00,,,,,,
2025-06-21 16:00:00,103458.5,103982.64,103458.49,103874.64,-498.7961474,-421.8376923,-76.9584551,32.92068297,36.99906853,24.76391185,907.74,1161.62,105757.48 - 106524.65 | bar 1022 | 2025-06-20 16:00:00,101429.70 - 102791.32 | bar 792 | 2025-05-13 08:00:00,,,,,,
2025-06-21 20:00:00,103874.63,103946.47,103281.82,103560.9,-507.6719667,-439.0045472,-68.66741948,31.64410618,35.21408108,24.50415637,912.19,1156.05,105757.48 - 106524.65 | bar 1022 | 2025-06-20 16:00:00,101429.70 - 102791.32 | bar 792 | 2025-05-13 08:00:00,,,,,,
2025-06-22 00:00:00,103560.9,103640,102210.43,102245.1,-613.8046231,-473.9645624,-139.8400608,21.36394462,30.59736893,2.897096011,982.71,1159.98,105757.48 - 106524.65 | bar 1022 | 2025-06-20 16:00:00,101429.70 - 102791.32 | bar 792 | 2025-05-13 08:00:00,,,,,,
2025-06-22 04:00:00,102245.11,102888.88,100837.9,102120.01,-699.9407543,-519.1598008,-180.7809536,22.28910451,27.82794745,11.21141862,1069.28,1156.02,102345.00 - 104269.64 | bar 1024 | 2025-06-21 00:00:00,101429.70 - 102791.32 | bar 792 | 2025-05-13 08:00:00,,,,,,
2025-06-22 08:00:00,102120.02,103399.62,101839.96,102375.4,-739.0768029,-563.1432012,-175.9336017,29.79351806,28.48313766,32.41427887,1117.44,1158.47,102345.00 - 104269.64 | bar 1024 | 2025-06-21 00:00:00,101429.70 - 102791.32 | bar 792 | 2025-05-13 08:00:00,102375.40,100870.98,105757.48,,OPEN LONG,
2025-06-22 12:00:00,102375.4,102946.47,102256.01,102424.61,-757.3908375,-601.9927285,-155.3981091,36.68101189,31.2157624,47.61151086,1113.30,1157.85,102345.00 - 104269.64 | bar 1024 | 2025-06-21 00:00:00,101429.70 - 102791.32 | bar 792 | 2025-05-13 08:00:00,102375.40,100870.98,105757.48,,RUNNING LONG,0.05%
2025-06-22 16:00:00,102424.61,102804.05,102080,102739.48,-737.9903708,-629.1922569,-108.7981138,44.61020526,35.68057669,62.4694624,1134.41,1154.87,102345.00 - 104269.64 | bar 1024 | 2025-06-21 00:00:00,101429.70 - 102791.32 | bar 792 | 2025-05-13 08:00:00,102375.40,100870.98,105757.48,,RUNNING LONG,0.36%
2025-06-22 20:00:00,102739.47,102831,98889.35,98906.21,-1020.168348,-707.3874752,-312.7808732,29.85047809,33.73721049,22.0770133,1302.55,1167.23,102345.00 - 104269.64 | bar 1024 | 2025-06-21 00:00:00,95784.61 - 96961.04 | bar 760 | 2025-05-08 00:00:00,102375.40,100870.98,105757.48,98906.21,HIT STOP LOSS,-3.39%
2025-06-23 00:00:00,98906.21,100380,98673.66,98882.84,-1231.486384,-812.207257,-419.279127,21.21369091,29.56270396,4.515664814,1369.63,1172.91,102345.00 - 104269.64 | bar 1024 | 2025-06-21 00:00:00,95784.61 - 96961.04 | bar 760 | 2025-05-08 00:00:00,,,,,,
2025-06-23 04:00:00,98882.85,101034.65,98200,100963.87,-1217.006823,-893.1671702,-323.8396531,30.17473782,29.76671525,30.99078295,1410.60,1181.05,102345.00 - 104269.64 | bar 1024 | 2025-06-21 00:00:00,95784.61 - 96961.04 | bar 760 | 2025-05-08 00:00:00,,,,,,
2025-06-23 08:00:00,100963.87,101620,100494.25,101154.14,-1176.615181,-949.8567724,-226.7584086,38.21783992,32.5837568,49.48600614,1353.53,1175.94,102345.00 - 104269.64 | bar 1024 | 2025-06-21 00:00:00,95784.61 - 96961.04 | bar 760 | 2025-05-08 00:00:00,,,,,,
2025-06-23 12:00:00,101154.13,102137,100980,101931.04,-1069.585659,-973.8025496,-95.78310896,49.39723092,38.18824818,71.81519642,1374.44,1174.81,102345.00 - 104269.64 | bar 1024 | 2025-06-21 00:00:00,95784.61 - 96961.04 | bar 760 | 2025-05-08 00:00:00,,,,,,
2025-06-23 16:00:00,101931.04,102080,101102.76,101289.01,-1024.757678,-983.9935752,-40.76410245,52.73428056,43.03692564,72.12899041,1403.94,1174.59,102345.00 - 104269.64 | bar 1024 | 2025-06-21 00:00:00,95784.61 - 96961.04 | bar 760 | 2025-05-08 00:00:00,,,,,,
2025-06-23 20:00:00,101289,102613.09,100792.16,101420.7,-967.4527049,-980.6854012,13.23269629,57.77439945,47.94941691,77.42436454,1514.79,1176.05,102345.00 - 104269.64 | bar 1024 | 2025-06-21 00:00:00,95784.61 - 96961.04 | bar 760 | 2025-05-08 00:00:00,,,,,,
2025-06-24 00:00:00,101420.71,103300,99613.33,103161.29,-772.68006,-939.0843329,166.4042729,70.94299833,55.61394405,101.6011069,1740.69,1190.99,102345.00 - 104269.64 | bar 1024 | 2025-06-21 00:00:00,95784.61 - 96961.04 | bar 760 | 2025-05-08 00:00:00,,,,,,
2025-06-24 04:00:00,103161.3,106074.2,102880,105333.93,-437.9589273,-838.8592518,400.9003245,77.49492922,62.90760577,106.6695761,1921.37,1191.32,105757.48 - 106524.65 | bar 1022 | 2025-06-20 16:00:00,98673.66 - 100380.00 | bar 1036 | 2025-06-23 00:00:00,,,,,,
2025-06-24 08:00:00,105333.94,105500,104720.82,104919.6,-203.7740065,-711.8422028,508.0681962,80.10892718,68.64137958,103.0440224,1874.91,1176.58,105757.48 - 106524.65 | bar 1022 | 2025-06-20 16:00:00,98673.66 - 100380.00 | bar 1036 | 2025-06-23 00:00:00,,,,,,
2025-06-24 12:00:00,104919.6,105811,104704.91,104933.74,-16.84560412,-572.842883,555.9972789,81.91145043,73.06473653,99.60487823,1807.42,1166.74,105757.48 - 106524.65 | bar 1022 | 2025-06-20 16:00:00,98673.66 - 100380.00 | bar 1036 | 2025-06-23 00:00:00,,,,,,
2025-06-24 16:00:00,104933.74,105571.4,104622.02,105170,148.6471967,-428.5448671,577.1920638,83.27596054,76.46847786,96.89092588,1763.83,1157.98,105757.48 - 106524.65 | bar 1022 | 2025-06-20 16:00:00,98673.66 - 100380.00 | bar 1036 | 2025-06-23 00:00:00,,,,,,
2025-06-24 20:00:00,105169.99,105731.92,104800.98,105244.73,282.5741808,-286.3210575,568.8952383,84.57118573,79.16938049,95.37479623,1781.00,1155.97,105757.48 - 106524.65 | bar 1022 | 2025-06-20 16:00:00,98673.66 - 100380.00 | bar 1036 | 2025-06-23 00:00:00,,,,,,
2025-06-25 00:00:00,105244.72,106290,105172.64,105643.19,416.068494,-145.8431472,561.9116412,86.48491924,81.6078934,96.23897092,1809.10,1156.29,105757.48 - 106524.65 | bar 1022 | 2025-06-20 16:00:00,98673.66 - 100380.00 | bar 1036 | 2025-06-23 00:00:00,105643.19,107429.20,100380.00,,OPEN SHORT,
2025-06-25 04:00:00,105643.2,106119.11,105435.45,106083,551.0010926,-6.474299243,557.4753919,89.95649685,84.39076122,101.0879681,1576.38,1154.32,105757.48 - 106524.65 | bar 1022 | 2025-06-20 16:00:00,98673.66 - 100380.00 | bar 1036 | 2025-06-23 00:00:00,105643.19,107429.20,100380.00,,RUNNING SHORT,-0.42%
2025-06-25 08:00:00,106083,106791.18,105808.03,106232.01,662.325139,127.2855884,535.0395506,90.70759266,86.4963717,99.13003457,1524.73,1153.92,105757.48 - 106524.65 | bar 1022 | 2025-06-20 16:00:00,98673.66 - 100380.00 | bar 1036 | 2025-06-23 00:00:00,105643.19,107429.20,100380.00,,RUNNING SHORT,-0.56%
2025-06-25 12:00:00,106232.01,106702,106001,106600.01,771.353094,256.0990895,515.2540044,92.1758007,88.3895147,99.74837269,1372.32,1152.66,106700.00 - 108952.38 | bar 1001 | 2025-06-17 04:00:00,98673.66 - 100380.00 | bar 1036 | 2025-06-23 00:00:00,105643.19,107429.20,100380.00,,RUNNING SHORT,-0.91%
2025-06-25 16:00:00,106600,107237.44,106343.13,107198.02,895.6880092,384.0168734,511.6711357,94.28146216,90.35349719,102.1373921,1355.79,1153.13,106700.00 - 108952.38 | bar 1001 | 2025-06-17 04:00:00,98673.66 - 100380.00 | bar 1036 | 2025-06-23 00:00:00,105643.19,107429.20,100380.00,,RUNNING SHORT,-1.47%
2025-06-25 20:00:00,107198.02,108135.3,106752.36,107028,969.3312845,501.0797557,468.2515288,85.68178936,88.79626124,79.45284559,1371.93,1156.17,106700.00 - 108952.38 | bar 1001 | 2025-06-17 04:00:00,98673.66 - 100380.00 | bar 1036 | 2025-06-23 00:00:00,105643.19,107429.20,100380.00,,RUNNING SHORT,-1.31%
2025-06-26 00:00:00,107027.99,107905.37,106931,107761.68,1074.509676,615.7657398,458.7439367,86.90969065,88.16740438,84.39426318,1371.73,1148.58,106700.00 - 108952.38 | bar 1001 | 2025-06-17 04:00:00,98673.66 - 100380.00 | bar 1036 | 2025-06-23 00:00:00,105643.19,107429.20,100380.00,107761.68,HIT STOP LOSS,-2.01%
2025-06-26 04:00:00,107761.67,108000,107079.9,107340.58,1111.077252,714.8280423,396.2492099,83.32827877,86.55436251,76.8761113,1307.38,1139.79,106700.00 - 108952.38 | bar 1001 | 2025-06-17 04:00:00,98673.66 - 100380.00 | bar 1036 | 2025-06-23 00:00:00,,,,,,
2025-06-26 08:00:00,107340.59,108272.45,107105.43,107853.79,1168.005042,805.4634423,362.5416,84.38352282,85.83074928,81.48906991,1127.41,1136.59,106700.00 - 108952.38 | bar 1001 | 2025-06-17 04:00:00,98673.66 - 100380.00 | bar 1036 | 2025-06-23 00:00:00,,,,,,
2025-06-26 12:00:00,107853.79,108085.92,107520,107813.99,1196.12106,883.5949658,312.5260939,84.20233915,85.2879459,82.03112564,939.67,1129.78,106700.00 - 108952.38 | bar 1001 | 2025-06-17 04:00:00,98673.66 - 100380.00 | bar 1036 | 2025-06-23 00:00:00,,,,,,
2025-06-26 16:00:00,107813.99,108174.86,107117.65,107325.41,1165.543226,939.9846179,225.5586086,76.65872123,82.41153768,65.15308832,959.53,1127.60,106700.00 - 108952.38 | bar 1001 | 2025-06-17 04:00:00,98673.66 - 100380.00 | bar 1036 | 2025-06-23 00:00:00,,,,,,
2025-06-26 20:00:00,107325.42,107765.55,106562.5,107313.6,1127.361582,977.4600108,149.9015717,70.36810623,78.39706053,54.31019762,966.46,1128.54,106700.00 - 108952.38 | bar 1001 | 2025-06-17 04:00:00,98673.66 - 100380.00 | bar 1036 | 2025-06-23 00:00:00,,,,,,
2025-06-27 00:00:00,107313.61,107669.74,107009.28,107532.98,1102.100162,1002.388041,99.71212132,67.46940017,74.75450707,52.89918636,945.82,1122.25,106700.00 - 108952.38 | bar 1001 | 2025-06-17 04:00:00,98673.66 - 100380.00 | bar 1036 | 2025-06-23 00:00:00,,,,,,
2025-06-27 04:00:00,107532.97,108000,106850,106947.06,1023.008849,1006.512203,16.49664599,52.47611561,67.32837658,22.77159365,961.47,1124.29,106700.00 - 108952.38 | bar 1001 | 2025-06-17 04:00:00,98673.66 - 100380.00 | bar 1036 | 2025-06-23 00:00:00,,,,,,
2025-06-27 08:00:00,106947.06,107515.28,106438.33,107477.76,991.7195418,1003.55367,-11.83412867,53.87469855,62.84381724,35.93646117,958.58,1127.08,106700.00 - 108952.38 | bar 1001 | 2025-06-17 04:00:00,98673.66 - 100380.00 | bar 1036 | 2025-06-23 00:00:00,,,,,,
2025-06-27 12:00:00,107477.76,107735.34,106850,106869.71,907.3980673,984.3225499,-76.92448253,43.75637439,56.48133629,18.3064506,972.99,1123.38,106700.00 - 108952.38 | bar 1001 | 2025-06-17 04:00:00,98673.66 - 100380.00 | bar 1036 | 2025-06-23 00:00:00,,,,,,
2025-06-27 16:00:00,106869.72,107159.95,106679.98,106983.6,840.0787575,955.4737914,-115.3950339,39.08066408,50.68111222,15.8797678,937.05,1120.53,106700.00 - 108952.38 | bar 1001 | 2025-06-17 04:00:00,98673.66 - 100380.00 | bar 1036 | 2025-06-23 00:00:00,,,,,,
2025-06-27 20:00:00,106983.6,107407.14,106356.76,107308.25,803.6601671,925.1110665,-121.4508994,43.4985444,48.28692295,33.92178731,962.00,1121.61,106700.00 - 108952.38 | bar 1001 | 2025-06-17 04:00:00,98673.66 - 100380.00 | bar 1036 | 2025-06-23 00:00:00,,,,,,
2025-06-28 00:00:00,107308.25,107709.22,106446.45,106801.02,725.505771,885.1900074,-159.6842364,37.1441628,44.57266956,22.28714927,988.32,1122.97,106700.00 - 108952.38 | bar 1001 | 2025-06-17 04:00:00,98673.66 - 100380.00 | bar 1036 | 2025-06-23 00:00:00,,,,,,
2025-06-28 04:00:00,106801.02,107277.99,106794.33,107047.59,675.6752239,843.2870507,-167.6118268,38.77635001,42.64056304,31.04792393,924.09,1119.67,106700.00 - 108952.38 | bar 1001 | 2025-06-17 04:00:00,98673.66 - 100380.00 | bar 1036 | 2025-06-23 00:00:00,,,,,,
2025-06-28 08:00:00,107047.58,107347.1,106811.51,107300.13,649.0798355,804.4456077,-155.3657722,44.98728098,43.42280235,48.11623822,892.74,1115.85,106700.00 - 108952.38 | bar 1001 | 2025-06-17 04:00:00,98673.66 - 100380.00 | bar 1036 | 2025-06-23 00:00:00,,,,,,
2025-06-28 12:00:00,107300.13,107496.12,107183.29,107485,635.5935359,770.6751933,-135.0816574,52.87801319,46.5745393,65.48496097,849.37,1106.79,106700.00 - 108952.38 | bar 1001 | 2025-06-17 04:00:00,98673.66 - 100380.00 | bar 1036 | 2025-06-23 00:00:00,,,,,,
2025-06-28 16:00:00,107485.01,107493.07,107252.6,107373.39,608.8807538,738.3163054,-129.4355516,59.83358307,50.99422056,77.5123081,783.19,1102.12,106700.00 - 108952.38 | bar 1001 | 2025-06-17 04:00:00,98673.66 - 100380.00 | bar 1036 | 2025-06-23 00:00:00,,,,,,
2025-06-28 20:00:00,107373.39,107577.75,107084.15,107449.28,587.067027,708.0664497,-120.9994227,66.30560961,56.09801691,86.72079502,778.02,1100.27,106700.00 - 108952.38 | bar 1001 | 2025-06-17 04:00:00,98673.66 - 100380.00 | bar 1036 | 2025-06-23 00:00:00,,,,,,
2025-06-29 00:00:00,107449.28,107542.5,107225.74,107225.74,545.4540271,675.5439652,-130.0899381,65.62100901,59.27234761,78.31833182,725.13,1098.77,106700.00 - 108952.38 | bar 1001 | 2025-06-17 04:00:00,98673.66 - 100380.00 | bar 1036 | 2025-06-23 00:00:00,,,,,,
2025-06-29 04:00:00,107225.74,107378.37,107154.62,107296.79,512.3030553,642.8957832,-130.5927279,66.91573865,61.82014462,77.10692671,655.18,1095.26,106700.00 - 108952.38 | bar 1001 | 2025-06-17 04:00:00,98673.66 - 100380.00 | bar 1036 | 2025-06-23 00:00:00,,,,,,
2025-06-29 08:00:00,107296.79,107500,107172.52,107210.78,473.6306637,609.0427593,-135.4120956,64.7865076,62.80893228,68.74165823,631.40,1089.08,106700.00 - 108952.38 | bar 1001 | 2025-06-17 04:00:00,98673.66 - 100380.00 | bar 1036 | 2025-06-23 00:00:00,,,,,,
2025-06-29 12:00:00,107210.78,107402.18,107205.82,107402.18,453.202657,577.8747389,-124.6720819,69.05410106,64.89065521,77.38099277,563.28,1085.32,106700.00 - 108952.38 | bar 1001 | 2025-06-17 04:00:00,98673.66 - 100380.00 | bar 1036 | 2025-06-23 00:00:00,,,,,,
2025-06-29 16:00:00,107402.17,108484,107402.17,108477.11,517.7825075,565.8562926,-48.07378507,79.23208051,69.67113031,98.3539809,563.63,1079.98,106700.00 - 108952.38 | bar 1001 | 2025-06-17 04:00:00,98673.66 - 100380.00 | bar 1036 | 2025-06-23 00:00:00,,,,,,
2025-06-29 20:00:00,108477.12,108528.5,107650,107750.72,504.5329601,553.5916261,-49.05866597,68.20477746,69.18234602,66.24964032,563.14,1078.94,106700.00 - 108952.38 | bar 1001 | 2025-06-17 04:00:00,106446.45 - 107709.22 | bar 1066 | 2025-06-28 00:00:00,,,,,,
2025-06-30 00:00:00,107750.72,107792.05,107316.46,107406.81,460.9681813,535.0669371,-74.09875586,52.91633852,63.76034352,31.22832852,562.83,1078.97,106700.00 - 108952.38 | bar 1001 | 2025-06-17 04:00:00,106446.45 - 107709.22 | bar 1066 | 2025-06-28 00:00:00,,,,,,
2025-06-30 04:00:00,107406.8,108436.47,107250,108356.93,497.3760818,527.5287661,-30.15268425,64.65132576,64.0573376,65.83930208,572.55,1074.66,106700.00 - 108952.38 | bar 1001 | 2025-06-17 04:00:00,106446.45 - 107709.22 | bar 1066 | 2025-06-28 00:00:00,,,,,,
2025-06-30 08:00:00,108356.93,108789.99,108255.81,108503.74,531.9440258,528.411818,3.532207754,70.59965578,66.23811033,79.32274668,520.51,1072.71,106700.00 - 108952.38 | bar 1001 | 2025-06-17 04:00:00,106446.45 - 107709.22 | bar 1066 | 2025-06-28 00:00:00,,,,,,
2025-06-30 12:00:00,108503.74,108538.76,107481.31,107614.08,481.9951041,519.1284752,-37.13337116,56.43149423,62.9692383,43.35600609,561.49,1071.51,106700.00 - 108952.38 | bar 1001 | 2025-06-17 04:00:00,106446.45 - 107709.22 | bar 1066 | 2025-06-28 00:00:00,,,,,,
2025-06-30 16:00:00,107614.07,107964.33,107400,107654.2,440.5689676,503.4165737,-62.84760607,47.54760994,57.82869551,26.98543879,563.54,1069.90,106700.00 - 108952.38 | bar 1001 | 2025-06-17 04:00:00,106446.45 - 107709.22 | bar 1066 | 2025-06-28 00:00:00,,,,,,
2025-06-30 20:00:00,107654.21,107858.79,106733.33,107580.46,397.2094708,482.1751531,-84.96568232,45.42827285,53.69522129,28.89437597,621.59,1073.20,106700.00 - 108952.38 | bar 1001 | 2025-06-17 04:00:00,106446.45 - 107709.22 | bar 1066 | 2025-06-28 00:00:00,,,,,,
2025-07-01 00:00:00,107580.47,107807.94,107116.4,107745.97,371.9148283,460.1230882,-88.20825985,46.6978861,51.36277623,37.36810585,653.81,1072.30,106700.00 - 108952.38 | bar 1001 | 2025-06-17 04:00:00,106446.45 - 107709.22 | bar 1066 | 2025-06-28 00:00:00,,,,,,
2025-07-01 04:00:00,107745.97,107764.73,106900.02,107146.5,300.0377742,428.1060254,-128.0682512,37.82838013,46.85131086,19.78251867,680.31,1066.58,106700.00 - 108952.38 | bar 1001 | 2025-06-17 04:00:00,106446.45 - 107709.22 | bar 1066 | 2025-06-28 00:00:00,,,,,,
2025-07-01 08:00:00,107146.51,107540,107026.93,107192.38,243.964552,391.2777307,-147.3131787,32.65897662,42.12053278,13.7358643,694.34,1064.63,106700.00 - 108952.38 | bar 1001 | 2025-06-17 04:00:00,106446.45 - 107709.22 | bar 1066 | 2025-06-28 00:00:00,,,,,,
2025-07-01 12:00:00,107192.39,107203.11,106615.97,107178.99,196.1841694,352.2590184,-156.074849,30.40519969,38.21542175,14.78475557,720.29,1061.19,106700.00 - 108952.38 | bar 1001 | 2025-06-17 04:00:00,106446.45 - 107709.22 | bar 1066 | 2025-06-28 00:00:00,,,,,,
2025-07-01 16:00:00,107178.99,107178.99,106301.86,106605.8,110.7891212,303.965039,-193.1759178,24.34199968,33.59094773,5.844103594,759.55,1060.26,106700.00 - 108952.38 | bar 1001 | 2025-06-17 04:00:00,106446.45 - 107709.22 | bar 1066 | 2025-06-28 00:00:00,,,,,,
2025-07-01 20:00:00,106605.79,107179.99,105623.39,105955.18,-9.279695643,241.3160921,-250.5957877,20.02157202,29.06782249,1.929071069,856.71,1062.25,106700.00 - 108952.38 | bar 1001 | 2025-06-17 04:00:00,98673.66 - 100380.00 | bar 1036 | 2025-06-23 00:00:00,,,,,,
2025-07-02 00:00:00,105955.19,106287.95,105387.68,105398.53,-147.6500827,163.5228571,-311.1729398,13.48807781,23.87457426,-7.284915096,843.75,1060.70,106700.00 - 108952.38 | bar 1001 | 2025-06-17 04:00:00,98673.66 - 100380.00 | bar 1036 | 2025-06-23 00:00:00,,,,,,
2025-07-02 04:00:00,105398.52,106100,105250.85,105681.14,-231.8329206,84.45170156,-316.2846222,14.49179497,20.74698117,1.981422568,841.65,1053.33,106700.00 - 108952.38 | bar 1001 | 2025-06-17 04:00:00,98673.66 - 100380.00 | bar 1036 | 2025-06-23 00:00:00,,,,,,
2025-07-02 08:00:00,105681.13,106216.08,105100.19,106194.7,-254.1784156,16.72567812,-270.9040938,23.134991,21.54298444,26.31900411,887.39,1051.26,106700.00 - 108952.38 | bar 1001 | 2025-06-17 04:00:00,98673.66 - 100380.00 | bar 1036 | 2025-06-23 00:00:00,,,,,,
2025-07-02 12:00:00,106194.7,107186.78,106131.55,107080,-198.1667275,-26.25280301,-171.9139245,40.19070432,27.75889107,65.05433081,878.01,1050.80,106700.00 - 108952.38 | bar 1001 | 2025-06-17 04:00:00,98673.66 - 100380.00 | bar 1036 | 2025-06-23 00:00:00,,,,,,
2025-07-02 16:00:00,107080,107860.23,107080,107479.99,-120.1165818,-45.02555876,-75.09102303,55.53493223,37.01757146,92.56965379,895.59,1046.63,106700.00 - 108952.38 | bar 1001 | 2025-06-17 04:00:00,98673.66 - 100380.00 | bar 1036 | 2025-06-23 00:00:00,,,,,,
2025-07-02 20:00:00,107479.98,108759.2,107186.1,108737.74,42.73600054,-27.4732469,70.20924745,70.16112234,48.06542175,114.3525235,932.42,1046.57,108255.81 - 108789.99 | bar 1080 | 2025-06-30 08:00:00,105100.19 - 106216.08 | bar 1092 | 2025-07-02 08:00:00,,,,,,
2025-07-03 00:00:00,108737.75,109730,108650.97,109676.14,244.6981548,26.96103344,217.7371214,79.719638,58.61682717,121.9252597,969.18,1045.08,108670.29 - 110718.00 | bar 879 | 2025-05-27 20:00:00,105100.19 - 106216.08 | bar 1092 | 2025-07-02 08:00:00,,,,,,
2025-07-03 04:00:00,109676.14,109676.14,108720,108849.6,334.207214,88.41026956,245.7969445,80.14112562,65.79159332,108.8401902,957.09,1045.10,108518.86 - 110400.00 | bar 964 | 2025-06-11 00:00:00,105100.19 - 106216.08 | bar 1092 | 2025-07-02 08:00:00,,,,,,
2025-07-03 08:00:00,108849.59,109115.03,108530.4,108628.21,382.8660244,147.3014205,235.5646039,78.82817147,70.13711937,96.21027567,949.45,1038.76,108518.86 - 110400.00 | bar 964 | 2025-06-11 00:00:00,105100.19 - 106216.08 | bar 1092 | 2025-07-02 08:00:00,,,,,,
2025-07-03 12:00:00,108628.2,109548,108566.14,109280,468.6205223,211.5652409,257.0552814,82.64557387,74.3066042,99.32351321,957.82,1037.38,108518.86 - 110400.00 | bar 964 | 2025-06-11 00:00:00,105100.19 - 106216.08 | bar 1092 | 2025-07-02 08:00:00,,,,,,
2025-07-03 16:00:00,109279.99,110273.21,109279.99,109599.19,555.92914,280.4380207,275.4911193,84.08720716,77.56680519,97.12801109,992.12,1036.22,108670.29 - 110718.00 | bar 879 | 2025-05-27 20:00:00,105100.19 - 106216.08 | bar 1092 | 2025-07-02 08:00:00,,,,,,
2025-07-03 20:00:00,109599.18,110529.18,108749.99,109127.84,580.3973831,340.4298932,239.9674899,78.76953796,77.96771611,80.37318165,1077.26,1043.01,108518.86 - 110400.00 | bar 964 | 2025-06-11 00:00:00,105100.19 - 106216.08 | bar 1092 | 2025-07-02 08:00:00,109127.84,110938.63,106216.08,,OPEN SHORT,
2025-07-04 00:00:00,109127.85,109910.1,109020.8,109803.41,646.8450677,401.7129281,245.1321396,78.83242103,78.25595108,79.98536091,1078.13,1044.83,108670.29 - 110718.00 | bar 879 | 2025-05-27 20:00:00,105100.19 - 106216.08 | bar 1092 | 2025-07-02 08:00:00,109127.84,110938.63,106216.08,,RUNNING SHORT,-0.62%
2025-07-04 04:00:00,109803.41,110000,109510,109584.78,674.093196,456.1889817,217.9042143,76.47181443,77.66123887,74.09296556,1001.95,1040.45,108456.08 - 110530.17 | bar 959 | 2025-06-10 04:00:00,105100.19 - 106216.08 | bar 1092 | 2025-07-02 08:00:00,109127.84,110938.63,106216.08,,RUNNING SHORT,-0.42%
2025-07-04 08:00:00,109584.77,109767.59,109103.71,109235.57,659.9022629,496.9316379,162.970625,62.74121656,72.6878981,42.84785348,985.06,1041.18,108518.86 - 110400.00 | bar 964 | 2025-06-11 00:00:00,105100.19 - 106216.08 | bar 1092 | 2025-07-02 08:00:00,109127.84,110938.63,106216.08,,RUNNING SHORT,-0.10%
2025-07-04 12:00:00,109235.58,109329.6,108700,108700,598.5402239,517.2533551,81.28686883,44.65586969,63.34388863,7.279831818,969.38,1042.19,108518.86 - 110400.00 | bar 964 | 2025-06-11 00:00:00,105100.19 - 106216.08 | bar 1092 | 2025-07-02 08:00:00,109127.84,110938.63,106216.08,,RUNNING SHORT,0.39%
2025-07-04 16:00:00,108700,109111,108518.83,108888,558.6407322,525.5308305,33.10990169,35.89173614,54.19317113,-0.7111338358,931.97,1041.54,108518.86 - 110400.00 | bar 964 | 2025-06-11 00:00:00,105100.19 - 106216.08 | bar 1092 | 2025-07-02 08:00:00,109127.84,110938.63,106216.08,,RUNNING SHORT,0.22%
2025-07-04 20:00:00,108888,108978.64,107505,107573.29,416.1370195,503.6520683,-87.5150488,24.68053502,44.35562576,-14.66964646,961.86,1046.23,108518.86 - 110400.00 | bar 964 | 2025-06-11 00:00:00,105100.19 - 106216.08 | bar 1092 | 2025-07-02 08:00:00,109127.84,110938.63,106216.08,,RUNNING SHORT,1.42%
2025-07-05 00:00:00,107573.29,107922.5,107245,107469.23,291.4454268,461.21074,-169.7653133,18.72954984,35.81360046,-15.43855138,954.52,1046.09,108518.86 - 110400.00 | bar 964 | 2025-06-11 00:00:00,105100.19 - 106216.08 | bar 1092 | 2025-07-02 08:00:00,109127.84,110938.63,106216.08,,RUNNING SHORT,1.52%
2025-07-05 04:00:00,107469.22,108279.33,107440.63,107984.24,231.5146868,415.2715294,-183.7568426,19.98940639,30.5388691,-1.109519037,902.06,1045.15,108518.86 - 110400.00 | bar 964 | 2025-06-11 00:00:00,105100.19 - 106216.08 | bar 1092 | 2025-07-02 08:00:00,109127.84,110938.63,106216.08,,RUNNING SHORT,1.05%
2025-07-05 08:00:00,107984.25,108259.99,107756.31,108154.72,195.5216035,371.3215442,-175.7999407,24.33316748,28.47030189,16.05889865,860.96,1042.77,108518.86 - 110400.00 | bar 964 | 2025-06-11 00:00:00,105100.19 - 106216.08 | bar 1092 | 2025-07-02 08:00:00,109127.84,110938.63,106216.08,,RUNNING SHORT,0.89%
2025-07-05 12:00:00,108154.72,108420.56,108000,108053.46,157.0160072,328.4604368,-171.4444296,26.00384184,27.64814854,22.71522843,822.71,1040.01,108518.86 - 110400.00 | bar 964 | 2025-06-11 00:00:00,105100.19 - 106216.08 | bar 1092 | 2025-07-02 08:00:00,109127.84,110938.63,106216.08,,RUNNING SHORT,0.98%
2025-07-05 16:00:00,108053.46,108219.19,107870.42,108112.21,129.7450584,288.7173611,-158.9723027,28.79514874,28.03048194,30.32448233,805.86,1035.93,108518.86 - 110400.00 | bar 964 | 2025-06-11 00:00:00,105100.19 - 106216.08 | bar 1092 | 2025-07-02 08:00:00,109127.84,110938.63,106216.08,,RUNNING SHORT,0.93%
2025-07-05 20:00:00,108112.2,108232.29,107971,108058,102.5759098,251.4890709,-148.913161,32.19686177,29.41927522,37.75203487,754.39,1033.09,108518.86 - 110400.00 | bar 964 | 2025-06-11 00:00:00,105100.19 - 106216.08 | bar 1092 | 2025-07-02 08:00:00,109127.84,110938.63,106216.08,,RUNNING SHORT,0.98%
2025-07-06 00:00:00,108058,108167.23,107864.75,108141.78,86.80388845,218.5520344,-131.7481459,37.48422439,32.10759161,48.23748995,705.05,1024.63,108518.86 - 110400.00 | bar 964 | 2025-06-11 00:00:00,105100.19 - 106216.08 | bar 1092 | 2025-07-02 08:00:00,109127.84,110938.63,106216.08,,RUNNING SHORT,0.90%
2025-07-06 04:00:00,108141.78,108250,107993.39,108198.12,77.95203253,190.432034,-112.4800015,43.3154714,35.84355154,58.25931113,596.30,1020.82,108518.86 - 110400.00 | bar 964 | 2025-06-11 00:00:00,105100.19 - 106216.08 | bar 1092 | 2025-07-02 08:00:00,109127.84,110938.63,106216.08,108198.12,KDJ RESET EXIT,0.85%
2025-07-06 08:00:00,108198.12,108268.35,108025.97,108050.49,58.35172339,164.0159719,-105.6642485,51.71687568,41.13465959,72.88130787,550.09,1018.52,108518.86 - 110400.00 | bar 964 | 2025-06-11 00:00:00,105100.19 - 106216.08 | bar 1092 | 2025-07-02 08:00:00,,,,,,
2025-07-06 12:00:00,108050.49,108218,107930.45,108040.31,41.51829915,139.5164373,-97.99813818,54.87665308,45.71532409,73.19931108,535.63,1012.43,108518.86 - 110400.00 | bar 964 | 2025-06-11 00:00:00,105100.19 - 106216.08 | bar 1092 | 2025-07-02 08:00:00,,,,,,
2025-07-06 16:00:00,108040.31,108111,107800.01,108076.01,30.70443915,117.7540377,-87.04959855,52.62759183,48.01941333,61.84394883,510.42,1008.18,108518.86 - 110400.00 | bar 964 | 2025-06-11 00:00:00,105100.19 - 106216.08 | bar 1092 | 2025-07-02 08:00:00,,,,,,
2025-07-06 20:00:00,108076,109127.03,108045.76,108905.99,88.09136434,111.821503,-23.73013869,62.86610446,52.96831038,82.66169263,542.69,1011.61,108518.86 - 110400.00 | bar 964 | 2025-06-11 00:00:00,105100.19 - 106216.08 | bar 1092 | 2025-07-02 08:00:00,,,,,,
2025-07-07 00:00:00,108906,108966.62,108266.67,108538.46,102.7301078,110.003224,-7.273116146,60.4598162,55.46547898,70.44849063,550.38,1012.72,108518.86 - 110400.00 | bar 964 | 2025-06-11 00:00:00,105100.19 - 106216.08 | bar 1092 | 2025-07-02 08:00:00,,,,,,
2025-07-07 04:00:00,108538.45,109700,108536.86,109203.84,166.1072418,121.2240276,44.88321428,64.93527025,58.62207607,77.5616586,528.21,1009.72,108518.86 - 110400.00 | bar 964 | 2025-06-11 00:00:00,105100.19 - 106216.08 | bar 1092 | 2025-07-02 08:00:00,,,,,,
2025-07-07 08:00:00,109203.85,109700,108679.75,109389.47,228.6768227,142.7145866,85.96223611,71.17559009,62.80658075,87.91360878,552.69,1009.45,108518.86 - 110400.00 | bar 964 | 2025-06-11 00:00:00,105100.19 - 106216.08 | bar 1092 | 2025-07-02 08:00:00,,,,,,
2025-07-07 12:00:00,109389.46,109447.54,108654.94,109061.08,248.8962171,163.9509127,84.94530443,69.57454492,65.0625688,78.59849716,549.39,1008.47,108518.86 - 110400.00 | bar 964 | 2025-06-11 00:00:00,105100.19 - 106216.08 | bar 1092 | 2025-07-02 08:00:00,,,,,,
2025-07-07 16:00:00,109061.07,109087.86,108572.52,108642.01,228.4711134,176.8549528,51.61616058,61.15503752,63.76005838,55.94499581,550.23,1007.51,108518.86 - 110400.00 | bar 964 | 2025-06-11 00:00:00,105100.19 - 106216.08 | bar 1092 | 2025-07-02 08:00:00,,,,,,
2025-07-07 20:00:00,108642.01,108660,107970,108292.59,181.9909198,177.8821462,4.108773545,49.41182488,58.97731388,30.28084689,569.47,1009.15,108518.86 - 110400.00 | bar 964 | 2025-06-11 00:00:00,105100.19 - 106216.08 | bar 1092 | 2025-07-02 08:00:00,,,,,,
2025-07-08 00:00:00,108292.59,108493.56,107513.2,108056.68,124.6818117,167.2420793,-42.56026762,41.22546755,53.06003177,17.55633911,614.59,1009.45,108518.86 - 110400.00 | bar 964 | 2025-06-11 00:00:00,105100.19 - 106216.08 | bar 1092 | 2025-07-02 08:00:00,,,,,,
2025-07-08 04:00:00,108056.67,108300,107800.01,108262.94,94.81442718,152.7565489,-57.94212171,38.9119116,48.34399171,20.04775138,631.64,1005.14,108518.86 - 110400.00 | bar 964 | 2025-06-11 00:00:00,105100.19 - 106216.08 | bar 1092 | 2025-07-02 08:00:00,,,,,,
2025-07-08 08:00:00,108262.94,108525,107429.57,107901.52,41.50232333,130.5057038,-89.00338045,32.8702115,43.18606498,12.23850456,688.28,1007.52,108518.86 - 110400.00 | bar 964 | 2025-06-11 00:00:00,105100.19 - 106216.08 | bar 1092 | 2025-07-02 08:00:00,,,,,,
2025-07-08 12:00:00,107901.52,108499,107750,108484.61,45.77492204,113.5595474,-67.78462539,37.4030512,41.25839372,29.69236617,723.45,1008.07,108536.86 - 109700.00 | bar 1121 | 2025-07-07 04:00:00,105100.19 - 106216.08 | bar 1092 | 2025-07-02 08:00:00,,,,,,
2025-07-08 16:00:00,108484.61,109005,108229.15,108756.37,70.27960853,104.9035597,-34.62395112,44.4147906,42.31052601,48.62331978,761.55,1009.01,108536.86 - 109700.00 | bar 1121 | 2025-07-07 04:00:00,105100.19 - 106216.08 | bar 1092 | 2025-07-02 08:00:00,,,,,,
2025-07-08 20:00:00,108756.37,109216.56,108217.07,108268.35,49.74715938,93.8722796,-44.12512022,43.46503829,42.69536344,45.004388,812.40,1009.77,108536.86 - 109700.00 | bar 1121 | 2025-07-07 04:00:00,105100.19 - 106216.08 | bar 1092 | 2025-07-02 08:00:00,,,,,,
2025-07-09 00:00:00,108268.35,109147.56,108096.55,108771.88,73.26119883,89.75006344,-16.48886461,54.01525798,46.46866162,69.1084507,865.26,1012.55,108536.86 - 109700.00 | bar 1121 | 2025-07-07 04:00:00,105100.19 - 106216.08 | bar 1092 | 2025-07-02 08:00:00,,,,,,
2025-07-09 04:00:00,108771.87,108974,108624,108922.98,102.9025551,92.38056178,10.52199333,63.86725755,52.2681936,87.06538546,813.03,1004.25,108536.86 - 109700.00 | bar 1121 | 2025-07-07 04:00:00,105100.19 - 106216.08 | bar 1092 | 2025-07-02 08:00:00,,,,,,
2025-07-09 08:00:00,108922.99,109136,108348,108376.41,81.35213561,90.17487654,-8.822740931,60.23990083,54.92542934,70.8688438,819.32,993.18,108536.86 - 109700.00 | bar 1121 | 2025-07-07 04:00:00,105100.19 - 106216.08 | bar 1092 | 2025-07-02 08:00:00,,,,,,
2025-07-09 12:00:00,108376.41,108942.2,108324.53,108714.39,90.50218147,90.24033753,0.2618439405,64.12611911,57.99232593,76.39370547,780.36,987.27,108536.86 - 109700.00 | bar 1121 | 2025-07-07 04:00:00,105100.19 - 106216.08 | bar 1092 | 2025-07-02 08:00:00,,,,,,
2025-07-09 16:00:00,108714.39,109117,108553.18,109058.27,124.0716797,97.00660597,27.06507375,73.1314421,63.03869799,93.31693034,747.75,982.97,108536.86 - 109700.00 | bar 1121 | 2025-07-07 04:00:00,105100.19 - 106216.08 | bar 1092 | 2025-07-02 08:00:00,,,,,,
2025-07-09 20:00:00,109058.27,109769.39,108503,109071.32,149.999672,107.6052192,42.39445284,70.56484148,65.54741249,80.59969948,781.60,983.90,108536.86 - 109700.00 | bar 1121 | 2025-07-07 04:00:00,105100.19 - 106216.08 | bar 1092 | 2025-07-02 08:00:00,,,,,,
2025-07-10 00:00:00,109071.32,111999.79,109047.49,111750,382.2881028,162.5417959,219.7463069,78.24337591,69.77940029,95.17132714,955.66,994.45,110916.40 - 111980.00 | bar 850 | 2025-05-23 00:00:00,105100.19 - 106216.08 | bar 1092 | 2025-07-02 08:00:00,,,,,,
2025-07-10 04:00:00,111749.99,111952.33,110559.4,111233.99,518.7607126,233.7855792,284.9751334,78.95571791,72.83817283,91.19080807,1005.87,992.32,110916.40 - 111980.00 | bar 850 | 2025-05-23 00:00:00,108096.55 - 109147.56 | bar 1132 | 2025-07-09 00:00:00,,,,,,
2025-07-10 08:00:00,111234,111581,110880,111074.51,607.0498432,308.438432,298.6114112,78.06866712,74.58167093,85.04265951,985.92,989.47,110916.40 - 111980.00 | bar 850 | 2025-05-23 00:00:00,108096.55 - 109147.56 | bar 1132 | 2025-07-09 00:00:00,,,,,,
2025-07-10 12:00:00,111074.52,111432.46,110898,111230,681.7080528,383.0923562,298.6156966,78.39738314,75.853575,83.48499942,988.38,989.90,110916.40 - 111980.00 | bar 850 | 2025-05-23 00:00:00,108096.55 - 109147.56 | bar 1132 | 2025-07-09 00:00:00,,,,,,
2025-07-10 16:00:00,111229.99,111398.96,110870.33,111019.99,715.6792648,449.6097379,266.0695269,76.7118093,76.1396531,77.85612169,947.90,987.34,110916.40 - 111980.00 | bar 850 | 2025-05-23 00:00:00,108096.55 - 109147.56 | bar 1132 | 2025-07-09 00:00:00,,,,,,
2025-07-10 20:00:00,111019.99,111408.41,110500,111408.4,765.1232712,512.7124446,252.4108266,79.11083737,77.13004786,83.0724164,959.28,988.51,110916.40 - 111980.00 | bar 850 | 2025-05-23 00:00:00,108096.55 - 109147.56 | bar 1132 | 2025-07-09 00:00:00,111408.40,112459.64,109147.56,,OPEN SHORT,
2025-07-11 00:00:00,111408.4,113788.23,111322.32,113301.81,946.1833528,599.4066262,346.7767266,83.00609699,79.0887309,90.84082917,1080.00,997.96,,108096.55 - 109147.56 | bar 1132 | 2025-07-09 00:00:00,111408.40,112459.64,109147.56,113301.81,HIT STOP LOSS,-1.70%
2025-07-11 04:00:00,113301.8,116868,113270.98,116010,1293.294775,738.1842559,555.1105187,85.25172356,81.14306179,93.4690471,1265.54,1012.70,,110500.00 - 111408.41 | bar 1143 | 2025-07-10 20:00:00,,,,,,
2025-07-11 08:00:00,116010.01,116950,115222.22,116881.7,1620.047088,914.5568223,705.4902655,89.87972158,84.05528172,101.5286013,1313.88,1018.31,,110500.00 - 111408.41 | bar 1143 | 2025-07-10 20:00:00,,,,,,
2025-07-11 12:00:00,116881.69,118404.22,116500,117526.88,1909.054888,1113.456435,795.5984523,89.55326757,85.88794367,96.88391538,1424.90,1026.01,,110500.00 - 111408.41 | bar 1143 | 2025-07-10 20:00:00,,,,,,
2025-07-11 16:00:00,117526.88,118869.98,117526.88,117821.91,2137.265045,1318.218157,819.0468881,88.86158697,86.8791581,92.8264447,1464.55,1030.76,,110500.00 - 111408.41 | bar 1143 | 2025-07-10 20:00:00,,,,,,
2025-07-11 20:00:00,117821.91,118259.24,116724.66,116902.59,2218.369813,1498.248488,720.1213241,84.73928697,86.16586772,81.88612545,1530.04,1037.21,,110500.00 - 111408.41 | bar 1143 | 2025-07-10 20:00:00,,,,,,
2025-07-12 00:00:00,116902.58,118138.75,116604.87,118108.81,2352.855544,1669.169899,683.6856443,86.79484197,86.37552581,87.6334743,1599.33,1041.10,,110500.00 - 111408.41 | bar 1143 | 2025-07-10 20:00:00,,,,,,
2025-07-12 04:00:00,118108.81,118108.81,117146.8,117527.66,2385.049145,1812.345749,572.7033962,85.85078988,86.20061383,85.15114198,1577.59,1042.71,,110500.00 - 111408.41 | bar 1143 | 2025-07-10 20:00:00,,,,,,
2025-07-12 08:00:00,117527.66,117847.66,117141.13,117774.42,2402.776563,1930.431911,472.3446513,85.72878417,86.04333728,85.09967797,1417.18,1044.16,,110500.00 - 111408.41 | bar 1143 | 2025-07-10 20:00:00,,,,,,
2025-07-12 12:00:00,117774.42,118054.79,117506.37,117731.99,2385.898767,2021.525282,364.3734844,83.7108963,85.26585695,80.600975,1356.85,1042.19,,110500.00 - 111408.41 | bar 1143 | 2025-07-10 20:00:00,,,,,,
2025-07-12 16:00:00,117731.99,118200,117625,117810,2351.708713,2087.561969,264.1467444,79.45447052,83.32872814,71.70595528,1347.85,1041.82,,110500.00 - 111408.41 | bar 1143 | 2025-07-10 20:00:00,,,,,,
2025-07-12 20:00:00,117810,117861.19,116900.05,117100.01,2241.484155,2118.346406,123.1377495,61.40867744,76.02204458,32.18194318,1378.33,1044.64,,110500.00 - 111408.41 | bar 1143 | 2025-07-10 20:00:00,,,,,,
2025-07-13 00:00:00,117100,117639.98,117045.86,117550.96,2165.555124,2127.78815,37.76697473,54.86176812,68.96861909,26.64806617,1383.01,1035.95,,110500.00 - 111408.41 | bar 1143 | 2025-07-10 20:00:00,,,,,,
2025-07-13 04:00:00,117550.96,117563.75,117000.01,117420,2070.940925,2116.418705,-45.47777989,52.99828669,63.64517496,31.70451015,1358.39,1032.96,,110500.00 - 111408.41 | bar 1143 | 2025-07-10 20:00:00,,,,,,
2025-07-13 08:00:00,117420,117824.76,117224.79,117753.6,1999.82449,2093.099862,-93.27537169,59.33713116,62.20916036,53.59307277,1225.11,1030.31,,110500.00 - 111408.41 | bar 1143 | 2025-07-10 20:00:00,,,,,,
2025-07-13 12:00:00,117753.59,118054.79,117684.22,117999,1940.892531,2062.658396,-121.7658643,67.73737639,64.05189903,75.10833109,994.65,1021.79,,110500.00 - 111408.41 | bar 1143 | 2025-07-10 20:00:00,,,,,,
2025-07-13 16:00:00,117998.99,118086.66,117689.63,118072.01,1878.426495,2025.812016,-147.3855206,75.20966316,67.77115374,90.08668199,899.59,1019.12,,110500.00 - 111408.41 | bar 1143 | 2025-07-10 20:00:00,,,,,,
2025-07-13 20:00:00,118072.01,119376,117989.53,118672.24,1855.960894,1991.841791,-135.8808973,73.99849633,69.84693461,82.30161979,862.61,1022.84,,110500.00 - 111408.41 | bar 1143 | 2025-07-10 20:00:00,,,,,,
2025-07-14 00:00:00,118672.23,119488,118382.56,118961.08,1840.250455,1961.523524,-121.2730686,75.87882522,71.85756481,83.92134604,845.64,1024.40,,116900.05 - 117861.19 | bar 1155 | 2025-07-12 20:00:00,,,,,,
2025-07-14 04:00:00,118961.09,119367.37,118243.68,119086.64,1816.986375,1932.616094,-115.6297196,78.74961668,74.15491543,87.93901917,816.29,1022.17,,116900.05 - 117861.19 | bar 1155 | 2025-07-12 20:00:00,,,,,,
2025-07-14 08:00:00,119086.65,121492.48,118905.18,120750.24,1910.761965,1928.245268,-17.48330324,80.32578818,76.21187302,88.55361851,891.53,1025.70,,116900.05 - 117861.19 | bar 1155 | 2025-07-12 20:00:00,,,,,,
2025-07-14 12:00:00,120750.25,123218,120557.63,122736.04,2120.8692,1966.770055,154.0991455,84.30017285,78.90797296,95.08457262,1012.84,1033.70,,116900.05 - 117861.19 | bar 1155 | 2025-07-12 20:00:00,,,,,,
2025-07-14 16:00:00,122736.04,122769.19,121355.55,121467.24,2160.098866,2005.435817,154.6630494,79.79598456,79.20397683,80.98000002,1063.35,1037.07,,116900.05 - 117861.19 | bar 1155 | 2025-07-12 20:00:00,,,,,,
2025-07-14 20:00:00,121467.23,122120,119611.7,119878.23,2039.459216,2012.240497,27.21871931,66.41318393,74.94037919,49.35879339,1203.34,1047.75,,116900.05 - 117861.19 | bar 1155 | 2025-07-12 20:00:00,,,,,,
2025-07-15 00:00:00,119878.22,120526.03,119202,119939.41,1926.579727,1995.108343,-68.52861586,57.84051521,69.24042453,35.04069657,1256.84,1051.96,,116900.05 - 117861.19 | bar 1155 | 2025-07-12 20:00:00,,,,,,
2025-07-15 04:00:00,119939.42,120447,119522.72,119841.18,1808.350045,1957.756683,-149.4066384,50.36526282,62.94870396,25.19838054,1254.21,1049.67,,116900.05 - 117861.19 | bar 1155 | 2025-07-12 20:00:00,,,,,,
2025-07-15 08:00:00,119841.17,119940.83,116840.01,117148.47,1480.308897,1862.267126,-381.9582287,35.18894852,53.69545215,-1.824058742,1433.26,1058.15,,116900.05 - 117861.19 | bar 1155 | 2025-07-12 20:00:00,,,,,,
2025-07-15 12:00:00,117148.46,117765.4,116250,116779.12,1176.963168,1725.206334,-548.2431667,25.99048921,44.4604645,-10.94946136,1501.24,1059.95,121355.55 - 122769.19 | bar 1166 | 2025-07-14 16:00:00,110500.00 - 111408.41 | bar 1143 | 2025-07-10 20:00:00,,,,,,
2025-07-15 16:00:00,116779.13,117224.08,116300,117113.98,952.5989274,1570.684853,-618.0859257,21.46007739,36.7936688,-9.207105435,1524.39,1059.15,121355.55 - 122769.19 | bar 1166 | 2025-07-14 16:00:00,110500.00 - 111408.41 | bar 1143 | 2025-07-10 20:00:00,,,,,,
2025-07-15 20:00:00,117113.98,118490.71,115736.92,116391.43,708.319834,1398.211849,-689.8920153,17.22300842,30.27011534,-8.871205419,1694.62,1069.55,121355.55 - 122769.19 | bar 1166 | 2025-07-14 16:00:00,110500.00 - 111408.41 | bar 1143 | 2025-07-10 20:00:00,,,,,,
2025-07-16 00:00:00,116391.43,117800.6,116019.05,116416.07,510.826643,1220.734808,-709.908165,14.70121269,25.08048112,-6.057324181,1793.51,1073.65,121355.55 - 122769.19 | bar 1166 | 2025-07-14 16:00:00,110500.00 - 111408.41 | bar 1143 | 2025-07-10 20:00:00,,,,,,
2025-07-16 04:00:00,116416.07,117972.86,116192.27,117758.09,457.3298507,1068.053817,-610.7239658,20.35563988,23.50553404,14.05585155,1821.66,1076.44,121355.55 - 122769.19 | bar 1166 | 2025-07-14 16:00:00,110500.00 - 111408.41 | bar 1143 | 2025-07-10 20:00:00,,,,,,
2025-07-16 08:00:00,117758.08,118195,117017.29,117482.67,388.2338471,932.0898226,-543.8559756,25.72125767,24.24410858,28.67555585,1826.83,1073.48,121355.55 - 122769.19 | bar 1166 | 2025-07-14 16:00:00,110500.00 - 111408.41 | bar 1143 | 2025-07-10 20:00:00,,,,,,
2025-07-16 12:00:00,117482.67,118300,117275.63,118189.25,386.0398402,822.8798262,-436.8399859,34.50269512,27.66363743,48.1808105,1819.73,1072.16,121355.55 - 122769.19 | bar 1166 | 2025-07-14 16:00:00,110500.00 - 111408.41 | bar 1143 | 2025-07-10 20:00:00,,,,,,
2025-07-16 16:00:00,118189.24,119310.75,118113.82,118769.06,426.1742242,743.5387058,-317.3644816,47.04401776,34.1237642,72.88452486,1720.42,1063.00,121355.55 - 122769.19 | bar 1166 | 2025-07-14 16:00:00,110500.00 - 111408.41 | bar 1143 | 2025-07-10 20:00:00,,,,,,
2025-07-16 20:00:00,118769.06,119794.8,118181.14,119095.76,478.8233942,690.5956435,-211.7722492,58.95376876,42.40043239,92.06044151,1645.65,1065.13,121355.55 - 122769.19 | bar 1166 | 2025-07-14 16:00:00,110500.00 - 111408.41 | bar 1143 | 2025-07-10 20:00:00,,,,,,
2025-07-17 00:00:00,119095.76,119904.13,118471.38,119230.16,525.3374347,657.5440017,-132.206567,67.24478884,50.68188454,100.3705974,1647.02,1067.25,121355.55 - 122769.19 | bar 1166 | 2025-07-14 16:00:00,110500.00 - 111408.41 | bar 1143 | 2025-07-10 20:00:00,,,,,,
2025-07-17 04:00:00,119230.16,120063.84,118420,118630.43,507.9515981,627.625521,-119.6739229,67.12061878,56.16146262,89.0389311,1585.27,1067.32,121355.55 - 122769.19 | bar 1166 | 2025-07-14 16:00:00,110500.00 - 111408.41 | bar 1143 | 2025-07-10 20:00:00,,,,,,
2025-07-17 08:00:00,118630.44,119158.28,117683.53,118128.8,448.5255257,591.8055219,-143.2799963,62.13364314,58.15218946,70.09655049,1596.04,1068.13,121355.55 - 122769.19 | bar 1166 | 2025-07-14 16:00:00,110500.00 - 111408.41 | bar 1143 | 2025-07-10 20:00:00,,,,,,
2025-07-17 12:00:00,118128.8,118772,117857.03,118311.75,411.449537,555.7343249,-144.284788,59.67066741,58.65834878,61.69530469,1595.37,1066.91,121355.55 - 122769.19 | bar 1166 | 2025-07-14 16:00:00,110500.00 - 111408.41 | bar 1143 | 2025-07-10 20:00:00,,,,,,
2025-07-17 16:00:00,118311.75,119192,117974.99,117995,352.4447078,515.0764015,-162.6316937,50.47790053,55.9315327,39.57063621,1460.81,1067.73,121355.55 - 122769.19 | bar 1166 | 2025-07-14 16:00:00,110500.00 - 111408.41 | bar 1143 | 2025-07-10 20:00:00,,,,,,
2025-07-17 20:00:00,117995,119073.46,117453.57,118881.99,372.9564261,486.6524064,-113.6959803,52.85613041,54.9063986,48.75559402,1468.28,1072.81,121355.55 - 122769.19 | bar 1166 | 2025-07-14 16:00:00,110500.00 - 111408.41 | bar 1143 | 2025-07-10 20:00:00,,,,,,
2025-07-18 00:00:00,118881.99,119880.13,118333.6,118959.66,390.9725425,467.5164336,-76.54389113,54.47029656,54.76103125,53.88882718,1512.74,1079.06,121355.55 - 122769.19 | bar 1166 | 2025-07-14 16:00:00,110500.00 - 111408.41 | bar 1143 | 2025-07-10 20:00:00,,,,,,
2025-07-18 04:00:00,118959.66,120998.71,118383.97,119177.56,418.014542,457.6160553,-39.60151329,52.52342214,54.01516155,49.53994333,1502.81,1089.55,121355.55 - 122769.19 | bar 1166 | 2025-07-14 16:00:00,110500.00 - 111408.41 | bar 1143 | 2025-07-10 20:00:00,,,,,,
2025-07-18 08:00:00,119177.56,120785.49,119020.48,120223.09,517.8416979,469.6611838,48.18051404,61.05614725,56.36215678,70.44412817,1501.62,1094.94,121355.55 - 122769.19 | bar 1166 | 2025-07-14 16:00:00,110500.00 - 111408.41 | bar 1143 | 2025-07-10 20:00:00,,,,,,
2025-07-18 12:00:00,120223.08,120820.71,119287.72,119339.51,519.6675129,479.6624496,40.00506323,58.4367312,57.05368159,61.20283041,1483.94,1096.71,121355.55 - 122769.19 | bar 1166 | 2025-07-14 16:00:00,117453.57 - 119073.46 | bar 1185 | 2025-07-17 20:00:00,,,,,,
2025-07-18 16:00:00,119339.51,119469.21,118395,119171.34,501.7605872,484.0820771,17.67851001,55.10922808,56.40553042,52.51662339,1476.55,1100.00,121355.55 - 122769.19 | bar 1166 | 2025-07-14 16:00:00,117453.57 - 119073.46 | bar 1185 | 2025-07-17 20:00:00,,,,,,
2025-07-18 20:00:00,119171.35,119531.48,117315.69,117860.25,377.4244991,462.7505615,-85.32606247,41.66804944,51.49303676,22.01807481,1561.65,1106.44,121355.55 - 122769.19 | bar 1166 | 2025-07-14 16:00:00,117453.57 - 119073.46 | bar 1185 | 2025-07-17 20:00:00,,,,,,
2025-07-19 00:00:00,117860.24,118054.92,117120.53,117374.76,236.9805041,417.5965501,-180.6160459,29.96383114,44.31663489,1.258223653,1542.90,1108.04,121355.55 - 122769.19 | bar 1166 | 2025-07-14 16:00:00,110500.00 - 111408.41 | bar 1143 | 2025-07-10 20:00:00,,,,,,
2025-07-19 04:00:00,117374.75,118021.62,116812.76,117924.84,168.1264283,367.7025257,-199.5760974,28.83154345,39.15493774,8.184754873,1513.98,1109.67,119287.72 - 120820.71 | bar 1189 | 2025-07-18 12:00:00,110500.00 - 111408.41 | bar 1143 | 2025-07-10 20:00:00,,,,,,
2025-07-19 08:00:00,117924.84,118371.42,117613.35,118322.54,143.9903127,322.9600831,-178.9697704,31.24362838,36.51783462,20.69521589,1465.79,1109.99,119287.72 - 120820.71 | bar 1189 | 2025-07-18 12:00:00,110500.00 - 111408.41 | bar 1143 | 2025-07-10 20:00:00,,,,,,
2025-07-19 12:00:00,118322.53,118364,118044.19,118163.06,110.7172841,280.5115233,-169.7942392,31.58172238,34.87246387,25.0002394,1371.22,1105.97,119287.72 - 120820.71 | bar 1189 | 2025-07-18 12:00:00,110500.00 - 111408.41 | bar 1143 | 2025-07-10 20:00:00,,,,,,
2025-07-19 16:00:00,118163.07,118499.9,117943.25,118327.06,96.46955759,243.7031302,-147.2335726,33.64861741,34.46451505,32.01682212,1305.64,1103.80,119287.72 - 120820.71 | bar 1189 | 2025-07-18 12:00:00,110500.00 - 111408.41 | bar 1143 | 2025-07-10 20:00:00,,,,,,
2025-07-19 20:00:00,118327.05,118327.06,117627.71,118058.11,62.75273988,207.5130521,-144.7603122,32.78974308,33.90625773,30.55671378,1290.24,1100.36,119287.72 - 120820.71 | bar 1189 | 2025-07-18 12:00:00,110500.00 - 111408.41 | bar 1143 | 2025-07-10 20:00:00,,,,,,
2025-07-20 00:00:00,118058.1,118161.51,117605.26,118007.88,31.6143472,172.3333111,-140.7189639,36.51280267,34.77510604,39.98819592,1243.04,1099.78,119287.72 - 120820.71 | bar 1189 | 2025-07-18 12:00:00,110500.00 - 111408.41 | bar 1143 | 2025-07-10 20:00:00,,,,,,
2025-07-20 04:00:00,118007.88,118141,117277.34,117840,-6.534243614,136.5598002,-143.0940438,36.93652083,35.49557764,39.81840722,1189.02,1097.65,119287.72 - 120820.71 | bar 1189 | 2025-07-18 12:00:00,110500.00 - 111408.41 | bar 1143 | 2025-07-10 20:00:00,,,,,,
2025-07-20 08:00:00,117840.01,118165.38,117650,117958.01,-26.93437324,103.8609655,-130.7953387,47.25139655,39.41418394,62.92582176,1115.37,1092.33,119287.72 - 120820.71 | bar 1189 | 2025-07-18 12:00:00,110500.00 - 111408.41 | bar 1143 | 2025-07-10 20:00:00,,,,,,
2025-07-20 12:00:00,117958,118218,117760.67,118029.49,-36.9083281,75.70710677,-112.6154349,55.54023225,44.78953338,77.04163001,961.27,1083.36,119287.72 - 120820.71 | bar 1189 | 2025-07-18 12:00:00,110500.00 - 111408.41 | bar 1143 | 2025-07-10 20:00:00,,,,,,
2025-07-20 16:00:00,118029.49,118277.17,117819.88,117878.46,-56.35004968,49.29567548,-105.6457252,53.41647382,47.66518019,64.91906107,867.86,1077.36,119287.72 - 120820.71 | bar 1189 | 2025-07-18 12:00:00,110500.00 - 111408.41 | bar 1143 | 2025-07-10 20:00:00,,,,,,
2025-07-20 20:00:00,117878.46,118799.8,117723.23,118671.11,-7.70866288,37.89480781,-45.60347069,66.1267268,53.81902906,90.74212228,835.26,1076.60,119287.72 - 120820.71 | bar 1189 | 2025-07-18 12:00:00,110500.00 - 111408.41 | bar 1143 | 2025-07-10 20:00:00,,,,,,
2025-07-21 00:00:00,118671.12,118856.8,117960,118155.01,-10.68183661,28.17947893,-38.86131554,62.60705976,56.74837263,74.32443403,822.59,1074.51,119287.72 - 120820.71 | bar 1189 | 2025-07-18 12:00:00,110500.00 - 111408.41 | bar 1143 | 2025-07-10 20:00:00,,,,,,
2025-07-21 04:00:00,118155,118263,116467.02,117265.12,-83.87789197,5.768004747,-89.64589671,52.87016637,55.45563721,47.69922469,792.60,1074.84,119287.72 - 120820.71 | bar 1189 | 2025-07-18 12:00:00,110500.00 - 111408.41 | bar 1143 | 2025-07-10 20:00:00,,,,,,
2025-07-21 08:00:00,117265.11,118614.7,116515,118404,-49.41852916,-5.269302034,-44.14922713,62.26432731,57.72520058,71.34258078,875.84,1075.51,117960.00 - 118856.80 | bar 1204 | 2025-07-21 00:00:00,110500.00 - 111408.41 | bar 1143 | 2025-07-10 20:00:00,,,,,,
2025-07-21 12:00:00,118404.01,119676.73,118188.95,119362.67,54.61782095,6.708122563,47.90969839,71.58132334,62.34390816,90.0561537,895.76,1079.47,119287.72 - 120820.71 | bar 1189 | 2025-07-18 12:00:00,110500.00 - 111408.41 | bar 1143 | 2025-07-10 20:00:00,,,,,,
2025-07-21 16:00:00,119364.18,119500,118070.16,118070.17,32.39994345,11.84648674,20.55345671,64.36984221,63.01921951,67.0710876,943.74,1082.32,119287.72 - 120820.71 | bar 1189 | 2025-07-18 12:00:00,110500.00 - 111408.41 | bar 1143 | 2025-07-10 20:00:00,118070.17,121292.58,111408.41,,OPEN SHORT,
2025-07-21 20:00:00,118070.17,119233.71,117778.7,118313.16,34.007362,16.27866179,17.72870021,62.08567674,62.70803859,60.84095304,1024.83,1085.41,119287.72 - 120820.71 | bar 1189 | 2025-07-18 12:00:00,110500.00 - 111408.41 | bar 1143 | 2025-07-10 20:00:00,118070.17,121292.58,111408.41,,RUNNING SHORT,-0.21%
2025-07-22 00:00:00,118313.16,118399.1,116666,116767.67,-88.40776434,-4.658623434,-83.7491409,44.51274777,56.64294165,20.25236002,1108.86,1088.40,119287.72 - 120820.71 | bar 1189 | 2025-07-18 12:00:00,110500.00 - 111408.41 | bar 1143 | 2025-07-10 20:00:00,118070.17,121292.58,111408.41,,RUNNING SHORT,1.10%
2025-07-22 04:00:00,116767.67,117633.66,116656.88,117380.36,-134.4339999,-30.61369873,-103.8203012,39.16034193,50.81540841,15.85020898,1128.68,1085.72,119287.72 - 120820.71 | bar 1189 | 2025-07-18 12:00:00,110500.00 - 111408.41 | bar 1143 | 2025-07-10 20:00:00,118070.17,121292.58,111408.41,,RUNNING SHORT,0.58%
2025-07-22 08:00:00,117380.36,117950,116128,117210,-182.552401,-61.00143918,-121.5509618,36.27015491,45.96699058,16.87648357,1219.09,1088.15,119287.72 - 120820.71 | bar 1189 | 2025-07-18 12:00:00,110500.00 - 111408.41 | bar 1143 | 2025-07-10 20:00:00,118070.17,121292.58,111408.41,,RUNNING SHORT,0.73%
2025-07-22 12:00:00,117210,118594.55,116552.18,117983.68,-156.4535711,-80.09186556,-76.36170551,41.61056431,44.51484849,35.80199595,1303.28,1090.92,119287.72 - 120820.71 | bar 1189 | 2025-07-18 12:00:00,110500.00 - 111408.41 | bar 1143 | 2025-07-10 20:00:00,118070.17,121292.58,111408.41,,RUNNING SHORT,0.07%
2025-07-22 16:00:00,117983.69,119188.3,117488.19,119154.99,-40.78498842,-72.23049013,31.44550172,56.17298919,48.40089539,71.71717679,1387.90,1095.58,119287.72 - 120820.71 | bar 1189 | 2025-07-18 12:00:00,110500.00 - 111408.41 | bar 1143 | 2025-07-10 20:00:00,118070.17,121292.58,111408.41,119154.99,KDJ RESET EXIT,-0.92%
2025-07-22 20:00:00,119154.99,119573.53,117550,118912.04,30.92270442,-51.59985122,82.52255564,63.59923539,53.46700872,83.86368873,1499.78,1102.68,119287.72 - 120820.71 | bar 1189 | 2025-07-18 12:00:00,110500.00 - 111408.41 | bar 1143 | 2025-07-10 20:00:00,,,,,,
2025-07-23 00:00:00,118912.04,120183.96,118368.19,119282.1,116.2720056,-18.02547986,134.2974855,68.3210148,58.41834408,88.12635624,1596.81,1109.55,119287.72 - 120820.71 | bar 1189 | 2025-07-18 12:00:00,110500.00 - 111408.41 | bar 1143 | 2025-07-10 20:00:00,,,,,,
2025-07-23 04:00:00,119282.11,120247.8,119203.2,119954.42,235.4484438,32.66930487,202.7791389,76.50693671,64.44787496,100.6250602,1594.53,1110.58,119287.72 - 120820.71 | bar 1189 | 2025-07-18 12:00:00,116128.00 - 117950.00 | bar 1212 | 2025-07-22 08:00:00,,,,,,
2025-07-23 08:00:00,119954.43,120090,118532.96,118614.17,219.222594,69.97996269,149.2426313,71.12024497,66.67199829,80.01673832,1641.69,1113.94,119287.72 - 120820.71 | bar 1189 | 2025-07-18 12:00:00,116128.00 - 117950.00 | bar 1212 | 2025-07-22 08:00:00,,,,,,
2025-07-23 12:00:00,118614.16,119006.05,118288.2,118350.35,182.9663003,92.57723022,90.38907012,65.39454751,66.24618137,63.69127979,1564.68,1113.78,119287.72 - 120820.71 | bar 1189 | 2025-07-18 12:00:00,116128.00 - 117950.00 | bar 1212 | 2025-07-22 08:00:00,,,,,,
2025-07-23 16:00:00,118350.35,118619.79,117844.24,118538.46,167.4812122,107.5580266,59.92318555,63.09941531,65.19725935,58.90372725,1470.10,1115.52,119287.72 - 120820.71 | bar 1189 | 2025-07-18 12:00:00,116128.00 - 117950.00 | bar 1212 | 2025-07-22 08:00:00,,,,,,
2025-07-23 20:00:00,118538.46,118708.24,117301,118567.39,155.748209,117.1960631,38.55214593,60.24283904,63.54578591,53.6369453,1464.34,1114.62,119287.72 - 120820.71 | bar 1189 | 2025-07-18 12:00:00,116128.00 - 117950.00 | bar 1212 | 2025-07-22 08:00:00,,,,,,
2025-07-24 00:00:00,118567.39,118567.39,117331.63,118393.64,130.920378,119.9409261,10.97945191,52.52151443,59.87102875,37.82248579,1450.48,1116.96,119287.72 - 120820.71 | bar 1189 | 2025-07-18 12:00:00,116128.00 - 117950.00 | bar 1212 | 2025-07-22 08:00:00,,,,,,
2025-07-24 04:00:00,118393.64,118756,117381.8,118755.99,138.8818166,123.7291042,15.15271241,51.47276112,57.07160621,40.27507096,1444.71,1112.53,119287.72 - 120820.71 | bar 1189 | 2025-07-18 12:00:00,116128.00 - 117950.00 | bar 1212 | 2025-07-22 08:00:00,,,,,,
2025-07-24 08:00:00,118756,119273.36,118466.71,118488.92,122.2319828,123.4296799,-1.197697079,47.75257511,53.96526251,35.3272003,1378.53,1106.94,119287.72 - 120820.71 | bar 1189 | 2025-07-18 12:00:00,116128.00 - 117950.00 | bar 1212 | 2025-07-22 08:00:00,,,,,,
2025-07-24 12:00:00,118488.92,118610.25,117103.1,118416.21,101.9940563,119.1425552,-17.1484989,45.75381286,51.22811262,34.80521332,1416.42,1110.15,119287.72 - 120820.71 | bar 1189 | 2025-07-18 12:00:00,116128.00 - 117950.00 | bar 1212 | 2025-07-22 08:00:00,,,,,,
2025-07-24 16:00:00,118416.21,118814.47,117955.59,118600,99.63711604,115.2414674,-15.60435131,47.20771003,49.88797843,41.84717323,1347.62,1111.62,119287.72 - 120820.71 | bar 1189 | 2025-07-18 12:00:00,116128.00 - 117950.00 | bar 1212 | 2025-07-22 08:00:00,,,,,,
2025-07-24 20:00:00,118600,119450,117832.32,119092.65,135.9547598,119.3841258,16.57063399,59.72965037,53.16853574,72.85187962,1317.29,1118.37,119287.72 - 120820.71 | bar 1189 | 2025-07-18 12:00:00,116128.00 - 117950.00 | bar 1212 | 2025-07-22 08:00:00,,,,,,
2025-07-25 00:00:00,119092.65,119395.81,118350,118943.42,150.9550248,125.6983056,25.25671916,65.95807702,57.43171617,83.01079873,1270.55,1120.97,119287.72 - 120820.71 | bar 1189 | 2025-07-18 12:00:00,116128.00 - 117950.00 | bar 1212 | 2025-07-22 08:00:00,,,,,,
2025-07-25 04:00:00,118943.42,119010.64,118166.94,118340.99,112.9299899,123.1446425,-10.21465255,61.55396792,58.80580008,67.05030359,1186.28,1121.87,119287.72 - 120820.71 | bar 1189 | 2025-07-18 12:00:00,116128.00 - 117950.00 | bar 1212 | 2025-07-22 08:00:00,,,,,,
2025-07-25 08:00:00,118340.98,118451.57,115330.86,115419.66,-151.1892253,68.27786894,-219.4670942,41.75457521,53.12205846,19.01960872,1279.49,1130.33,119287.72 - 120820.71 | bar 1189 | 2025-07-18 12:00:00,110500.00 - 111408.41 | bar 1143 | 2025-07-10 20:00:00,,,,,,
2025-07-25 12:00:00,115419.65,116144.63,114723.16,115320.01,-364.346568,-18.24701844,-346.0995495,32.04532645,46.09648112,3.943017098,1306.41,1127.18,119203.20 - 120247.80 | bar 1217 | 2025-07-23 04:00:00,110500.00 - 111408.41 | bar 1143 | 2025-07-10 20:00:00,,,,,,
2025-07-25 16:00:00,115320.01,116782.13,115008.85,116543.58,-429.5913628,-100.5158873,-329.0754755,34.20102096,42.13132773,18.34040741,1321.85,1128.25,119203.20 - 120247.80 | bar 1217 | 2025-07-23 04:00:00,110500.00 - 111408.41 | bar 1143 | 2025-07-10 20:00:00,,,,,,
2025-07-25 20:00:00,116543.59,116656.99,114908,115727.08,-540.9473545,-188.6021808,-352.3451738,29.88025177,38.04763575,13.54548382,1395.50,1133.54,119203.20 - 120247.80 | bar 1217 | 2025-07-23 04:00:00,110500.00 - 111408.41 | bar 1143 | 2025-07-10 20:00:00,,,,,,
2025-07-26 00:00:00,115727.07,116997.21,115455.46,116688.6,-545.3249851,-259.9467416,-285.3782435,33.78030838,36.62519329,28.09053855,1450.23,1137.63,119203.20 - 120247.80 | bar 1217 | 2025-07-23 04:00:00,110500.00 - 111408.41 | bar 1143 | 2025-07-10 20:00:00,,,,,,
2025-07-26 04:00:00,116688.6,117630,116578.02,117614.31,-468.6944109,-301.6962755,-166.9981354,42.90838599,38.71959086,51.28597626,1424.86,1123.18,119203.20 - 120247.80 | bar 1217 | 2025-07-23 04:00:00,110500.00 - 111408.41 | bar 1143 | 2025-07-10 20:00:00,,,,,,
2025-07-26 08:00:00,117614.31,117750,117138.38,117489.62,-413.2617455,-324.0093695,-89.25237604,48.34071598,41.92663256,61.16888281,1380.28,1117.71,119203.20 - 120247.80 | bar 1217 | 2025-07-23 04:00:00,110500.00 - 111408.41 | bar 1143 | 2025-07-10 20:00:00,,,,,,
2025-07-26 12:00:00,117489.61,117547.92,117304.46,117304.47,-379.8918596,-335.1858675,-44.70599209,52.29573129,45.3829988,66.12119625,1299.51,1104.75,119203.20 - 120247.80 | bar 1217 | 2025-07-23 04:00:00,110500.00 - 111408.41 | bar 1143 | 2025-07-10 20:00:00,,,,,,
2025-07-26 16:00:00,117304.47,118217.45,117304.46,117776.11,-311.7944064,-330.5075753,18.71316887,62.15829759,50.97476507,84.52536264,1307.10,1103.69,119203.20 - 120247.80 | bar 1217 | 2025-07-23 04:00:00,110500.00 - 111408.41 | bar 1143 | 2025-07-10 20:00:00,,,,,,
2025-07-26 20:00:00,117776.1,118220,117772.13,118130.1,-226.6499698,-309.7360542,83.08608439,73.9152342,58.62158811,104.5025264,1231.44,1100.14,119203.20 - 120247.80 | bar 1217 | 2025-07-23 04:00:00,110500.00 - 111408.41 | bar 1143 | 2025-07-10 20:00:00,,,,,,
2025-07-27 00:00:00,118130.1,118297.35,117941.96,118232.11,-149.2209101,-277.6330254,128.4121153,81.96853852,66.40390491,113.0978057,1195.48,1097.03,119203.20 - 120247.80 | bar 1217 | 2025-07-23 04:00:00,110500.00 - 111408.41 | bar 1143 | 2025-07-10 20:00:00,,,,,,
2025-07-27 04:00:00,118232.11,118276.66,117883.86,117919.99,-111.7550553,-244.4574314,132.7023761,84.26779294,72.35853426,108.0863103,1107.99,1089.89,119203.20 - 120247.80 | bar 1217 | 2025-07-23 04:00:00,110500.00 - 111408.41 | bar 1143 | 2025-07-10 20:00:00,,,,,,
2025-07-27 08:00:00,117919.99,118358.18,117825.5,118182.83,-60.16060996,-207.5980671,147.4374571,87.49823337,77.40510063,107.6844988,1071.33,1074.12,119203.20 - 120247.80 | bar 1217 | 2025-07-23 04:00:00,110500.00 - 111408.41 | bar 1143 | 2025-07-10 20:00:00,,,,,,
2025-07-27 12:00:00,118182.83,118438.83,118066.74,118095.95,-25.98261879,-171.2749774,145.2923586,85.52336084,80.11118737,96.34770779,1037.65,1060.01,119203.20 - 120247.80 | bar 1217 | 2025-07-23 04:00:00,110500.00 - 111408.41 | bar 1143 | 2025-07-10 20:00:00,,,,,,
2025-07-27 16:00:00,118095.95,118292.86,117859.98,118072.71,-0.7627952898,-137.172541,136.4097457,80.96446338,80.3956127,82.10216474,845.66,1058.28,119203.20 - 120247.80 | bar 1217 | 2025-07-23 04:00:00,110500.00 - 111408.41 | bar 1143 | 2025-07-10 20:00:00,,,,,,
2025-07-27 20:00:00,118072.71,118588,117890,118585.74,59.93048859,-97.75193508,157.6824237,87.25095041,82.68072527,96.39140068,793.98,1056.24,119203.20 - 120247.80 | bar 1217 | 2025-07-23 04:00:00,110500.00 - 111408.41 | bar 1143 | 2025-07-10 20:00:00,,,,,,
2025-07-28 00:00:00,118585.75,119540.01,118585.75,118960,136.6547368,-50.8706007,187.5253375,82.85235168,82.73793407,83.08118688,735.48,1056.26,119203.20 - 120247.80 | bar 1217 | 2025-07-23 04:00:00,114723.16 - 116144.63 | bar 1231 | 2025-07-25 12:00:00,,,,,,
2025-07-28 04:00:00,118960.01,119766.65,118713.74,119415.55,231.5491792,5.613355284,225.935824,82.70049016,82.72545277,82.65056495,685.76,1056.87,119203.20 - 120247.80 | bar 1217 | 2025-07-23 04:00:00,114723.16 - 116144.63 | bar 1231 | 2025-07-25 12:00:00,,,,,,
2025-07-28 08:00:00,119415.56,119800,118960.5,119287.99,293.0822133,63.10712689,229.9750864,79.82328618,81.75806391,75.95373072,635.60,1055.48,119203.20 - 120247.80 | bar 1217 | 2025-07-23 04:00:00,114723.16 - 116144.63 | bar 1231 | 2025-07-25 12:00:00,,,,,,
2025-07-28 12:00:00,119287.99,119701.07,118774.31,118900,307.0011179,111.8859251,195.1151928,71.35513752,78.29042178,57.48456901,626.66,1056.70,119203.20 - 120247.80 | bar 1217 | 2025-07-23 04:00:00,114723.16 - 116144.63 | bar 1231 | 2025-07-25 12:00:00,,,,,,
2025-07-28 16:00:00,118900.01,119102.69,118475.47,118827.49,308.6233809,151.2334163,157.3899646,64.48559772,73.68881376,46.07916563,627.77,1054.92,119203.20 - 120247.80 | bar 1217 | 2025-07-23 04:00:00,114723.16 - 116144.63 | bar 1231 | 2025-07-25 12:00:00,,,,,,
2025-07-28 20:00:00,118827.49,119093.68,117895.73,118174.9,254.3188475,171.8505025,82.468345,48.40133926,65.25965559,14.68470659,695.95,1057.40,119203.20 - 120247.80 | bar 1217 | 2025-07-23 04:00:00,114723.16 - 116144.63 | bar 1231 | 2025-07-25 12:00:00,,,,,,
2025-07-29 00:00:00,118174.89,118376.61,117427.5,118068.73,200.4049385,177.5613897,22.84354878,41.27676217,57.26535779,9.299570954,698.53,1057.68,119203.20 - 120247.80 | bar 1217 | 2025-07-23 04:00:00,114723.16 - 116144.63 | bar 1231 | 2025-07-25 12:00:00,,,,,,
2025-07-29 04:00:00,118068.73,118350.01,117500.09,118062.32,155.3695404,173.1230198,-17.75347946,36.43698441,50.32256666,8.665819904,727.25,1055.01,119203.20 - 120247.80 | bar 1217 | 2025-07-23 04:00:00,114723.16 - 116144.63 | bar 1231 | 2025-07-25 12:00:00,,,,,,
2025-07-29 08:00:00,118062.32,118800,117450,118764.85,174.3570827,173.3698324,0.987250303,43.08092603,47.90868645,33.42540519,798.29,1056.89,119203.20 - 120247.80 | bar 1217 | 2025-07-23 04:00:00,114723.16 - 116144.63 | bar 1231 | 2025-07-25 12:00:00,,,,,,
2025-07-29 12:00:00,118764.85,119273.36,118416.66,118882.37,196.6212018,178.0201063,18.60109554,49.161362,48.32624496,50.83159606,831.43,1056.57,119203.20 - 120247.80 | bar 1217 | 2025-07-23 04:00:00,114723.16 - 116144.63 | bar 1231 | 2025-07-25 12:00:00,,,,,,
2025-07-29 16:00:00,118882.37,119051,118160.87,118592.38,188.6907971,180.1542445,8.536552673,49.14066212,48.59771735,50.22655167,856.96,1055.19,119203.20 - 120247.80 | bar 1217 | 2025-07-23 04:00:00,114723.16 - 116144.63 | bar 1231 | 2025-07-25 12:00:00,,,,,,
2025-07-29 20:00:00,118592.38,119080.81,117272,117400.01,85.20935987,161.1652675,-75.95590768,34.51708079,43.90417183,15.7428987,959.58,1061.40,119203.20 - 120247.80 | bar 1217 | 2025-07-23 04:00:00,114723.16 - 116144.63 | bar 1231 | 2025-07-25 12:00:00,,,,,,
2025-07-30 00:00:00,117400.02,118057.05,116950.75,117525.29,13.15695905,131.5636058,-118.4066468,31.25699594,39.68844653,14.39409475,1007.68,1061.65,118960.50 - 119800.00 | bar 1248 | 2025-07-28 08:00:00,114723.16 - 116144.63 | bar 1231 | 2025-07-25 12:00:00,,,,,,
2025-07-30 04:00:00,117525.28,118000,117094.96,117950.76,-9.503662211,103.3501522,-112.8538144,35.18981127,38.18890145,29.19163092,1022.47,1060.16,118960.50 - 119800.00 | bar 1248 | 2025-07-28 08:00:00,114723.16 - 116144.63 | bar 1231 | 2025-07-25 12:00:00,,,,,,
2025-07-30 08:00:00,117950.75,118250,117412.53,118161.87,-10.3087226,80.61837727,-90.92709987,40.84146931,39.07309074,44.37822647,1014.13,1061.04,118960.50 - 119800.00 | bar 1248 | 2025-07-28 08:00:00,114723.16 - 116144.63 | bar 1231 | 2025-07-25 12:00:00,,,,,,
2025-07-30 12:00:00,118161.86,118412.11,117667.33,118123.01,-13.92193262,61.71031529,-75.63224791,44.05153543,40.7325723,50.68946168,992.12,1059.02,118960.50 - 119800.00 | bar 1248 | 2025-07-28 08:00:00,114723.16 - 116144.63 | bar 1231 | 2025-07-25 12:00:00,,,,,,
2025-07-30 16:00:00,118123,118481.81,117358.84,117579.99,-59.91197543,37.38585714,-97.29783257,38.39833541,39.95449333,35.28601955,1012.37,1059.25,118960.50 - 119800.00 | bar 1248 | 2025-07-28 08:00:00,114723.16 - 116144.63 | bar 1231 | 2025-07-25 12:00:00,,,,,,
2025-07-30 20:00:00,117579.99,118792,117358.84,118000.01,-61.75543375,17.55759897,-79.31303271,40.65752402,40.1888369,41.59489827,1048.54,1061.99,118960.50 - 119800.00 | bar 1248 | 2025-07-28 08:00:00,114723.16 - 116144.63 | bar 1231 | 2025-07-25 12:00:00,,,,,,
2025-07-31 00:00:00,118000.01,118037.18,115796.23,116916.73,-148.9114716,-15.73621516,-133.1752565,38.47633289,39.61800223,36.19299422,1163.81,1070.79,118960.50 - 119800.00 | bar 1248 | 2025-07-28 08:00:00,114723.16 - 116144.63 | bar 1231 | 2025-07-25 12:00:00,,,,,,
2025-07-31 04:00:00,116916.73,117908.4,116880.64,117840.3,-141.8240202,-40.95377616,-100.870244,46.39499185,41.87699877,55.43097801,1151.65,1070.68,117358.84 - 118792.00 | bar 1263 | 2025-07-30 20:00:00,114723.16 - 116144.63 | bar 1231 | 2025-07-25 12:00:00,,,,,,
2025-07-31 08:00:00,117840.29,118600,117781.87,118466.14,-84.73038704,-49.70909834,-35.0212887,60.63754889,48.13051547,85.65161571,1142.29,1068.46,117358.84 - 118792.00 | bar 1263 | 2025-07-30 20:00:00,114723.16 - 116144.63 | bar 1231 | 2025-07-25 12:00:00,,,,,,
2025-07-31 12:00:00,118466.15,118922.45,118287.63,118665.97,-23.09246492,-44.38577165,21.29330673,71.02364689,55.76155928,101.5478221,1126.93,1069.21,117358.84 - 118792.00 | bar 1263 | 2025-07-30 20:00:00,114723.16 - 116144.63 | bar 1231 | 2025-07-25 12:00:00,,,,,,
2025-07-31 16:00:00,118665.98,118770.07,118278.91,118371.25,1.952089043,-35.11819951,37.07028856,74.80525904,62.1094592,100.1968587,1065.58,1068.99,117358.84 - 118792.00 | bar 1263 | 2025-07-30 20:00:00,114723.16 - 116144.63 | bar 1231 | 2025-07-25 12:00:00,,,,,,
2025-07-31 20:00:00,118371.25,118702.1,117807.35,118306.18,16.36087532,-24.82238455,41.18325987,76.63252467,66.95048102,95.99661197,1068.30,1071.90,117358.84 - 118792.00 | bar 1263 | 2025-07-30 20:00:00,114723.16 - 116144.63 | bar 1231 | 2025-07-25 12:00:00,,,,,,
2025-08-01 00:00:00,118306.18,118879.14,116763.43,116785.79,-93.82131064,-38.62216977,-55.19914088,61.63953726,65.18016644,54.55827892,1155.84,1081.27,117358.84 - 118792.00 | bar 1263 | 2025-07-30 20:00:00,114723.16 - 116144.63 | bar 1231 | 2025-07-25 12:00:00,,,,,,
2025-08-01 04:00:00,116785.78,116990.04,115500,115764.08,-260.581128,-83.01396142,-177.5671666,43.66506144,58.00846477,14.97825479,1133.07,1086.26,117358.84 - 118792.00 | bar 1263 | 2025-07-30 20:00:00,114723.16 - 116144.63 | bar 1231 | 2025-07-25 12:00:00,,,,,,
2025-08-01 08:00:00,115764.07,116052,114313.13,115648.03,-397.5213709,-145.9154433,-251.6059276,38.76367028,51.59353327,13.10394428,1178.26,1093.37,117358.84 - 118792.00 | bar 1263 | 2025-07-30 20:00:00,114723.16 - 116144.63 | bar 1231 | 2025-07-25 12:00:00,,,,,,
2025-08-01 12:00:00,115648.03,115916.43,114633.18,115081.77,-545.4523149,-225.8228176,-319.6294972,31.40103973,44.86270209,4.477715006,1205.27,1098.66,117358.84 - 118792.00 | bar 1263 | 2025-07-30 20:00:00,114723.16 - 116144.63 | bar 1231 | 2025-07-25 12:00:00,,,,,,
2025-08-01 16:00:00,115081.76,115340,114116,115305.65,-637.2772731,-308.1137087,-329.1635643,29.18439838,39.63660086,8.279993437,1232.88,1103.15,117358.84 - 118792.00 | bar 1263 | 2025-07-30 20:00:00,114723.16 - 116144.63 | bar 1231 | 2025-07-25 12:00:00,,,,,,
2025-08-01 20:00:00,115305.64,116019.3,113988.47,115357.82,-697.7957756,-386.0501221,-311.7456535,28.7074178,35.99353984,14.13517373,1324.74,1112.32,117358.84 - 118792.00 | bar 1263 | 2025-07-30 20:00:00,114723.16 - 116144.63 | bar 1231 | 2025-07-25 12:00:00,,,,,,
2025-08-02 00:00:00,115357.82,115695.52,113221.93,113328.68,-899.1271862,-488.6655349,-410.4616513,19.76726939,30.58478302,-1.867757883,1421.22,1119.28,117358.84 - 118792.00 | bar 1263 | 2025-07-30 20:00:00,110500.00 - 111408.41 | bar 1143 | 2025-07-10 20:00:00,,,,,,
2025-08-02 04:00:00,113328.67,114094.08,112722.58,113297.93,-1049.071999,-600.7468277,-448.325171,16.293285,25.82095035,-2.762045704,1416.81,1121.74,117358.84 - 118792.00 | bar 1263 | 2025-07-30 20:00:00,110500.00 - 111408.41 | bar 1143 | 2025-07-10 20:00:00,,,,,,
2025-08-02 08:00:00,113297.92,113921.94,113198.63,113909.86,-1105.779963,-701.7534547,-404.0265081,17.29045513,22.97745194,5.916461514,1308.41,1122.98,117358.84 - 118792.00 | bar 1263 | 2025-07-30 20:00:00,110500.00 - 111408.41 | bar 1143 | 2025-07-10 20:00:00,,,,,,
2025-08-02 12:00:00,113909.87,114063.49,113469.43,113982.49,-1131.813952,-787.7655542,-344.048398,21.36818711,22.44103033,19.22250067,1277.43,1120.02,117358.84 - 118792.00 | bar 1263 | 2025-07-30 20:00:00,110500.00 - 111408.41 | bar 1143 | 2025-07-10 20:00:00,,,,,,
2025-08-02 16:00:00,113982.49,114040.29,113425.58,113787.12,-1154.897859,-861.1920152,-293.7058439,24.90337046,23.26181038,28.18649064,1262.90,1120.42,117358.84 - 118792.00 | bar 1263 | 2025-07-30 20:00:00,110500.00 - 111408.41 | bar 1143 | 2025-07-10 20:00:00,,,,,,
2025-08-02 20:00:00,113787.11,113787.12,112802.31,112840.71,-1235.319406,-936.0174933,-299.3019126,17.79666648,21.44009574,10.50980795,1287.90,1120.06,117358.84 - 118792.00 | bar 1263 | 2025-07-30 20:00:00,110500.00 - 111408.41 | bar 1143 | 2025-07-10 20:00:00,,,,,,
2025-08-03 00:00:00,112840.7,113420,112003,112229.42,-1333.013901,-1015.416775,-317.5971261,13.74362001,18.87460383,3.48165237,1354.03,1124.32,117358.84 - 118792.00 | bar 1263 | 2025-07-30 20:00:00,110500.00 - 111408.41 | bar 1143 | 2025-07-10 20:00:00,,,,,,
2025-08-03 04:00:00,112229.42,113058.82,112069.86,112546.35,-1369.081965,-1086.149813,-282.9321522,13.67195363,17.1403871,6.735086696,1360.76,1123.64,117358.84 - 118792.00 | bar 1263 | 2025-07-30 20:00:00,110500.00 - 111408.41 | bar 1143 | 2025-07-10 20:00:00,,,,,,
2025-08-03 08:00:00,112546.35,113740.69,111920,113604.2,-1297.351452,-1128.390141,-168.961311,23.98411069,19.4216283,33.10907547,1339.69,1129.29,117358.84 - 118792.00 | bar 1263 | 2025-07-30 20:00:00,110500.00 - 111408.41 | bar 1143 | 2025-07-10 20:00:00,,,,,,
2025-08-03 12:00:00,113604.2,113720.16,113341.06,113700,-1218.725534,-1146.457219,-72.26831492,43.28064449,27.37463369,75.09266609,1260.33,1126.86,117358.84 - 118792.00 | bar 1263 | 2025-07-30 20:00:00,110500.00 - 111408.41 | bar 1143 | 2025-07-10 20:00:00,,,,,,
2025-08-03 16:00:00,113700,114260.31,113551,113862.18,-1130.297986,-1143.225373,12.92738662,56.51648004,37.08858248,95.37227517,1186.79,1127.84,117358.84 - 118792.00 | bar 1263 | 2025-07-30 20:00:00,110500.00 - 111408.41 | bar 1143 | 2025-07-10 20:00:00,,,,,,
2025-08-03 20:00:00,113862.19,114098.45,113579.69,113959.06,-1040.407936,-1122.661885,82.25394963,66.72024458,46.96580318,106.2291274,1132.19,1127.50,117358.84 - 118792.00 | bar 1263 | 2025-07-30 20:00:00,110500.00 - 111408.41 | bar 1143 | 2025-07-10 20:00:00,,,,,,
2025-08-04 00:00:00,113959.06,114799.97,113775.55,114313.19,-929.8750707,-1084.104522,154.2294517,72.17940992,55.37033876,105.7975522,1117.93,1128.23,117358.84 - 118792.00 | bar 1263 | 2025-07-30 20:00:00,110500.00 - 111408.41 | bar 1143 | 2025-07-10 20:00:00,,,,,,
2025-08-04 04:00:00,114313.19,114612.24,114066.56,114208.8,-841.0057882,-1035.484776,194.4789873,74.6106233,61.78376694,100.264336,1011.85,1123.18,117358.84 - 118792.00 | bar 1263 | 2025-07-30 20:00:00,111920.00 - 113740.69 | bar 1284 | 2025-08-03 08:00:00,,,,,,
2025-08-04 08:00:00,114208.81,115000,114107.6,114570.61,-732.9324098,-974.9743024,242.0418926,78.42667095,67.33140161,100.6172096,898.91,1123.14,117358.84 - 118792.00 | bar 1263 | 2025-07-30 20:00:00,111920.00 - 113740.69 | bar 1284 | 2025-08-03 08:00:00,,,,,,
2025-08-04 12:00:00,114570.61,114778.5,114148.58,114652.97,-633.3370003,-906.646842,273.3098417,81.8620447,72.17494931,101.2362355,845.94,1122.04,117358.84 - 118792.00 | bar 1263 | 2025-07-30 20:00:00,111920.00 - 113740.69 | bar 1284 | 2025-08-03 08:00:00,,,,,,
2025-08-04 16:00:00,114652.98,114750,114217.97,114493.09,-560.8428533,-837.4860442,276.6431909,82.42199084,75.59062982,96.08471288,832.28,1119.12,117358.84 - 118792.00 | bar 1263 | 2025-07-30 20:00:00,111920.00 - 113740.69 | bar 1284 | 2025-08-03 08:00:00,,,,,,
2025-08-04 20:00:00,114493.09,115466,114121,114826,-471.0971501,-764.2082654,293.1111153,78.24182807,76.47436257,81.77675908,885.91,1120.57,117358.84 - 118792.00 | bar 1263 | 2025-07-30 20:00:00,111920.00 - 113740.69 | bar 1284 | 2025-08-03 08:00:00,,,,,,
2025-08-05 00:00:00,114826.01,115720,114732.65,114777.62,-399.2743096,-691.2214743,291.9471646,71.0119948,74.65357331,63.72883778,912.53,1121.61,117358.84 - 118792.00 | bar 1263 | 2025-07-30 20:00:00,111920.00 - 113740.69 | bar 1284 | 2025-08-03 08:00:00,,,,,,
2025-08-05 04:00:00,114777.62,115340,114616.33,115055.03,-316.3231462,-616.2418087,299.9186624,70.31837525,73.20850729,64.53811116,893.88,1117.36,117358.84 - 118792.00 | bar 1263 | 2025-07-30 20:00:00,111920.00 - 113740.69 | bar 1284 | 2025-08-03 08:00:00,,,,,,
2025-08-05 08:00:00,115055.03,115127.81,114256.85,114256.85,-311.4005749,-555.2735619,243.872987,55.1297504,67.182255,31.02474121,854.88,1116.32,117358.84 - 118792.00 | bar 1263 | 2025-07-30 20:00:00,111920.00 - 113740.69 | bar 1284 | 2025-08-03 08:00:00,,,,,,
2025-08-05 12:00:00,114256.85,114500.66,113725.72,113969.7,-326.9016878,-509.5991871,182.6974993,40.83116334,58.39855778,5.696374461,839.59,1115.42,117358.84 - 118792.00 | bar 1263 | 2025-07-30 20:00:00,111920.00 - 113740.69 | bar 1284 | 2025-08-03 08:00:00,,,,,,
2025-08-05 16:00:00,113969.7,115096.73,113928.87,114827.07,-266.9268709,-461.0647238,194.137853,45.62925715,54.14212423,28.60352298,792.96,1118.33,114732.65 - 115720.00 | bar 1294 | 2025-08-05 00:00:00,111920.00 - 113740.69 | bar 1284 | 2025-08-03 08:00:00,,,,,,
2025-08-05 20:00:00,114827.07,114893.13,112650,112934,-367.9102836,-442.4338358,74.52355219,33.50310954,47.26245267,5.98442329,926.10,1124.64,114732.65 - 115720.00 | bar 1294 | 2025-08-05 00:00:00,111920.00 - 113740.69 | bar 1284 | 2025-08-03 08:00:00,,,,,,
2025-08-06 00:00:00,112934,113763.27,112815.68,113616.52,-388.3895923,-431.6249871,43.23539476,32.82965175,42.45151903,13.58591718,943.12,1124.41,114732.65 - 115720.00 | bar 1294 | 2025-08-05 00:00:00,111920.00 - 113740.69 | bar 1284 | 2025-08-03 08:00:00,,,,,,
2025-08-06 04:00:00,113616.51,114228.88,113304,114129.75,-359.0671181,-417.1134133,58.04629521,37.95320974,40.9520826,31.95546403,972.13,1120.14,114732.65 - 115720.00 | bar 1294 | 2025-08-05 00:00:00,111920.00 - 113740.69 | bar 1284 | 2025-08-03 08:00:00,,,,,,
2025-08-06 08:00:00,114129.75,114139.38,113400,113509.97,-381.4428762,-409.9793059,28.53642966,34.63949053,38.84788525,26.22270111,951.77,1119.39,114732.65 - 115720.00 | bar 1294 | 2025-08-05 00:00:00,111920.00 - 113740.69 | bar 1284 | 2025-08-03 08:00:00,,,,,,
2025-08-06 12:00:00,113509.98,114417.02,113355.13,114227.91,-337.3552465,-395.454494,58.09924747,42.64578179,40.11385076,47.70964386,988.64,1122.25,114732.65 - 115720.00 | bar 1294 | 2025-08-05 00:00:00,111920.00 - 113740.69 | bar 1284 | 2025-08-03 08:00:00,,,,,,
2025-08-06 16:00:00,114227.9,114404.23,113727.57,114226.69,-299.066474,-376.17689,77.11041598,49.64132159,43.28967437,62.34461604,973.23,1122.31,114732.65 - 115720.00 | bar 1294 | 2025-08-05 00:00:00,111920.00 - 113740.69 | bar 1284 | 2025-08-03 08:00:00,,,,,,
2025-08-06 20:00:00,114226.68,115515.09,113579.9,115413.87,-170.9561654,-335.1327451,164.1765797,65.24992329,50.60975735,94.53025518,1066.47,1128.84,114732.65 - 115720.00 | bar 1294 | 2025-08-05 00:00:00,111920.00 - 113740.69 | bar 1284 | 2025-08-03 08:00:00,,,,,,
2025-08-07 00:00:00,115413.87,115716,114942.18,115259.99,-80.91195019,-284.2885861,203.3766359,71.875574,57.6983629,100.2299962,1083.74,1129.75,114732.65 - 115720.00 | bar 1294 | 2025-08-05 00:00:00,112650.00 - 114893.13 | bar 1299 | 2025-08-05 20:00:00,,,,,,
2025-08-07 04:00:00,115260,115260,114793.01,114992.27,-30.79899582,-233.5906681,202.7916722,73.38204172,62.92625584,94.29361349,1021.02,1124.71,114732.65 - 115720.00 | bar 1294 | 2025-08-05 00:00:00,112650.00 - 114893.13 | bar 1299 | 2025-08-05 20:00:00,,,,,,
2025-08-07 08:00:00,114992.27,115185.58,114404.22,114546.03,-26.7832168,-192.2291778,165.445961,68.80824719,64.88691962,76.65090233,1006.31,1125.23,114732.65 - 115720.00 | bar 1294 | 2025-08-05 00:00:00,112650.00 - 114893.13 | bar 1299 | 2025-08-05 20:00:00,,,,,,
2025-08-07 12:00:00,114546.03,114876.79,114259,114787.99,-4.030076926,-154.5893576,150.5592807,66.38059487,65.38481137,68.37216186,998.75,1124.13,114732.65 - 115720.00 | bar 1294 | 2025-08-05 00:00:00,112650.00 - 114893.13 | bar 1299 | 2025-08-05 20:00:00,,,,,,
2025-08-07 16:00:00,114787.99,116828.93,114787.98,116519.53,151.970931,-93.27729991,245.2482309,74.61817231,68.46259835,86.92932023,1082.32,1131.82,117358.84 - 118792.00 | bar 1263 | 2025-07-30 20:00:00,112650.00 - 114893.13 | bar 1299 | 2025-08-05 20:00:00,,,,,,
2025-08-07 20:00:00,116519.54,116791.11,116035.84,116689.81,286.0456701,-17.4127059,303.458376,81.74383614,72.88967761,99.45215319,1080.91,1133.49,117358.84 - 118792.00 | bar 1263 | 2025-07-30 20:00:00,112650.00 - 114893.13 | bar 1299 | 2025-08-05 20:00:00,,,,,,
2025-08-08 00:00:00,116689.8,117520,115632.31,117461.98,449.4278086,75.955397,373.4724116,87.33837361,77.70590961,106.6033016,1132.33,1141.18,117358.84 - 118792.00 | bar 1263 | 2025-07-30 20:00:00,112650.00 - 114893.13 | bar 1299 | 2025-08-05 20:00:00,,,,,,
2025-08-08 04:00:00,117461.99,117621,117012,117472.01,573.112187,175.386755,397.725432,90.32995993,81.91392638,107.162027,1015.60,1142.92,117358.84 - 118792.00 | bar 1263 | 2025-07-30 20:00:00,112650.00 - 114893.13 | bar 1299 | 2025-08-05 20:00:00,,,,,,
2025-08-08 08:00:00,117472.02,117630,116694.28,116737.35,604.8793532,261.2852746,343.5940786,84.72654898,82.85146725,88.47671244,1014.76,1146.09,117358.84 - 118792.00 | bar 1263 | 2025-07-30 20:00:00,112650.00 - 114893.13 | bar 1299 | 2025-08-05 20:00:00,,,,,,
2025-08-08 12:00:00,116737.34,116973.3,116401,116817.19,629.2439495,334.8770096,294.3669398,81.78042057,82.49445169,80.35235833,989.57,1147.67,117358.84 - 118792.00 | bar 1263 | 2025-07-30 20:00:00,112650.00 - 114893.13 | bar 1299 | 2025-08-05 20:00:00,,,,,,
2025-08-08 16:00:00,116817.2,116914.6,116317.08,116891.51,647.0908103,397.3197698,249.7710406,80.55123064,81.84671134,77.96026925,979.44,1149.44,117358.84 - 118792.00 | bar 1263 | 2025-07-30 20:00:00,112650.00 - 114893.13 | bar 1299 | 2025-08-05 20:00:00,,,,,,
2025-08-08 20:00:00,116891.51,117271.73,115878.71,116207.69,599.1493958,437.685695,161.4637009,72.96997894,78.88780054,61.13433573,1003.09,1154.97,117358.84 - 118792.00 | bar 1263 | 2025-07-30 20:00:00,112650.00 - 114893.13 | bar 1299 | 2025-08-05 20:00:00,,,,,,
2025-08-09 00:00:00,116207.7,116900,116006.14,116453.41,574.3621406,465.0209841,109.3411565,68.18005961,75.31855356,53.90307172,1018.61,1157.88,117358.84 - 118792.00 | bar 1263 | 2025-07-30 20:00:00,112650.00 - 114893.13 | bar 1299 | 2025-08-05 20:00:00,,,,,,
2025-08-09 04:00:00,116453.41,116980,116319.06,116674.74,566.0524433,485.2272759,80.82516739,62.84729639,71.16146784,46.21895349,927.59,1155.78,117358.84 - 118792.00 | bar 1263 | 2025-07-30 20:00:00,112650.00 - 114893.13 | bar 1299 | 2025-08-05 20:00:00,,,,,,
2025-08-09 08:00:00,116674.74,116750,116299.13,116384.01,529.8991199,494.1616447,35.73747517,54.44101788,65.58798452,32.14708461,904.52,1154.54,117358.84 - 118792.00 | bar 1263 | 2025-07-30 20:00:00,112650.00 - 114893.13 | bar 1299 | 2025-08-05 20:00:00,,,,,,
2025-08-09 12:00:00,116384.01,116980,116339.45,116756.01,525.2103438,500.3713845,24.83895923,52.99217918,61.38938274,36.19777206,916.92,1151.92,117358.84 - 118792.00 | bar 1263 | 2025-07-30 20:00:00,112650.00 - 114893.13 | bar 1299 | 2025-08-05 20:00:00,,,,,,
2025-08-09 16:00:00,116756,117944.05,116756,117110,543.7900167,509.055111,34.7349057,55.2003923,59.32638593,46.94840504,945.97,1152.76,117358.84 - 118792.00 | bar 1263 | 2025-07-30 20:00:00,112650.00 - 114893.13 | bar 1299 | 2025-08-05 20:00:00,,,,,,
2025-08-09 20:00:00,117110,117238.04,116700.01,116892.47,534.7968827,514.2034653,20.5934174,53.16173228,57.27150138,44.94219409,940.27,1151.49,117358.84 - 118792.00 | bar 1263 | 2025-07-30 20:00:00,112650.00 - 114893.13 | bar 1299 | 2025-08-05 20:00:00,,,,,,
2025-08-10 00:00:00,116892.48,116947.16,116500,116535.69,493.195346,510.0018415,-16.80649542,46.04441308,53.52913861,31.07496201,826.43,1151.15,117358.84 - 118792.00 | bar 1263 | 2025-07-30 20:00:00,112650.00 - 114893.13 | bar 1299 | 2025-08-05 20:00:00,,,,,,
2025-08-10 04:00:00,116535.68,117021.16,116359.89,116462.25,449.1226282,497.8259988,-48.70337062,40.1142566,49.05751128,22.22774726,819.71,1151.01,117358.84 - 118792.00 | bar 1263 | 2025-07-30 20:00:00,112650.00 - 114893.13 | bar 1299 | 2025-08-05 20:00:00,,,,,,
2025-08-10 08:00:00,116462.25,118500,116460.63,118500,572.03007,512.6668131,59.36325696,60.07617107,52.73039787,74.76771746,830.55,1156.30,117358.84 - 118792.00 | bar 1263 | 2025-07-30 20:00:00,112650.00 - 114893.13 | bar 1299 | 2025-08-05 20:00:00,,,,,,
2025-08-10 12:00:00,118500,118741.77,117466.34,117808.3,606.6278655,531.4590235,75.16884196,60.64557432,55.36879002,71.19914293,878.15,1160.18,117358.84 - 118792.00 | bar 1263 | 2025-07-30 20:00:00,115878.71 - 117271.73 | bar 1317 | 2025-08-08 20:00:00,,,,,,
2025-08-10 16:00:00,117808.29,118500,117608.01,118330.58,668.4846242,558.8641437,109.6204805,68.15243771,59.63000592,85.19730129,875.03,1159.16,117358.84 - 118792.00 | bar 1263 | 2025-07-30 20:00:00,115878.71 - 117271.73 | bar 1317 | 2025-08-08 20:00:00,,,,,,
2025-08-10 20:00:00,118330.58,119113.94,118232,118815,747.9730292,596.6859208,151.2871084,75.17676087,64.81225757,95.90576747,897.14,1159.83,118960.50 - 119800.00 | bar 1248 | 2025-07-28 08:00:00,115878.71 - 117271.73 | bar 1317 | 2025-08-08 20:00:00,,,,,,
2025-08-11 00:00:00,118815,118944.24,118433.8,118663.08,789.607386,635.2702138,154.3371722,77.99424079,69.20625198,95.57021842,890.92,1158.50,118960.50 - 119800.00 | bar 1248 | 2025-07-28 08:00:00,115878.71 - 117271.73 | bar 1317 | 2025-08-08 20:00:00,,,,,,
2025-08-11 04:00:00,118663.09,119311.11,118074.99,119294.01,863.5591199,680.927995,182.6311248,85.1363534,74.51628578,106.3764886,879.72,1159.68,118960.50 - 119800.00 | bar 1248 | 2025-07-28 08:00:00,115878.71 - 117271.73 | bar 1317 | 2025-08-08 20:00:00,,,,,,
2025-08-11 08:00:00,119294.27,122164.07,118972.59,121728.99,1105.900802,765.9225564,339.9782454,87.59224325,78.87493827,105.0268532,1043.83,1170.38,121355.55 - 122769.19 | bar 1166 | 2025-07-14 16:00:00,115878.71 - 117271.73 | bar 1317 | 2025-08-08 20:00:00,,,,,,
2025-08-11 12:00:00,121729,122335.16,121466.08,121537.15,1267.863307,866.3107065,401.5526004,87.2764247,81.67543375,98.47840661,1058.70,1172.98,121355.55 - 122769.19 | bar 1166 | 2025-07-14 16:00:00,115878.71 - 117271.73 | bar 1317 | 2025-08-08 20:00:00,,,,,,
2025-08-11 16:00:00,121537.14,121823,120286.4,120561.54,1302.481984,953.544962,348.937022,81.45371916,81.60152888,81.1580997,1136.25,1176.72,121355.55 - 122769.19 | bar 1166 | 2025-07-14 16:00:00,115878.71 - 117271.73 | bar 1317 | 2025-08-08 20:00:00,,,,,,
2025-08-11 20:00:00,120561.53,120667.54,119382.91,120314.4,1295.046908,1021.845351,273.2015568,73.80111223,79.00139,63.4005567,1182.26,1180.06,121355.55 - 122769.19 | bar 1166 | 2025-07-14 16:00:00,115878.71 - 117271.73 | bar 1317 | 2025-08-08 20:00:00,,,,,,
2025-08-12 00:00:00,120314.4,120794.05,118604.17,119089.3,1176.734562,1052.823193,123.9113683,59.64600625,72.54959542,33.83882793,1253.82,1188.19,121355.55 - 122769.19 | bar 1166 | 2025-07-14 16:00:00,115878.71 - 117271.73 | bar 1317 | 2025-08-08 20:00:00,,,,,,
2025-08-12 04:00:00,119089.3,119172.63,118050.11,118686,1038.457543,1049.950063,-11.49252012,44.710582,63.26992428,7.591897442,1295.57,1187.47,121355.55 - 122769.19 | bar 1166 | 2025-07-14 16:00:00,115878.71 - 117271.73 | bar 1317 | 2025-08-08 20:00:00,,,,,,
2025-08-12 08:00:00,118686,119275.46,118593.39,118857.7,931.9834398,1026.356739,-94.37329873,36.08928397,54.20971084,-0.1515697807,1312.34,1176.12,121355.55 - 122769.19 | bar 1166 | 2025-07-14 16:00:00,115878.71 - 117271.73 | bar 1317 | 2025-08-08 20:00:00,,,,,,
2025-08-12 12:00:00,118857.7,119158.06,118424.86,118986.72,848.2348581,990.7323625,-142.4975043,31.3453964,46.5882727,0.8596438107,1317.48,1172.82,121355.55 - 122769.19 | bar 1166 | 2025-07-14 16:00:00,115878.71 - 117271.73 | bar 1317 | 2025-08-08 20:00:00,,,,,,
2025-08-12 16:00:00,118986.73,119058.43,118207.47,118522.22,735.8992473,939.7657394,-203.8664921,24.56946684,39.24867074,-4.788940959,1232.60,1173.57,121355.55 - 122769.19 | bar 1166 | 2025-07-14 16:00:00,115878.71 - 117271.73 | bar 1317 | 2025-08-08 20:00:00,,,,,,
2025-08-12 20:00:00,118522.22,119960,118285,119933,752.0415552,902.2209026,-150.1793474,31.02661484,36.50798544,20.06387364,1261.14,1179.27,121355.55 - 122769.19 | bar 1166 | 2025-07-14 16:00:00,115878.71 - 117271.73 | bar 1317 | 2025-08-08 20:00:00,,,,,,
2025-08-13 00:00:00,119933,120192.1,119172.62,119665.27,734.7610094,868.7289239,-133.9679146,34.95428436,35.99008508,32.88268291,1270.24,1181.73,121355.55 - 122769.19 | bar 1166 | 2025-07-14 16:00:00,115878.71 - 117271.73 | bar 1317 | 2025-08-08 20:00:00,,,,,,
2025-08-13 04:00:00,119665.27,120324.43,119485.84,120134.08,750.2467241,845.032484,-94.78575987,48.61888599,40.19968538,65.45728719,1267.15,1181.38,121355.55 - 122769.19 | bar 1166 | 2025-07-14 16:00:00,115878.71 - 117271.73 | bar 1317 | 2025-08-08 20:00:00,,,,,,
2025-08-13 08:00:00,120134.09,120192.1,119094.28,119482.01,701.8126063,816.3885084,-114.5759021,49.80728588,43.40221888,62.61741987,1309.10,1174.54,121355.55 - 122769.19 | bar 1166 | 2025-07-14 16:00:00,115878.71 - 117271.73 | bar 1317 | 2025-08-08 20:00:00,,,,,,
2025-08-13 12:00:00,119482.01,119820.18,118920.92,119580.4,663.7165584,785.8541184,-122.13756,55.63339267,47.47927681,71.94162438,1285.04,1161.05,121355.55 - 122769.19 | bar 1166 | 2025-07-14 16:00:00,115878.71 - 117271.73 | bar 1317 | 2025-08-08 20:00:00,,,,,,
2025-08-13 16:00:00,119580.4,120732.94,119446.22,120570.41,705.2806626,769.7394273,-64.45876464,68.27705052,54.41186805,96.00741548,1148.99,1158.84,121355.55 - 122769.19 | bar 1166 | 2025-07-14 16:00:00,115878.71 - 117271.73 | bar 1317 | 2025-08-08 20:00:00,,,,,,
2025-08-13 20:00:00,120570.41,122200,120106.02,120920.62,757.7447253,767.3404869,-9.595761531,68.16991941,58.99788517,86.5139879,1236.48,1159.79,121355.55 - 122769.19 | bar 1166 | 2025-07-14 16:00:00,115878.71 - 117271.73 | bar 1317 | 2025-08-08 20:00:00,,,,,,
2025-08-14 00:00:00,120920.61,122839.47,120920.61,122744.21,935.6853474,801.009459,134.6758884,78.09442526,65.36339853,103.5564787,1263.78,1162.67,121355.55 - 122769.19 | bar 1166 | 2025-07-14 16:00:00,115878.71 - 117271.73 | bar 1317 | 2025-08-08 20:00:00,,,,,,
2025-08-14 04:00:00,122744.22,123667.79,122298.2,123306.43,1109.283894,862.6643459,246.6195476,83.15853443,71.2951105,106.8853823,1269.85,1161.84,,115878.71 - 117271.73 | bar 1317 | 2025-08-08 20:00:00,,,,,,
2025-08-14 08:00:00,123306.44,124474,123250.5,123337.14,1235.102539,937.1519845,297.9505546,81.94815543,74.84612548,96.15221533,1200.83,1160.29,,115878.71 - 117271.73 | bar 1317 | 2025-08-08 20:00:00,,,,,,
2025-08-14 12:00:00,123337.14,123428.6,121313.86,121725.31,1191.024127,987.926413,203.097714,71.46594478,73.71939858,66.95903718,1271.70,1166.06,,115878.71 - 117271.73 | bar 1317 | 2025-08-08 20:00:00,,,,,,
2025-08-14 16:00:00,121725.31,122045.9,120694,120949.67,1081.042418,1006.549614,74.49280414,59.82188967,69.08689561,41.29187779,1319.54,1169.28,,115878.71 - 117271.73 | bar 1317 | 2025-08-08 20:00:00,,,,,,
2025-08-14 20:00:00,120949.66,121183.06,117632,118257.25,767.774898,958.7946709,-191.0197729,42.92739639,60.36706253,8.048064092,1520.82,1184.30,,115878.71 - 117271.73 | bar 1317 | 2025-08-08 20:00:00,,,,,,
2025-08-15 00:00:00,118257.26,118535,117180,117945.92,488.752369,864.7862105,-376.0338415,32.11849276,50.95087261,-5.546266948,1556.82,1188.20,123250.50 - 124474.00 | bar 1350 | 2025-08-14 08:00:00,115878.71 - 117271.73 | bar 1317 | 2025-08-08 20:00:00,,,,,,
2025-08-15 04:00:00,117945.92,118516.81,117302.33,118295.09,292.429164,750.3148012,-457.8856372,26.50825209,42.80333244,-6.081908591,1523.93,1189.46,123250.50 - 124474.00 | bar 1350 | 2025-08-14 08:00:00,115878.71 - 117271.73 | bar 1317 | 2025-08-08 20:00:00,,,,,,
2025-08-15 08:00:00,118295.09,119077.71,118032.32,118968.91,189.0341839,638.0586777,-449.0244938,25.84742627,37.15136371,3.239551372,1525.78,1191.72,123250.50 - 124474.00 | bar 1350 | 2025-08-14 08:00:00,115878.71 - 117271.73 | bar 1317 | 2025-08-08 20:00:00,,,,,,
2025-08-15 12:00:00,118968.91,119216.82,118629.58,118956.45,104.8785251,531.4226472,-426.5441222,25.34993393,33.21755379,9.614694231,1507.82,1191.84,123250.50 - 124474.00 | bar 1350 | 2025-08-14 08:00:00,115878.71 - 117271.73 | bar 1317 | 2025-08-08 20:00:00,,,,,,
2025-08-15 16:00:00,118956.45,119144.5,118600,119006.01,41.70291169,433.4787001,-391.7757884,25.24475991,30.55995583,14.61436806,1468.30,1191.56,123250.50 - 124474.00 | bar 1350 | 2025-08-14 08:00:00,115878.71 - 117271.73 | bar 1317 | 2025-08-08 20:00:00,,,,,,
2025-08-15 20:00:00,119006.01,119130.77,116827.29,117275.22,-146.3376163,317.5154368,-463.8530531,19.09166373,26.73719179,3.800607593,1568.60,1201.22,123250.50 - 124474.00 | bar 1350 | 2025-08-14 08:00:00,115878.71 - 117271.73 | bar 1317 | 2025-08-08 20:00:00,,,,,,
2025-08-16 00:00:00,117275.23,117882.35,116803.99,116936.27,-319.0338976,190.2055699,-509.2394675,13.56894504,22.34777621,-3.988717309,1553.72,1204.63,123250.50 - 124474.00 | bar 1350 | 2025-08-14 08:00:00,115878.71 - 117271.73 | bar 1317 | 2025-08-08 20:00:00,,,,,,
2025-08-16 04:00:00,116936.28,117761.88,116862.5,117342.05,-418.3316234,68.49813128,-486.8297547,13.14165795,19.27907012,0.8668336131,1468.39,1202.20,123250.50 - 124474.00 | bar 1350 | 2025-08-14 08:00:00,115878.71 - 117271.73 | bar 1317 | 2025-08-08 20:00:00,,,,,,
2025-08-16 08:00:00,117342.04,117898.99,117231.14,117429.63,-484.3752362,-42.07654222,-442.298694,17.40434443,18.65416156,14.90471017,1379.03,1200.01,123250.50 - 124474.00 | bar 1350 | 2025-08-14 08:00:00,115878.71 - 117271.73 | bar 1317 | 2025-08-08 20:00:00,117429.63,115189.19,123250.50,,OPEN LONG,
2025-08-16 12:00:00,117429.63,117884,117278,117596.07,-517.3215969,-137.1255532,-380.1960437,22.54551001,19.95127771,27.73397461,1324.49,1197.42,123250.50 - 124474.00 | bar 1350 | 2025-08-14 08:00:00,115878.71 - 117271.73 | bar 1317 | 2025-08-08 20:00:00,117429.63,115189.19,123250.50,,RUNNING LONG,0.14%
2025-08-16 16:00:00,117596.07,117703.92,117143.98,117378.52,-554.5932857,-220.6190997,-333.9741861,22.96749264,20.95668269,26.98911256,1277.09,1187.28,123250.50 - 124474.00 | bar 1350 | 2025-08-14 08:00:00,115878.71 - 117271.73 | bar 1317 | 2025-08-08 20:00:00,117429.63,115189.19,123250.50,,RUNNING LONG,-0.04%
2025-08-16 20:00:00,117378.52,117825,117327.63,117676.7,-553.6881612,-287.232912,-266.4552492,27.36818184,23.09384907,35.91684737,1161.57,1176.47,123250.50 - 124474.00 | bar 1350 | 2025-08-14 08:00:00,115878.71 - 117271.73 | bar 1317 | 2025-08-08 20:00:00,117429.63,115189.19,123250.50,,RUNNING LONG,0.21%
2025-08-17 00:00:00,117676.7,117817.65,117629.94,117672.12,-547.0345376,-339.1932371,-207.8413005,30.60928409,25.59899408,40.62986413,1078.41,1170.34,123250.50 - 124474.00 | bar 1350 | 2025-08-14 08:00:00,115878.71 - 117271.73 | bar 1317 | 2025-08-08 20:00:00,117429.63,115189.19,123250.50,,RUNNING LONG,0.21%
2025-08-17 04:00:00,117672.13,117713.51,117219.34,117380.66,-558.8379432,-383.1221783,-175.7157649,28.66753483,26.621841,32.7589225,860.06,1160.27,123250.50 - 124474.00 | bar 1350 | 2025-08-14 08:00:00,115878.71 - 117271.73 | bar 1317 | 2025-08-08 20:00:00,117429.63,115189.19,123250.50,,RUNNING LONG,-0.04%
2025-08-17 08:00:00,117380.66,117771.37,117172.21,117684.95,-537.4432559,-413.9863938,-123.4568621,45.9293459,33.05767596,71.67268577,806.07,1156.64,123250.50 - 124474.00 | bar 1350 | 2025-08-14 08:00:00,115878.71 - 117271.73 | bar 1317 | 2025-08-08 20:00:00,117429.63,115189.19,123250.50,,RUNNING LONG,0.22%
2025-08-17 12:00:00,117684.96,118230.82,117684.95,118005.98,-488.9470963,-428.9785343,-59.96856194,58.475621,41.53032431,92.36621437,758.32,1154.75,123250.50 - 124474.00 | bar 1350 | 2025-08-14 08:00:00,115878.71 - 117271.73 | bar 1317 | 2025-08-08 20:00:00,117429.63,115189.19,123250.50,,RUNNING LONG,0.49%
2025-08-17 16:00:00,118005.98,118484,117922,118308.01,-421.2859217,-427.4400118,6.154090124,67.93928531,50.33331131,103.1512333,723.79,1142.06,123250.50 - 124474.00 | bar 1350 | 2025-08-14 08:00:00,115878.71 - 117271.73 | bar 1317 | 2025-08-08 20:00:00,117429.63,115189.19,123250.50,,RUNNING LONG,0.75%
2025-08-17 20:00:00,118308,118575,118059.12,118246.16,-368.4079539,-415.6336002,47.22564634,70.96638578,57.2110028,98.47715173,718.69,1137.06,123250.50 - 124474.00 | bar 1350 | 2025-08-14 08:00:00,115878.71 - 117271.73 | bar 1317 | 2025-08-08 20:00:00,117429.63,115189.19,123250.50,,RUNNING LONG,0.70%
2025-08-18 00:00:00,118246.15,118316.01,117321.53,117570.07,-376.7140708,-407.8496943,31.13562354,57.23601225,57.21933928,57.26935819,750.83,1137.41,123250.50 - 124474.00 | bar 1350 | 2025-08-14 08:00:00,115878.71 - 117271.73 | bar 1317 | 2025-08-08 20:00:00,117429.63,115189.19,123250.50,117570.07,KDJ RESET EXIT,0.12%
2025-08-18 04:00:00,117570.07,117995.37,117371.65,117405.01,-392.0958539,-404.6989262,12.60307235,43.68917449,52.70928435,25.64895477,630.85,1126.76,123250.50 - 124474.00 | bar 1350 | 2025-08-14 08:00:00,115878.71 - 117271.73 | bar 1317 | 2025-08-08 20:00:00,,,,,,
2025-08-18 08:00:00,117405.01,117543.75,115000,115319,-566.0841357,-436.9759681,-129.1081676,32.1004753,45.83968133,4.622063234,735.52,1130.57,123250.50 - 124474.00 | bar 1350 | 2025-08-14 08:00:00,112650.00 - 114893.13 | bar 1299 | 2025-08-05 20:00:00,,,,,,
2025-08-18 12:00:00,115319,115712.49,114878.71,115205.98,-704.9644804,-490.5736706,-214.3908098,24.35165456,38.67700574,-4.299047806,730.83,1125.84,118059.12 - 118575.00 | bar 1371 | 2025-08-17 20:00:00,112650.00 - 114893.13 | bar 1299 | 2025-08-05 20:00:00,,,,,,
2025-08-18 16:00:00,115205.99,115402.51,114640.14,114947.27,-826.3779187,-557.7345202,-268.6433985,18.83622314,32.06341154,-7.61815367,737.59,1123.76,118059.12 - 118575.00 | bar 1371 | 2025-08-17 20:00:00,112650.00 - 114893.13 | bar 1299 | 2025-08-05 20:00:00,,,,,,
2025-08-18 20:00:00,114947.27,116186.97,114825,116145.34,-816.5124597,-609.4901081,-207.0223516,25.30846518,29.81176276,16.30187004,791.58,1125.45,118059.12 - 118575.00 | bar 1371 | 2025-08-17 20:00:00,112650.00 - 114893.13 | bar 1299 | 2025-08-05 20:00:00,,,,,,
2025-08-19 00:00:00,116145.34,116800,115818.86,116313.99,-786.0245649,-644.7969995,-141.2275654,31.05197598,30.22516716,32.70559362,821.67,1124.37,118059.12 - 118575.00 | bar 1371 | 2025-08-17 20:00:00,112650.00 - 114893.13 | bar 1299 | 2025-08-05 20:00:00,,,,,,
2025-08-19 04:00:00,116314,116980,115980.32,116227.05,-760.1158773,-667.860775,-92.25510227,34.14448938,31.5316079,39.37025233,857.55,1121.30,118059.12 - 118575.00 | bar 1371 | 2025-08-17 20:00:00,112650.00 - 114893.13 | bar 1299 | 2025-08-05 20:00:00,,,,,,
2025-08-19 08:00:00,116227.05,116725.69,114787.23,114810,-844.1957844,-703.1277769,-141.0680075,24.30330854,29.12217478,14.66557607,982.60,1123.83,118059.12 - 118575.00 | bar 1371 | 2025-08-17 20:00:00,112650.00 - 114893.13 | bar 1299 | 2025-08-05 20:00:00,,,,,,
2025-08-19 12:00:00,114810.01,115483.24,114366,114978.14,-887.0370133,-739.9096242,-147.1273891,21.82430173,26.68955043,12.09380432,1027.11,1121.20,118059.12 - 118575.00 | bar 1371 | 2025-08-17 20:00:00,112650.00 - 114893.13 | bar 1299 | 2025-08-05 20:00:00,,,,,,
2025-08-19 16:00:00,114978.15,115650,114804,115508.71,-868.1687224,-765.5614438,-102.6072785,26.53610779,26.63840288,26.33151761,1044.74,1118.05,118059.12 - 118575.00 | bar 1371 | 2025-08-17 20:00:00,112650.00 - 114893.13 | bar 1299 | 2025-08-05 20:00:00,,,,,,
2025-08-19 20:00:00,115508.71,115875.84,113587.68,113786.38,-980.8860589,-808.6263668,-172.259692,19.64318798,24.30666458,10.31623478,1169.19,1124.92,118059.12 - 118575.00 | bar 1371 | 2025-08-17 20:00:00,112650.00 - 114893.13 | bar 1299 | 2025-08-05 20:00:00,,,,,,
2025-08-20 00:00:00,113786.39,113897.58,112767.06,113132.48,-1110.182137,-868.9375208,-241.2446158,15.98670958,21.53334625,4.893436239,1209.80,1124.49,118059.12 - 118575.00 | bar 1371 | 2025-08-17 20:00:00,111920.00 - 113740.69 | bar 1284 | 2025-08-03 08:00:00,,,,,,
2025-08-20 04:00:00,113132.49,113589.48,112732.58,112872.94,-1219.53488,-939.0569926,-280.4778872,11.75933783,18.27534344,-1.272673406,1234.15,1120.67,118059.12 - 118575.00 | bar 1371 | 2025-08-17 20:00:00,111920.00 - 113740.69 | bar 1284 | 2025-08-03 08:00:00,,,,,,
2025-08-20 08:00:00,112872.95,113636.13,112566.01,113525.91,-1239.223498,-999.0902936,-240.133204,15.08847997,17.21305562,10.83932868,1239.56,1118.29,118059.12 - 118575.00 | bar 1371 | 2025-08-17 20:00:00,112650.00 - 114893.13 | bar 1299 | 2025-08-05 20:00:00,113525.91,111300.22,118059.12,,OPEN LONG,
2025-08-20 12:00:00,113525.9,113837.93,113432,113490.13,-1243.381093,-1047.948453,-195.4326393,17.03770658,17.15460594,16.80390787,1224.00,1107.24,118059.12 - 118575.00 | bar 1371 | 2025-08-17 20:00:00,112650.00 - 114893.13 | bar 1299 | 2025-08-05 20:00:00,113525.91,111300.22,118059.12,,RUNNING LONG,-0.03%
2025-08-20 16:00:00,113490.14,114016.77,113060.08,113666.68,-1218.385122,-1082.035787,-136.3493349,20.17862068,18.16261085,24.21064034,1110.64,1103.20,118059.12 - 118575.00 | bar 1371 | 2025-08-17 20:00:00,112650.00 - 114893.13 | bar 1299 | 2025-08-05 20:00:00,113525.91,111300.22,118059.12,,RUNNING LONG,0.12%
2025-08-20 20:00:00,113666.69,114326.35,112380,113353.94,-1209.864574,-1107.601544,-102.2630294,22.73907069,19.68809747,28.84101714,1190.11,1105.27,118059.12 - 118575.00 | bar 1371 | 2025-08-17 20:00:00,112650.00 - 114893.13 | bar 1299 | 2025-08-05 20:00:00,113525.91,111300.22,118059.12,,RUNNING LONG,-0.15%
2025-08-21 00:00:00,113353.94,114444,113264.01,114276.66,-1115.794007,-1109.240037,-6.553969812,33.24430426,24.20683306,51.31924664,1219.94,1105.80,118059.12 - 118575.00 | bar 1371 | 2025-08-17 20:00:00,112650.00 - 114893.13 | bar 1299 | 2025-08-05 20:00:00,113525.91,111300.22,118059.12,,RUNNING LONG,0.66%
2025-08-21 04:00:00,114276.66,114615.38,114000,114271.24,-1029.808759,-1093.353781,63.54502239,40.19611283,29.53659298,61.51515251,1166.61,1097.80,118059.12 - 118575.00 | bar 1371 | 2025-08-17 20:00:00,112650.00 - 114893.13 | bar 1299 | 2025-08-05 20:00:00,113525.91,111300.22,118059.12,,RUNNING LONG,0.66%
2025-08-21 08:00:00,114271.23,114821.76,113906.01,113954.62,-975.9631231,-1069.87565,93.91252659,48.29310564,35.78876387,73.30178919,1161.94,1097.70,118059.12 - 118575.00 | bar 1371 | 2025-08-17 20:00:00,112650.00 - 114893.13 | bar 1299 | 2025-08-05 20:00:00,113525.91,111300.22,118059.12,,RUNNING LONG,0.38%
2025-08-21 12:00:00,113954.62,114033.84,113582.43,113896.03,-927.3281306,-1041.366146,114.0380152,52.89126795,41.48959856,75.69460672,1122.78,1093.92,118059.12 - 118575.00 | bar 1371 | 2025-08-17 20:00:00,112650.00 - 114893.13 | bar 1299 | 2025-08-05 20:00:00,113525.91,111300.22,118059.12,113896.03,KDJ RESET EXIT,0.33%
2025-08-21 16:00:00,113896.03,113990,113000,113148.66,-938.2752091,-1020.747959,82.47274939,45.75409607,42.91109773,51.44009274,1055.03,1095.08,118059.12 - 118575.00 | bar 1371 | 2025-08-17 20:00:00,111920.00 - 113740.69 | bar 1284 | 2025-08-03 08:00:00,,,,,,
2025-08-21 20:00:00,113148.65,113995.11,112608.64,112792.08,-964.6045133,-1009.519269,44.9147562,36.12818121,40.65012556,27.08429251,1074.26,1100.41,118059.12 - 118575.00 | bar 1371 | 2025-08-17 20:00:00,111920.00 - 113740.69 | bar 1284 | 2025-08-03 08:00:00,,,,,,
2025-08-22 00:00:00,112792.08,112969.47,112015.67,112193.71,-1021.973461,-1012.010108,-9.963353065,26.20037799,35.83354303,6.934047897,1081.96,1102.39,118059.12 - 118575.00 | bar 1371 | 2025-08-17 20:00:00,111920.00 - 113740.69 | bar 1284 | 2025-08-03 08:00:00,,,,,,
2025-08-22 04:00:00,112193.71,112870.94,112067.46,112500,-1030.84083,-1015.776252,-15.06457813,23.22023852,31.6291082,6.402499172,975.91,1102.92,118059.12 - 118575.00 | bar 1371 | 2025-08-17 20:00:00,111920.00 - 113740.69 | bar 1284 | 2025-08-03 08:00:00,,,,,,
2025-08-22 08:00:00,112500,113525,112335.6,112929.24,-991.7993584,-1010.980873,19.18151512,26.33238875,29.86353505,19.27009615,980.12,1106.08,118059.12 - 118575.00 | bar 1371 | 2025-08-17 20:00:00,111920.00 - 113740.69 | bar 1284 | 2025-08-03 08:00:00,,,,,,
2025-08-22 12:00:00,112929.24,113394.76,112708.81,113094.83,-936.699295,-996.1245578,59.42526279,30.3741868,30.0337523,31.0550558,967.91,1105.19,118059.12 - 118575.00 | bar 1371 | 2025-08-17 20:00:00,111920.00 - 113740.69 | bar 1284 | 2025-08-03 08:00:00,,,,,,
2025-08-22 16:00:00,113094.83,113319.3,112177.27,112320,-944.6648944,-985.8326251,41.1677307,23.86457118,27.97735859,15.63899637,973.05,1108.33,118059.12 - 118575.00 | bar 1371 | 2025-08-17 20:00:00,111920.00 - 113740.69 | bar 1284 | 2025-08-03 08:00:00,,,,,,
2025-08-22 20:00:00,112320.01,117296.12,111684.79,116370.75,-617.0035846,-912.066817,295.0632324,43.74601437,33.23357718,64.77088874,1344.86,1134.10,118059.12 - 118575.00 | bar 1371 | 2025-08-17 20:00:00,111920.00 - 113740.69 | bar 1284 | 2025-08-03 08:00:00,,,,,,
2025-08-23 00:00:00,116370.75,117429.05,116116,116655.79,-330.5192697,-795.7573076,465.2380378,58.0101969,41.49245042,91.04568986,1370.31,1138.37,118059.12 - 118575.00 | bar 1371 | 2025-08-17 20:00:00,111920.00 - 113740.69 | bar 1284 | 2025-08-03 08:00:00,,,,,,
2025-08-23 04:00:00,116655.79,117174.43,116550.96,116935.99,-79.94700851,-652.5952477,572.6482392,69.1456229,50.71017458,106.0165195,1275.82,1136.11,118059.12 - 118575.00 | bar 1371 | 2025-08-17 20:00:00,111920.00 - 113740.69 | bar 1284 | 2025-08-03 08:00:00,,,,,,
2025-08-23 08:00:00,116936,117030,115458.2,115568.77,8.215384255,-520.4331213,528.6485056,68.63540715,56.6852521,92.53571723,1303.81,1139.48,118059.12 - 118575.00 | bar 1371 | 2025-08-17 20:00:00,111920.00 - 113740.69 | bar 1284 | 2025-08-03 08:00:00,,,,,,
2025-08-23 12:00:00,115568.77,116034.53,115551.2,115799.47,95.59828019,-397.226841,492.8251212,69.63399102,61.00149841,86.89897623,1294.38,1132.92,118059.12 - 118575.00 | bar 1371 | 2025-08-17 20:00:00,111920.00 - 113740.69 | bar 1284 | 2025-08-03 08:00:00,,,,,,
2025-08-23 16:00:00,115799.46,115861.8,115223.43,115310.13,123.9355544,-292.9943619,416.9299164,67.46012532,63.15437405,76.07162788,1274.56,1125.61,118059.12 - 118575.00 | bar 1371 | 2025-08-17 20:00:00,111920.00 - 113740.69 | bar 1284 | 2025-08-03 08:00:00,,,,,,
2025-08-23 20:00:00,115310.13,115486.97,114560,114812.87,105.0572872,-213.3840321,318.4413193,63.12533433,63.14469414,63.08661471,1308.53,1122.81,118059.12 - 118575.00 | bar 1371 | 2025-08-17 20:00:00,111920.00 - 113740.69 | bar 1284 | 2025-08-03 08:00:00,,,,,,
2025-08-24 00:00:00,114812.88,115190.74,114684.11,115133.91,114.6794165,-147.7713424,262.4507588,62.09843484,62.79594104,60.70342244,1274.01,1118.19,118059.12 - 118575.00 | bar 1371 | 2025-08-17 20:00:00,111920.00 - 113740.69 | bar 1284 | 2025-08-03 08:00:00,,,,,,
2025-08-24 04:00:00,115133.92,115454.12,115001.88,115438.05,145.1731141,-89.1824511,234.3555652,63.17872744,62.92353651,63.6891093,1207.27,1113.18,118059.12 - 118575.00 | bar 1371 | 2025-08-17 20:00:00,111920.00 - 113740.69 | bar 1284 | 2025-08-03 08:00:00,,,,,,
2025-08-24 08:00:00,115438.06,115666.68,114934.21,115036,135.3374286,-44.27847516,179.6159038,47.64943749,57.83217017,27.28397214,1191.47,1108.18,118059.12 - 118575.00 | bar 1371 | 2025-08-17 20:00:00,111920.00 - 113740.69 | bar 1284 | 2025-08-03 08:00:00,,,,,,
2025-08-24 12:00:00,115036.01,115283.21,114846.14,114888.19,114.2979892,-12.56318228,126.8611715,35.95063267,50.53832434,6.775249343,1165.29,1105.48,118059.12 - 118575.00 | bar 1371 | 2025-08-17 20:00:00,111920.00 - 113740.69 | bar 1284 | 2025-08-03 08:00:00,,,,,,
2025-08-24 16:00:00,114888.19,115060.99,114600,114730.22,83.90996136,6.731446452,77.17851491,26.26425444,42.44696771,-6.101172089,1113.26,1098.67,118059.12 - 118575.00 | bar 1371 | 2025-08-17 20:00:00,111920.00 - 113740.69 | bar 1284 | 2025-08-03 08:00:00,,,,,,
2025-08-24 20:00:00,114730.22,114869.41,114350.57,114400,32.80310235,11.94577763,20.85732472,18.48795059,34.46062867,-13.45740557,1101.33,1091.06,118059.12 - 118575.00 | bar 1371 | 2025-08-17 20:00:00,111920.00 - 113740.69 | bar 1284 | 2025-08-03 08:00:00,,,,,,
2025-08-25 00:00:00,114400.01,114917.1,110680,112600,-151.2014522,-20.68366833,-130.5177838,24.67622092,31.19915942,11.63034393,1322.40,1103.74,118059.12 - 118575.00 | bar 1371 | 2025-08-17 20:00:00,112015.67 - 112969.47 | bar 1396 | 2025-08-22 00:00:00,,,,,,
2025-08-25 04:00:00,112600,113692.97,111632.85,113493.59,-222.3579384,-61.01852235,-161.3394161,35.25818345,32.55216743,40.67021548,1068.75,1103.92,118059.12 - 118575.00 | bar 1371 | 2025-08-17 20:00:00,111920.00 - 113740.69 | bar 1284 | 2025-08-03 08:00:00,,,,,,
2025-08-25 08:00:00,113493.59,113667.28,112159,112916.84,-321.5818757,-113.131193,-208.4506827,38.45755469,34.52062985,46.33140437,1082.69,1102.39,118059.12 - 118575.00 | bar 1371 | 2025-08-17 20:00:00,111920.00 - 113740.69 | bar 1284 | 2025-08-03 08:00:00,,,,,,
2025-08-25 12:00:00,112916.84,113059.52,111284.05,111511.55,-507.7595829,-192.056871,-315.7027119,31.19684424,33.41270131,26.76513009,1164.98,1106.04,118059.12 - 118575.00 | bar 1371 | 2025-08-17 20:00:00,110500.00 - 111408.41 | bar 1143 | 2025-07-10 20:00:00,,,,,,
2025-08-25 16:00:00,111511.56,111850.13,110929.48,111214.97,-671.4976774,-287.9450323,-383.5526451,24.37388927,30.39976396,12.32213988,1118.47,1102.86,118059.12 - 118575.00 | bar 1371 | 2025-08-17 20:00:00,110500.00 - 111408.41 | bar 1143 | 2025-07-10 20:00:00,,,,,,
2025-08-25 20:00:00,111214.97,112580,110588,112200.64,-713.5011682,-373.0562595,-340.4449087,27.6980907,29.49920621,24.09585968,1226.23,1109.23,118059.12 - 118575.00 | bar 1371 | 2025-08-17 20:00:00,110500.00 - 111408.41 | bar 1143 | 2025-07-10 20:00:00,,,,,,
2025-08-26 00:00:00,112200.65,112937.26,110655.01,110716.13,-856.7012688,-469.7852613,-386.9160074,19.42023609,26.1395495,5.981609254,1343.65,1116.76,118059.12 - 118575.00 | bar 1371 | 2025-08-17 20:00:00,110500.00 - 111408.41 | bar 1143 | 2025-07-10 20:00:00,,,,,,
2025-08-26 04:00:00,110716.13,111092.54,109274.1,110111.98,-1007.326404,-577.2934899,-430.0329144,17.89620087,23.39176662,6.905069353,1407.32,1118.82,118059.12 - 118575.00 | bar 1371 | 2025-08-17 20:00:00,108096.55 - 109147.56 | bar 1132 | 2025-07-09 00:00:00,,,,,,
2025-08-26 08:00:00,110111.98,110111.98,108666.66,109879.56,-1132.398674,-688.3145267,-444.0841473,18.39914521,21.72755948,11.74231665,1474.37,1119.87,118059.12 - 118575.00 | bar 1371 | 2025-08-17 20:00:00,108096.55 - 109147.56 | bar 1132 | 2025-07-09 00:00:00,,,,,,
2025-08-26 12:00:00,109879.57,110547.31,109765.93,110303.2,-1183.690296,-787.3896807,-396.3006157,23.11925416,22.19145771,24.97484705,1497.88,1116.90,118059.12 - 118575.00 | bar 1371 | 2025-08-17 20:00:00,108096.55 - 109147.56 | bar 1132 | 2025-07-09 00:00:00,,,,,,
2025-08-26 16:00:00,110303.2,110455.13,109570.34,109876.52,-1244.423843,-878.7965132,-365.6273301,23.47756941,22.62016161,25.19238501,1508.76,1117.29,118059.12 - 118575.00 | bar 1371 | 2025-08-17 20:00:00,108096.55 - 109147.56 | bar 1132 | 2025-07-09 00:00:00,,,,,,
2025-08-26 20:00:00,109876.53,110818.6,109393.93,109666.33,-1294.592932,-961.9557969,-332.6371349,23.23727982,22.82586768,24.06010411,1579.31,1116.88,118059.12 - 118575.00 | bar 1371 | 2025-08-17 20:00:00,108096.55 - 109147.56 | bar 1132 | 2025-07-09 00:00:00,,,,,,
2025-08-27 00:00:00,109666.34,111162.59,109450,111116.03,-1203.500418,-1010.264721,-193.2356967,34.60959853,26.75377796,50.32123966,1668.71,1121.15,118059.12 - 118575.00 | bar 1371 | 2025-08-17 20:00:00,108096.55 - 109147.56 | bar 1132 | 2025-07-09 00:00:00,,,,,,
2025-08-27 04:00:00,111116.03,112371,110918.26,111763.22,-1066.788842,-1021.569545,-45.21929691,47.24265934,33.58340509,74.56116785,1735.41,1120.32,118059.12 - 118575.00 | bar 1371 | 2025-08-17 20:00:00,108096.55 - 109147.56 | bar 1132 | 2025-07-09 00:00:00,,,,,,
2025-08-27 08:00:00,111763.22,111825.16,110918.26,111418.15,-975.0484472,-1012.265326,37.21687847,52.97132346,40.04604455,78.8218813,1497.54,1119.63,118059.12 - 118575.00 | bar 1371 | 2025-08-17 20:00:00,108096.55 - 109147.56 | bar 1132 | 2025-07-09 00:00:00,,,,,,
2025-08-27 12:00:00,111418.15,111737.26,110622.5,110725.18,-947.3400643,-999.2802734,51.94020913,53.83771331,44.64326747,72.22660498,1430.02,1120.99,118059.12 - 118575.00 | bar 1371 | 2025-08-17 20:00:00,108096.55 - 109147.56 | bar 1132 | 2025-07-09 00:00:00,,,,,,
2025-08-27 16:00:00,110725.19,111374.45,110345.42,111322.07,-867.2201624,-972.8682512,105.6480888,59.78639378,49.69097624,79.97722887,1395.79,1110.53,118059.12 - 118575.00 | bar 1371 | 2025-08-17 20:00:00,108096.55 - 109147.56 | bar 1132 | 2025-07-09 00:00:00,,,,,,
2025-08-27 20:00:00,111322.07,112625,111019.02,112000,-740.4854226,-926.3916855,185.9062629,66.74311675,55.37502308,89.4793041,1383.68,1111.45,118059.12 - 118575.00 | bar 1371 | 2025-08-17 20:00:00,108096.55 - 109147.56 | bar 1132 | 2025-07-09 00:00:00,,,,,,
2025-08-28 00:00:00,111999.99,112600,111541.23,112080.69,-626.3164336,-866.3766351,240.0602015,72.21337044,60.98780553,94.66450026,1393.54,1107.88,118059.12 - 118575.00 | bar 1371 | 2025-08-17 20:00:00,108096.55 - 109147.56 | bar 1132 | 2025-07-09 00:00:00,,,,,,
2025-08-28 04:00:00,112080.68,112452.05,110921.79,111262.01,-595.0380925,-812.1089266,217.0708341,67.41429409,63.12996838,75.98294551,1360.56,1106.78,118059.12 - 118575.00 | bar 1371 | 2025-08-17 20:00:00,108096.55 - 109147.56 | bar 1132 | 2025-07-09 00:00:00,,,,,,
2025-08-28 08:00:00,111262.01,112042.04,110862.42,112000.01,-504.879414,-750.6630241,245.7836101,71.71462126,65.99151934,83.16082509,1281.80,1104.97,118059.12 - 118575.00 | bar 1371 | 2025-08-17 20:00:00,108096.55 - 109147.56 | bar 1132 | 2025-07-09 00:00:00,,,,,,
2025-08-28 12:00:00,112000,113360,111945.07,113114.11,-339.6145871,-668.4533367,328.8387496,78.42418357,70.13574075,95.0010692,1252.98,1106.79,118059.12 - 118575.00 | bar 1371 | 2025-08-17 20:00:00,108096.55 - 109147.56 | bar 1132 | 2025-07-09 00:00:00,,,,,,
2025-08-28 16:00:00,113114.11,113351.51,112826.22,112909.18,-222.611038,-579.2848769,356.673839,80.63123781,73.63423977,94.62523388,1187.27,1106.36,118059.12 - 118575.00 | bar 1371 | 2025-08-17 20:00:00,108666.66 - 110111.98 | bar 1422 | 2025-08-26 08:00:00,,,,,,
2025-08-28 20:00:00,112909.18,113485.9,112391.56,112678.53,-146.8041429,-492.7887301,345.9845872,78.51799506,75.2621582,85.02966879,1209.62,1110.61,118059.12 - 118575.00 | bar 1371 | 2025-08-17 20:00:00,108666.66 - 110111.98 | bar 1422 | 2025-08-26 08:00:00,,,,,,
2025-08-29 00:00:00,112678.53,113186.56,111901.35,111901.36,-147.7347619,-423.7779365,276.0431745,68.86021524,73.12817721,60.32429129,1238.22,1112.47,118059.12 - 118575.00 | bar 1371 | 2025-08-17 20:00:00,108666.66 - 110111.98 | bar 1422 | 2025-08-26 08:00:00,,,,,,
2025-08-29 04:00:00,111901.36,112575.98,111872.06,112566.9,-93.68878243,-357.7601057,264.0713232,67.56354092,71.27329845,60.14402585,1186.74,1113.75,118059.12 - 118575.00 | bar 1371 | 2025-08-17 20:00:00,108666.66 - 110111.98 | bar 1422 | 2025-08-26 08:00:00,,,,,,
2025-08-29 08:00:00,112566.9,112638.64,111302.27,111704.23,-119.0943679,-310.0269581,190.9325902,55.73820481,66.0949339,35.02474662,1159.87,1118.66,118059.12 - 118575.00 | bar 1371 | 2025-08-17 20:00:00,108666.66 - 110111.98 | bar 1422 | 2025-08-26 08:00:00,,,,,,
2025-08-29 12:00:00,111704.24,111850.56,109899.99,110019.38,-272.0458167,-302.4307298,30.38491312,38.26860983,56.81949254,1.166844396,1195.42,1126.45,118059.12 - 118575.00 | bar 1371 | 2025-08-17 20:00:00,108666.66 - 110111.98 | bar 1422 | 2025-08-26 08:00:00,,,,,,
2025-08-29 16:00:00,110019.38,110270.3,109414.18,110098.81,-382.4430394,-318.4331918,-64.00984765,31.11716326,48.25204945,-3.152609109,1191.80,1128.06,112391.56 - 113485.90 | bar 1437 | 2025-08-28 20:00:00,108666.66 - 110111.98 | bar 1422 | 2025-08-26 08:00:00,,,,,,
2025-08-29 20:00:00,110098.81,111517.07,108103,108386.23,-601.1943331,-374.98542,-226.2089131,22.49866282,39.66758724,-11.83918602,1356.03,1143.27,112391.56 - 113485.90 | bar 1437 | 2025-08-28 20:00:00,108096.55 - 109147.56 | bar 1132 | 2025-07-09 00:00:00,,,,,,
2025-08-30 00:00:00,108386.23,108832,107934.24,108212.01,-779.6273485,-455.9138057,-323.7135428,16.666898,32.00069083,-14.00068765,1346.66,1145.60,112391.56 - 113485.90 | bar 1437 | 2025-08-28 20:00:00,108096.55 - 109147.56 | bar 1132 | 2025-07-09 00:00:00,,,,,,
2025-08-30 04:00:00,108212.01,108549.99,107463.9,108377.4,-897.3471487,-544.2004743,-353.1466744,16.16772498,26.72303554,-4.942896146,1309.52,1147.54,112391.56 - 113485.90 | bar 1437 | 2025-08-28 20:00:00,108096.55 - 109147.56 | bar 1132 | 2025-07-09 00:00:00,,,,,,
2025-08-30 08:00:00,108377.4,108436.21,107350.1,108436.2,-974.6609847,-630.2925764,-344.3684083,16.98144425,23.47583845,3.992655853,1311.48,1148.20,112391.56 - 113485.90 | bar 1437 | 2025-08-28 20:00:00,108096.55 - 109147.56 | bar 1132 | 2025-07-09 00:00:00,108436.20,107440.81,112391.56,,OPEN LONG,
2025-08-30 12:00:00,108436.21,108697.28,108120,108524.26,-1017.102526,-707.6545663,-309.4479597,18.72161909,21.89109866,12.38265996,1243.41,1145.82,112391.56 - 113485.90 | bar 1437 | 2025-08-28 20:00:00,108096.55 - 109147.56 | bar 1132 | 2025-07-09 00:00:00,108436.20,107440.81,112391.56,,RUNNING LONG,0.08%
2025-08-30 16:00:00,108524.26,108777.43,108400,108680.01,-1026.339032,-771.3914595,-254.9475728,20.86341806,21.54853846,19.49317726,1186.11,1143.51,112391.56 - 113485.90 | bar 1437 | 2025-08-28 20:00:00,108096.55 - 109147.56 | bar 1132 | 2025-07-09 00:00:00,108436.20,107440.81,112391.56,,RUNNING LONG,0.22%
2025-08-30 20:00:00,108680.01,108926.15,108190.52,108869.98,-1006.725138,-818.4581952,-188.2669429,25.16616501,22.75441398,29.98966707,1137.58,1142.55,112391.56 - 113485.90 | bar 1437 | 2025-08-28 20:00:00,108096.55 - 109147.56 | bar 1132 | 2025-07-09 00:00:00,108436.20,107440.81,112391.56,,RUNNING LONG,0.40%
2025-08-31 00:00:00,108869.98,108900,108625.46,108828.33,-983.2079829,-851.4081528,-131.7998301,28.60242248,24.70375014,36.39976715,1119.67,1140.79,112391.56 - 113485.90 | bar 1437 | 2025-08-28 20:00:00,108096.55 - 109147.56 | bar 1132 | 2025-07-09 00:00:00,108436.20,107440.81,112391.56,,RUNNING LONG,0.36%
2025-08-31 04:00:00,108828.32,108838.27,108468.77,108816.33,-954.5354769,-872.0336176,-82.50185931,30.79726778,26.73492269,38.92195797,1067.90,1136.65,112391.56 - 113485.90 | bar 1437 | 2025-08-28 20:00:00,108096.55 - 109147.56 | bar 1132 | 2025-07-09 00:00:00,108436.20,107440.81,112391.56,,RUNNING LONG,0.35%
2025-08-31 08:00:00,108816.33,109480.02,108801.35,109223.84,-888.6854454,-875.3639832,-13.32146225,49.85561793,34.4418211,80.68321157,1024.58,1135.29,112391.56 - 113485.90 | bar 1437 | 2025-08-28 20:00:00,108096.55 - 109147.56 | bar 1132 | 2025-07-09 00:00:00,108436.20,107440.81,112391.56,,RUNNING LONG,0.73%
2025-08-31 12:00:00,109223.84,109231.41,108523.49,108708.26,-868.0949598,-873.9101785,5.815218681,54.49233703,41.12532641,81.22635827,1024.86,1134.58,112391.56 - 113485.90 | bar 1437 | 2025-08-28 20:00:00,108096.55 - 109147.56 | bar 1132 | 2025-07-09 00:00:00,108436.20,107440.81,112391.56,,RUNNING LONG,0.25%
2025-08-31 16:00:00,108708.25,109100,108303.21,108389.76,-867.4774003,-872.6236229,5.146222532,52.59894534,44.94986605,67.89710391,986.32,1131.82,112391.56 - 113485.90 | bar 1437 | 2025-08-28 20:00:00,108096.55 - 109147.56 | bar 1132 | 2025-07-09 00:00:00,108436.20,107440.81,112391.56,,RUNNING LONG,-0.04%
2025-08-31 20:00:00,108389.77,108858.43,108191.29,108818.69,-822.8911369,-862.6771257,39.78598876,52.19046663,47.36339958,61.84460073,894.65,1130.87,112391.56 - 113485.90 | bar 1437 | 2025-08-28 20:00:00,108096.55 - 109147.56 | bar 1132 | 2025-07-09 00:00:00,108436.20,107440.81,112391.56,,RUNNING LONG,0.35%
2025-09-01 00:00:00,108818.69,109237.51,108555,108930,-769.7017723,-844.082055,74.38028272,53.90906383,49.54528766,62.63661617,882.25,1129.83,112391.56 - 113485.90 | bar 1437 | 2025-08-28 20:00:00,108096.55 - 109147.56 | bar 1132 | 2025-07-09 00:00:00,108436.20,107440.81,112391.56,,RUNNING LONG,0.46%
2025-09-01 04:00:00,108930,109230,108076.93,108246.35,-773.7938453,-830.0244131,56.23056774,39.96430183,46.35162572,27.18965404,720.75,1126.55,112391.56 - 113485.90 | bar 1437 | 2025-08-28 20:00:00,108096.55 - 109147.56 | bar 1132 | 2025-07-09 00:00:00,108436.20,107440.81,112391.56,,RUNNING LONG,-0.18%
2025-09-01 08:00:00,108246.36,108482.98,107393,107660.01,-814.9552832,-827.0105871,12.05530387,30.90748122,41.20357755,10.31528857,734.48,1126.47,112391.56 - 113485.90 | bar 1437 | 2025-08-28 20:00:00,105100.19 - 106216.08 | bar 1092 | 2025-07-02 08:00:00,108436.20,107440.81,112391.56,,RUNNING LONG,-0.72%
2025-09-01 12:00:00,107660,109432.99,107255,109432.99,-696.4827313,-800.9050159,104.4222846,53.23375786,45.21363766,69.27399827,812.47,1132.84,108801.35 - 109480.02 | bar 1452 | 2025-08-31 08:00:00,105100.19 - 106216.08 | bar 1092 | 2025-07-02 08:00:00,108436.20,107440.81,112391.56,,RUNNING LONG,0.92%
2025-09-01 16:00:00,109432.99,109912.4,108186.41,108782.88,-647.5858576,-770.2411843,122.6553267,54.65427063,48.36051531,67.24178125,858.17,1137.28,108801.35 - 109480.02 | bar 1452 | 2025-08-31 08:00:00,105100.19 - 106216.08 | bar 1092 | 2025-07-02 08:00:00,108436.20,107440.81,112391.56,,RUNNING LONG,0.32%
2025-09-01 20:00:00,108782.89,109520,108566,108784.33,-601.7807758,-736.5491026,134.7683268,55.61946734,50.78016599,65.29807004,885.08,1138.33,108801.35 - 109480.02 | bar 1452 | 2025-08-31 08:00:00,105100.19 - 106216.08 | bar 1092 | 2025-07-02 08:00:00,108436.20,107440.81,112391.56,,RUNNING LONG,0.32%
2025-09-02 00:00:00,108784.33,109329.65,108391.3,109217.64,-524.4696629,-694.1332146,169.6635517,61.69819435,54.41950878,76.2555655,925.15,1137.40,108801.35 - 109480.02 | bar 1452 | 2025-08-31 08:00:00,105100.19 - 106216.08 | bar 1092 | 2025-07-02 08:00:00,108436.20,107440.81,112391.56,,RUNNING LONG,0.72%
2025-09-02 04:00:00,109217.65,109442.95,107459.49,109237.42,-456.3435242,-646.5752766,190.2317523,65.99879122,58.27926959,81.43783447,1014.28,1140.15,108801.35 - 109480.02 | bar 1452 | 2025-08-31 08:00:00,105100.19 - 106216.08 | bar 1092 | 2025-07-02 08:00:00,108436.20,107440.81,112391.56,,RUNNING LONG,0.74%
2025-09-02 08:00:00,109237.43,110623.97,108883.8,110322.18,-311.2342871,-579.5070787,268.2727916,74.34655056,63.63502991,95.76959185,1118.97,1137.65,112391.56 - 113485.90 | bar 1437 | 2025-08-28 20:00:00,105100.19 - 106216.08 | bar 1092 | 2025-07-02 08:00:00,108436.20,107440.81,112391.56,,RUNNING LONG,1.74%
2025-09-02 12:00:00,110322.19,110610.5,110000,110233.92,-201.0385681,-503.8133766,302.7748084,79.03845952,68.76950645,99.57636565,1136.18,1135.56,112391.56 - 113485.90 | bar 1437 | 2025-08-28 20:00:00,107255.00 - 109432.99 | bar 1459 | 2025-09-01 12:00:00,108436.20,107440.81,112391.56,,RUNNING LONG,1.66%
2025-09-02 16:00:00,110233.91,110711.1,109563.87,109733.34,-152.3441607,-433.5195334,281.1753727,76.59535699,71.37812329,87.02982438,1169.65,1137.21,112391.56 - 113485.90 | bar 1437 | 2025-08-28 20:00:00,107255.00 - 109432.99 | bar 1459 | 2025-09-01 12:00:00,108436.20,107440.81,112391.56,,RUNNING LONG,1.20%
2025-09-02 20:00:00,109733.33,111771.52,108393.39,110829.17,-25.0405178,-351.8237303,326.7832125,77.44206627,73.39943762,85.52732358,1360.38,1150.93,112391.56 - 113485.90 | bar 1437 | 2025-08-28 20:00:00,107255.00 - 109432.99 | bar 1459 | 2025-09-01 12:00:00,108436.20,107440.81,112391.56,110829.17,ATR MOVE EXIT,2.21%
2025-09-03 00:00:00,110829.16,111119.58,110200,110806,73.13584653,-266.8318149,339.9676614,77.49760755,74.76549426,82.96183412,1369.15,1153.07,112391.56 - 113485.90 | bar 1437 | 2025-08-28 20:00:00,107255.00 - 109432.99 | bar 1459 | 2025-09-01 12:00:00,,,,,,
2025-09-03 04:00:00,110806.01,111538.17,110716.77,111240.01,183.8430739,-176.6968372,360.539911,80.88966739,76.8068853,89.05523155,1380.17,1152.70,112391.56 - 113485.90 | bar 1437 | 2025-08-28 20:00:00,107255.00 - 109432.99 | bar 1459 | 2025-09-01 12:00:00,,,,,,
2025-09-03 08:00:00,111240.01,111782.21,110892.14,111054.01,253.646821,-90.62810552,344.2749265,81.64448665,78.41941909,88.09462178,1394.99,1146.57,112391.56 - 113485.90 | bar 1437 | 2025-08-28 20:00:00,107255.00 - 109432.99 | bar 1459 | 2025-09-01 12:00:00,,,,,,
2025-09-03 12:00:00,111054,111151.99,110528.71,111099.88,309.1049497,-10.68149448,319.7864442,82.50141197,79.78008338,87.94406915,1357.15,1142.24,112391.56 - 113485.90 | bar 1437 | 2025-08-28 20:00:00,107255.00 - 109432.99 | bar 1459 | 2025-09-01 12:00:00,,,,,,
2025-09-03 16:00:00,111099.87,111708,110889.29,111437.77,375.986675,66.65213941,309.3345356,84.94627135,81.50214604,91.83452198,1337.78,1137.64,112391.56 - 113485.90 | bar 1437 | 2025-08-28 20:00:00,107255.00 - 109432.99 | bar 1459 | 2025-09-01 12:00:00,,,,,,
2025-09-03 20:00:00,111437.77,112500,111031.61,112222.74,486.7208282,150.6658772,336.054951,87.71366283,83.57265164,95.99568523,1287.09,1138.56,112391.56 - 113485.90 | bar 1437 | 2025-08-28 20:00:00,107255.00 - 109432.99 | bar 1459 | 2025-09-01 12:00:00,,,,,,
2025-09-04 00:00:00,112222.73,112575.27,111686.24,112193.74,565.6182892,233.6563596,331.9619296,88.76797235,85.30442521,95.69506664,1227.31,1136.89,112391.56 - 113485.90 | bar 1437 | 2025-08-28 20:00:00,107255.00 - 109432.99 | bar 1459 | 2025-09-01 12:00:00,,,,,,
2025-09-04 04:00:00,112193.74,112250,111613.98,111705.71,582.0555787,303.3362034,278.7193753,85.58080867,85.39655303,85.94931994,1204.59,1129.92,112391.56 - 113485.90 | bar 1437 | 2025-08-28 20:00:00,107255.00 - 109432.99 | bar 1459 | 2025-09-01 12:00:00,,,,,,
2025-09-04 08:00:00,111705.72,112180,111136,111148.97,543.8883773,351.4466382,192.4417391,70.37123566,80.38811391,50.33747918,1212.14,1122.77,112391.56 - 113485.90 | bar 1437 | 2025-08-28 20:00:00,107255.00 - 109432.99 | bar 1459 | 2025-09-01 12:00:00,,,,,,
2025-09-04 12:00:00,111148.97,111318.84,110279.68,110463.36,453.0946055,371.7762316,81.31837384,49.58130005,70.11917595,8.505548244,1144.69,1121.11,112391.56 - 113485.90 | bar 1437 | 2025-08-28 20:00:00,107255.00 - 109432.99 | bar 1459 | 2025-09-01 12:00:00,,,,,,
2025-09-04 16:00:00,110463.36,111154.93,110415.72,110810,404.4486064,378.3107066,26.13789983,40.75476213,60.33103801,1.602210355,1073.19,1121.19,111686.24 - 112575.27 | bar 1474 | 2025-09-04 00:00:00,107255.00 - 109432.99 | bar 1459 | 2025-09-01 12:00:00,,,,,,
2025-09-04 20:00:00,110810,111123.99,109329.12,109510.31,258.0475689,354.258079,-96.21051014,29.03040444,49.89749349,-12.70377365,1157.79,1127.19,111686.24 - 112575.27 | bar 1474 | 2025-09-04 00:00:00,107255.00 - 109432.99 | bar 1459 | 2025-09-01 12:00:00,,,,,,
2025-09-05 00:00:00,109510.32,110218.39,109363.26,109799.99,163.5135644,316.1091761,-152.5956117,24.18876667,41.32791788,-10.08953576,1136.93,1128.39,111686.24 - 112575.27 | bar 1474 | 2025-09-04 00:00:00,107255.00 - 109432.99 | bar 1459 | 2025-09-01 12:00:00,,,,,,
2025-09-05 04:00:00,109800,111765.31,109755.59,110730.87,161.8432923,285.2559993,-123.4127071,30.51981885,37.7252182,16.10902013,1039.18,1133.52,111686.24 - 112575.27 | bar 1474 | 2025-09-04 00:00:00,107255.00 - 109432.99 | bar 1459 | 2025-09-01 12:00:00,,,,,,
2025-09-05 08:00:00,110730.87,111482.09,110435.75,111311.77,205.0299077,269.210781,-64.18087332,40.70553526,38.71865722,44.67929135,1048.24,1131.66,111686.24 - 112575.27 | bar 1474 | 2025-09-04 00:00:00,107255.00 - 109432.99 | bar 1459 | 2025-09-01 12:00:00,,,,,,
2025-09-05 12:00:00,111311.78,112999,111144.51,112954.32,367.5586815,288.8803611,78.67832039,60.06453068,45.83394837,88.52569528,1122.03,1135.99,112391.56 - 113485.90 | bar 1437 | 2025-08-28 20:00:00,107255.00 - 109432.99 | bar 1459 | 2025-09-01 12:00:00,,,,,,
2025-09-05 16:00:00,112954.32,112985,112131.02,112354,442.818562,319.6680013,123.1505607,67.5178516,53.06191612,96.42972256,1119.45,1131.16,112391.56 - 113485.90 | bar 1437 | 2025-08-28 20:00:00,109329.12 - 111123.99 | bar 1479 | 2025-09-04 20:00:00,,,,,,
2025-09-05 20:00:00,112354,113384.62,110286.91,110716.82,366.135237,328.9614484,37.17378854,56.41781074,54.18054766,60.8923369,1296.20,1144.75,112391.56 - 113485.90 | bar 1437 | 2025-08-28 20:00:00,109329.12 - 111123.99 | bar 1479 | 2025-09-04 20:00:00,,,,,,
2025-09-06 00:00:00,110716.82,111627.51,110206.96,111614.54,373.4962189,337.8684025,35.62781638,56.39640512,54.91916681,59.35088174,1339.19,1148.31,112391.56 - 113485.90 | bar 1437 | 2025-08-28 20:00:00,109329.12 - 111123.99 | bar 1479 | 2025-09-04 20:00:00,,,,,,
2025-09-06 04:00:00,111614.54,111700,110375.6,110659.99,298.8605641,330.0668348,-31.20627076,48.53641079,52.79158147,40.02606944,1328.90,1152.33,112391.56 - 113485.90 | bar 1437 | 2025-08-28 20:00:00,109329.12 - 111123.99 | bar 1479 | 2025-09-04 20:00:00,,,,,,
2025-09-06 08:00:00,110660,111307.7,110552.56,111082.22,270.6616828,318.1858044,-47.52412164,46.60618645,50.72978313,38.35899309,1319.34,1150.99,112391.56 - 113485.90 | bar 1437 | 2025-08-28 20:00:00,109329.12 - 111123.99 | bar 1479 | 2025-09-04 20:00:00,,,,,,
2025-09-06 12:00:00,111082.23,111082.23,110687.69,110825.6,225.0129674,299.551237,-74.53826959,40.89903708,47.45286778,27.79137568,1302.09,1150.23,112391.56 - 113485.90 | bar 1437 | 2025-08-28 20:00:00,109329.12 - 111123.99 | bar 1479 | 2025-09-04 20:00:00,,,,,,
2025-09-06 16:00:00,110825.59,110968,110675.58,110781.02,183.1278148,276.2665526,-93.13873781,33.2878563,42.73119729,14.40117432,1248.40,1147.23,112391.56 - 113485.90 | bar 1437 | 2025-08-28 20:00:00,109329.12 - 111123.99 | bar 1479 | 2025-09-04 20:00:00,,,,,,
2025-09-06 20:00:00,110781.03,110999.83,110358.11,110384.15,116.56574,244.3263901,-127.7606501,24.05060945,36.50433468,-0.8568409941,1220.02,1147.29,112391.56 - 113485.90 | bar 1437 | 2025-08-28 20:00:00,109329.12 - 111123.99 | bar 1479 | 2025-09-04 20:00:00,,,,,,
2025-09-07 00:00:00,110384.16,110402,109977,110038.41,35.50718294,202.5625486,-167.0553657,16.63445216,29.8810405,-9.858724538,1197.57,1146.76,112391.56 - 113485.90 | bar 1437 | 2025-08-28 20:00:00,109329.12 - 111123.99 | bar 1479 | 2025-09-04 20:00:00,,,,,,
2025-09-07 04:00:00,110038.42,110282.82,110034.44,110187.97,-16.47416156,158.7552066,-175.2293682,13.15334297,24.30514132,-9.150253741,1087.11,1141.27,110375.60 - 111700.00 | bar 1487 | 2025-09-06 04:00:00,109329.12 - 111123.99 | bar 1479 | 2025-09-04 20:00:00,,,,,,
2025-09-07 08:00:00,110187.98,110733.12,110180,110629.15,-21.81870028,122.6404252,-144.4591255,21.38545558,23.33191274,17.49254124,1065.54,1139.10,110375.60 - 111700.00 | bar 1487 | 2025-09-06 04:00:00,109329.12 - 111123.99 | bar 1479 | 2025-09-04 20:00:00,,,,,,
2025-09-07 12:00:00,110629.15,110911.42,110463.1,110753.42,-15.84409443,94.94352129,-110.7876157,29.27767071,25.31383207,37.20534801,954.01,1137.72,110375.60 - 111700.00 | bar 1487 | 2025-09-06 04:00:00,109329.12 - 111123.99 | bar 1479 | 2025-09-04 20:00:00,,,,,,
2025-09-07 16:00:00,110753.41,111377.19,110720.01,111292.13,31.99144114,82.35310526,-50.36166412,50.8268172,33.81816044,84.8441307,926.21,1136.66,110375.60 - 111700.00 | bar 1487 | 2025-09-06 04:00:00,109329.12 - 111123.99 | bar 1479 | 2025-09-04 20:00:00,,,,,,
2025-09-07 20:00:00,111292.12,111412,111042.6,111329.99,72.12502097,80.3074884,-8.182467435,65.31288394,44.31640161,107.3058486,820.13,1134.63,110375.60 - 111700.00 | bar 1487 | 2025-09-06 04:00:00,109329.12 - 111123.99 | bar 1479 | 2025-09-04 20:00:00,,,,,,
2025-09-08 00:00:00,111329.99,111371.35,110861.2,111259.99,97.16272572,83.67853587,13.48418985,73.34424551,53.99234957,112.0480374,795.57,1131.34,110375.60 - 111700.00 | bar 1487 | 2025-09-06 04:00:00,109329.12 - 111123.99 | bar 1479 | 2025-09-04 20:00:00,,,,,,
2025-09-08 04:00:00,111259.99,111600,111001.45,111137.34,105.887848,88.12039828,17.76744967,72.7273405,60.23734655,97.70732841,617.06,1123.12,110375.60 - 111700.00 | bar 1487 | 2025-09-06 04:00:00,109329.12 - 111123.99 | bar 1479 | 2025-09-04 20:00:00,,,,,,
2025-09-08 08:00:00,111137.35,111372,110621.78,111052.11,104.7180964,91.43993792,13.27815853,70.56560839,63.6801005,84.33662419,569.18,1122.13,110375.60 - 111700.00 | bar 1487 | 2025-09-06 04:00:00,109329.12 - 111123.99 | bar 1479 | 2025-09-04 20:00:00,,,,,,
2025-09-08 12:00:00,111052.11,111609.04,110899.69,111280.39,120.8186262,97.31567558,23.50295064,73.41974977,66.92665026,86.4059488,525.25,1121.05,110375.60 - 111700.00 | bar 1487 | 2025-09-06 04:00:00,109329.12 - 111123.99 | bar 1479 | 2025-09-04 20:00:00,,,,,,
2025-09-08 16:00:00,111280.4,112186.98,111252.9,112052.43,193.6433874,116.5812179,77.06216948,80.04513229,71.2994776,97.53644166,538.03,1122.03,112391.56 - 113485.90 | bar 1437 | 2025-08-28 20:00:00,109329.12 - 111123.99 | bar 1479 | 2025-09-04 20:00:00,,,,,,
2025-09-08 20:00:00,112052.43,112924.37,111877.64,112631.75,294.7066233,152.206299,142.5003243,82.73376014,75.11090511,97.9794702,584.62,1121.95,112391.56 - 113485.90 | bar 1437 | 2025-08-28 20:00:00,109329.12 - 111123.99 | bar 1479 | 2025-09-04 20:00:00,,,,,,
2025-09-09 00:00:00,112631.74,112670.06,111978.67,112097.31,327.8953508,187.3441094,140.5512414,76.51627914,75.57936312,78.39011117,613.11,1122.02,112391.56 - 113485.90 | bar 1437 | 2025-08-28 20:00:00,109329.12 - 111123.99 | bar 1479 | 2025-09-04 20:00:00,,,,,,
2025-09-09 04:00:00,112097.31,112512.71,111896,112065.23,347.6021276,219.395713,128.2064146,71.90688722,74.35520449,67.01025269,611.33,1115.43,112391.56 - 113485.90 | bar 1437 | 2025-08-28 20:00:00,109329.12 - 111123.99 | bar 1479 | 2025-09-04 20:00:00,,,,,,
2025-09-09 08:00:00,112065.23,112104.41,111111,111708,330.5836522,241.6333009,88.95035134,63.66253638,70.79098178,49.40564556,651.93,1116.53,112391.56 - 113485.90 | bar 1437 | 2025-08-28 20:00:00,109329.12 - 111123.99 | bar 1479 | 2025-09-04 20:00:00,,,,,,
2025-09-09 12:00:00,111708.01,113293.29,111624.12,112991.11,415.839107,276.4744621,139.3646449,72.00462224,71.1955286,73.62280952,753.41,1122.54,112391.56 - 113485.90 | bar 1437 | 2025-08-28 20:00:00,109329.12 - 111123.99 | bar 1479 | 2025-09-04 20:00:00,,,,,,
2025-09-09 16:00:00,112991.11,113176.51,112403.91,112433.59,433.4212542,307.8638205,125.5574337,70.60964732,71.00023484,69.82847228,769.09,1122.50,112391.56 - 113485.90 | bar 1437 | 2025-08-28 20:00:00,109329.12 - 111123.99 | bar 1479 | 2025-09-04 20:00:00,,,,,,
2025-09-09 20:00:00,112433.59,112950,110766.66,110880.76,318.3846885,309.9679941,8.416694391,48.5783971,63.52628893,18.68261345,893.02,1130.32,112391.56 - 113485.90 | bar 1437 | 2025-08-28 20:00:00,109329.12 - 111123.99 | bar 1479 | 2025-09-04 20:00:00,,,,,,
2025-09-10 00:00:00,110880.76,111388.04,110788,111301.53,258.1937075,299.6131368,-41.41942925,39.44203292,55.49820359,7.329691585,888.94,1123.12,111624.12 - 113293.29 | bar 1507 | 2025-09-09 12:00:00,109329.12 - 111123.99 | bar 1479 | 2025-09-04 20:00:00,,,,,,
2025-09-10 04:00:00,111301.53,111745.69,111090.07,111546.39,227.6261446,285.2157384,-57.58959375,36.58151336,49.19264018,11.35925971,909.38,1122.62,111624.12 - 113293.29 | bar 1507 | 2025-09-09 12:00:00,109329.12 - 111123.99 | bar 1479 | 2025-09-04 20:00:00,,,,,,
2025-09-10 08:00:00,111546.38,111586.26,110917.45,111545.88,201.0424854,268.3810878,-67.33860238,34.66777199,44.35101745,15.30128106,920.72,1116.53,111624.12 - 113293.29 | bar 1507 | 2025-09-09 12:00:00,109329.12 - 111123.99 | bar 1479 | 2025-09-04 20:00:00,,,,,,
2025-09-10 12:00:00,111545.88,112602.35,111372.42,112553.65,258.3156585,266.3680019,-8.052343389,46.68725608,45.12976366,49.80224091,965.81,1119.63,111624.12 - 113293.29 | bar 1507 | 2025-09-09 12:00:00,109329.12 - 111123.99 | bar 1479 | 2025-09-04 20:00:00,,,,,,
2025-09-10 16:00:00,112553.65,112859.8,112097.2,112299.99,280.0090488,269.0962113,10.91283749,51.35375891,47.20442874,59.65241925,966.70,1118.77,111624.12 - 113293.29 | bar 1507 | 2025-09-09 12:00:00,109329.12 - 111123.99 | bar 1479 | 2025-09-04 20:00:00,,,,,,
2025-09-10 20:00:00,112300,114313.13,112299.99,113853.99,417.7801204,298.8329931,118.9471273,63.25370775,52.55418841,84.65274642,1059.83,1125.97,118059.12 - 118575.00 | bar 1371 | 2025-08-17 20:00:00,109329.12 - 111123.99 | bar 1479 | 2025-09-04 20:00:00,,,,,,
2025-09-11 00:00:00,113853.99,114074.46,113155.03,113574.52,498.6654885,338.7994922,159.8659963,68.56026357,57.8895468,89.90169711,1058.78,1127.58,118059.12 - 118575.00 | bar 1371 | 2025-08-17 20:00:00,110766.66 - 112950.00 | bar 1509 | 2025-09-09 20:00:00,,,,,,
2025-09-11 04:00:00,113574.53,114025.78,113528.01,113960,587.1049593,388.4605856,198.6443737,75.72110069,63.83339809,99.49650588,1019.57,1123.10,118059.12 - 118575.00 | bar 1371 | 2025-08-17 20:00:00,110766.66 - 112950.00 | bar 1509 | 2025-09-09 20:00:00,,,,,,
2025-09-11 08:00:00,113960,114434.23,113669.82,114400.01,684.8050011,447.7294687,237.0755324,83.50123259,70.38934293,109.7250119,1024.78,1122.46,118059.12 - 118575.00 | bar 1371 | 2025-08-17 20:00:00,110766.66 - 112950.00 | bar 1509 | 2025-09-09 20:00:00,,,,,,
2025-09-11 12:00:00,114400.01,114459.65,113957.2,114083.58,728.304293,503.8444336,224.4598595,85.4618723,75.41351938,105.5585781,1016.62,1121.66,118059.12 - 118575.00 | bar 1371 | 2025-08-17 20:00:00,110766.66 - 112950.00 | bar 1509 | 2025-09-09 20:00:00,,,,,,
2025-09-11 16:00:00,114083.58,114200,113776,113999.99,747.4170227,552.5589514,194.8580713,85.98235448,78.93646442,100.0741346,975.95,1121.53,118059.12 - 118575.00 | bar 1371 | 2025-08-17 20:00:00,110766.66 - 112950.00 | bar 1509 | 2025-09-09 20:00:00,,,,,,
2025-09-11 20:00:00,113999.99,114715.02,113430,114180.31,768.2583121,595.6988235,172.5594885,85.32262671,81.06518518,93.83750978,948.51,1124.75,118059.12 - 118575.00 | bar 1371 | 2025-08-17 20:00:00,110766.66 - 112950.00 | bar 1509 | 2025-09-09 20:00:00,,,,,,
2025-09-12 00:00:00,114180.32,114605.54,114102,114419.99,794.9516492,635.5493887,159.4022605,86.45839634,82.86292224,93.64934455,929.29,1121.33,118059.12 - 118575.00 | bar 1371 | 2025-08-17 20:00:00,110766.66 - 112950.00 | bar 1509 | 2025-09-09 20:00:00,,,,,,
2025-09-12 04:00:00,114420,115488.09,114246.04,115482.69,891.5797435,686.7554596,204.8242839,90.91580427,85.54721625,101.6529803,862.06,1124.85,118059.12 - 118575.00 | bar 1371 | 2025-08-17 20:00:00,110766.66 - 112950.00 | bar 1509 | 2025-09-09 20:00:00,,,,,,
2025-09-12 08:00:00,115482.69,116331.81,115045.45,115194.14,934.1068289,736.2257335,197.8810954,82.00651995,84.36698415,77.28559156,911.08,1129.05,118059.12 - 118575.00 | bar 1371 | 2025-08-17 20:00:00,110766.66 - 112950.00 | bar 1509 | 2025-09-09 20:00:00,,,,,,
2025-09-12 12:00:00,115194.14,115656.87,115086.7,115086.7,948.2099661,778.62258,169.5873861,73.70166429,80.81187753,59.4812378,904.98,1128.59,118059.12 - 118575.00 | bar 1371 | 2025-08-17 20:00:00,110766.66 - 112950.00 | bar 1509 | 2025-09-09 20:00:00,,,,,,
2025-09-12 16:00:00,115086.7,115273.12,114888.01,114913.45,934.6331082,809.8246856,124.8084225,66.17495665,75.9329039,46.65906215,884.71,1120.32,118059.12 - 118575.00 | bar 1371 | 2025-08-17 20:00:00,110766.66 - 112950.00 | bar 1509 | 2025-09-09 20:00:00,,,,,,
2025-09-12 20:00:00,114913.45,115500.95,114740.99,115121.18,929.9159334,833.8429352,96.07299818,63.54336339,71.80305706,47.02397603,851.14,1117.74,118059.12 - 118575.00 | bar 1371 | 2025-08-17 20:00:00,110766.66 - 112950.00 | bar 1509 | 2025-09-09 20:00:00,,,,,,
2025-09-13 00:00:00,115121.18,116665.63,115030.3,116632.51,1036.184746,874.3112973,161.8734486,75.35437465,72.98682959,80.08946477,913.48,1121.46,118059.12 - 118575.00 | bar 1371 | 2025-08-17 20:00:00,110766.66 - 112950.00 | bar 1509 | 2025-09-09 20:00:00,,,,,,
2025-09-13 04:00:00,116632.51,116632.51,115752.68,116029.42,1059.52567,911.3541719,148.1714983,77.01537264,74.32967727,82.38676336,832.53,1121.45,118059.12 - 118575.00 | bar 1371 | 2025-08-17 20:00:00,110766.66 - 112950.00 | bar 1509 | 2025-09-09 20:00:00,,,,,,
2025-09-13 08:00:00,116029.41,116298.78,115576.26,115957,1059.961259,941.0755893,118.8856694,75.46302697,74.70746051,76.9741599,818.47,1122.51,118059.12 - 118575.00 | bar 1371 | 2025-08-17 20:00:00,110766.66 - 112950.00 | bar 1509 | 2025-09-09 20:00:00,,,,,,
2025-09-13 12:00:00,115957,115957.01,115657.81,115778.71,1034.000637,959.6605988,74.34003812,71.42341896,73.61277999,67.0446969,804.28,1117.82,118059.12 - 118575.00 | bar 1371 | 2025-08-17 20:00:00,110766.66 - 112950.00 | bar 1509 | 2025-09-09 20:00:00,,,,,,
2025-09-13 16:00:00,115778.72,116166.71,115767.33,115974.11,1017.4651,971.221499,46.24360081,68.9723339,72.06596463,62.78507244,778.21,1103.86,118059.12 - 118575.00 | bar 1371 | 2025-08-17 20:00:00,110766.66 - 112950.00 | bar 1509 | 2025-09-09 20:00:00,,,,,,
2025-09-13 20:00:00,115974.11,116060,115603.98,115768.68,976.5272847,972.2826561,4.244628564,63.78038238,69.30410388,52.73293938,774.89,1101.80,118059.12 - 118575.00 | bar 1371 | 2025-08-17 20:00:00,110766.66 - 112950.00 | bar 1509 | 2025-09-09 20:00:00,,,,,,
2025-09-14 00:00:00,115768.68,115817.37,115127.27,115797.12,935.5936998,964.9448649,-29.35116505,60.81164101,66.47328292,49.4883572,793.90,1097.56,118059.12 - 118575.00 | bar 1371 | 2025-08-17 20:00:00,110766.66 - 112950.00 | bar 1509 | 2025-09-09 20:00:00,,,,,,
2025-09-14 04:00:00,115797.12,115991.29,115797.11,115918.29,902.5271738,952.4613266,-49.93415288,60.93105438,64.62587341,53.54141633,715.98,1092.11,118059.12 - 118575.00 | bar 1371 | 2025-08-17 20:00:00,110766.66 - 112950.00 | bar 1509 | 2025-09-09 20:00:00,,,,,,
2025-09-14 08:00:00,115918.29,116109,115651.99,115679.98,847.3246571,931.4339927,-84.10933566,53.86329005,61.03834562,39.51317889,712.66,1083.45,118059.12 - 118575.00 | bar 1371 | 2025-08-17 20:00:00,110766.66 - 112950.00 | bar 1509 | 2025-09-09 20:00:00,,,,,,
2025-09-14 12:00:00,115679.99,115936,115449.59,115805.39,804.4229171,906.0317776,-101.6088605,50.92573442,57.66747522,37.44225281,658.68,1080.27,118059.12 - 118575.00 | bar 1371 | 2025-08-17 20:00:00,110766.66 - 112950.00 | bar 1509 | 2025-09-09 20:00:00,,,,,,
2025-09-14 16:00:00,115805.39,116165.19,115748.78,115794.91,760.8072187,876.9868658,-116.1796471,52.9470553,56.09400191,46.65316207,596.54,1078.94,118059.12 - 118575.00 | bar 1371 | 2025-08-17 20:00:00,110766.66 - 112950.00 | bar 1509 | 2025-09-09 20:00:00,,,,,,
2025-09-14 20:00:00,115794.92,115878.49,115141.8,115224.01,672.4233271,836.0741581,-163.650831,38.40034837,50.1961174,14.8088103,608.44,1078.96,118059.12 - 118575.00 | bar 1371 | 2025-08-17 20:00:00,110766.66 - 112950.00 | bar 1509 | 2025-09-09 20:00:00,,,,,,
2025-09-15 00:00:00,115224.01,115657.5,115193.9,115634.99,628.2984739,794.5190212,-166.2205474,41.88207631,47.42477037,30.7966882,614.05,1077.02,118059.12 - 118575.00 | bar 1371 | 2025-08-17 20:00:00,110766.66 - 112950.00 | bar 1509 | 2025-09-09 20:00:00,,,,,,
2025-09-15 04:00:00,115634.99,116087.35,115135,115268.01,557.2928655,747.0737901,-189.7809246,32.44132152,42.43028742,12.46338972,627.79,1073.41,118059.12 - 118575.00 | bar 1371 | 2025-08-17 20:00:00,110766.66 - 112950.00 | bar 1509 | 2025-09-09 20:00:00,,,,,,
2025-09-15 08:00:00,115268.01,115594.9,114825,115445.45,509.4655328,699.5521386,-190.0866058,37.05943918,40.64000467,29.89830819,565.97,1072.16,118059.12 - 118575.00 | bar 1371 | 2025-08-17 20:00:00,110766.66 - 112950.00 | bar 1509 | 2025-09-09 20:00:00,,,,,,
2025-09-15 12:00:00,115445.46,116757.99,115400,115806.62,494.9993829,658.6415875,-163.6422046,41.63378163,40.97126366,42.95881758,600.13,1074.76,118059.12 - 118575.00 | bar 1371 | 2025-08-17 20:00:00,110766.66 - 112950.00 | bar 1509 | 2025-09-09 20:00:00,,,,,,
2025-09-15 16:00:00,115806.62,115806.62,114625.87,115070,419.2627768,610.7658254,-191.5030486,34.69933478,38.8806207,26.33676293,632.86,1075.17,118059.12 - 118575.00 | bar 1371 | 2025-08-17 20:00:00,110766.66 - 112950.00 | bar 1509 | 2025-09-09 20:00:00,,,,,,
2025-09-15 20:00:00,115070.01,115099,114384,114842.9,337.0308173,556.0188237,-218.9880065,29.57633176,35.77919105,17.17061318,662.56,1074.25,115400.00 - 116757.99 | bar 1543 | 2025-09-15 12:00:00,110766.66 - 112950.00 | bar 1509 | 2025-09-09 20:00:00,,,,,,
2025-09-16 00:00:00,114842.9,115570,114600,115307.78,305.8477057,505.9846001,-200.1368944,32.68840387,34.74892866,28.56735428,703.32,1072.67,115400.00 - 116757.99 | bar 1543 | 2025-09-15 12:00:00,110766.66 - 112950.00 | bar 1509 | 2025-09-09 20:00:00,,,,,,
2025-09-16 04:00:00,115307.78,115605.07,115200.07,115349.71,281.2758924,461.0428586,-179.7669662,35.3518602,34.94990584,36.15576892,699.67,1064.22,115400.00 - 116757.99 | bar 1543 | 2025-09-15 12:00:00,110766.66 - 112950.00 | bar 1509 | 2025-09-09 20:00:00,,,,,,
2025-09-16 08:00:00,115349.71,115520,114945.01,115307.25,255.4319259,419.920672,-164.4887462,36.5313144,35.47704202,38.63985914,691.45,1057.50,115400.00 - 116757.99 | bar 1543 | 2025-09-15 12:00:00,110766.66 - 112950.00 | bar 1509 | 2025-09-09 20:00:00,,,,,,
2025-09-16 12:00:00,115307.26,116009.62,114930,115840,274.7714743,390.8908325,-116.1193582,44.7979913,38.58402512,57.22592368,754.69,1056.05,115400.00 - 116757.99 | bar 1543 | 2025-09-15 12:00:00,110766.66 - 112950.00 | bar 1509 | 2025-09-09 20:00:00,,,,,,
2025-09-16 16:00:00,115839.99,115981.17,115206.15,115287.83,242.7444941,361.2615648,-118.5170707,42.55605777,39.908036,47.85210131,777.41,1053.81,115400.00 - 116757.99 | bar 1543 | 2025-09-15 12:00:00,110766.66 - 112950.00 | bar 1509 | 2025-09-09 20:00:00,,,,,,
2025-09-16 20:00:00,115287.84,115905.89,114737.11,115905.88,264.1889455,341.847041,-77.65809545,49.73951184,43.18519462,62.8481463,826.15,1049.08,115400.00 - 116757.99 | bar 1543 | 2025-09-15 12:00:00,110766.66 - 112950.00 | bar 1509 | 2025-09-09 20:00:00,,,,,,
2025-09-17 00:00:00,115905.88,116870.76,115608.28,116800.12,349.3148383,343.3406004,5.974237855,65.54612655,50.63883859,95.36070245,886.58,1048.63,118059.12 - 118575.00 | bar 1371 | 2025-08-17 20:00:00,110766.66 - 112950.00 | bar 1509 | 2025-09-09 20:00:00,,,,,,
2025-09-17 04:00:00,116800.13,116964.27,116584.45,116788.96,411.1378615,356.9000526,54.23780888,74.76600096,58.68122605,106.9355508,861.09,1032.78,118059.12 - 118575.00 | bar 1371 | 2025-08-17 20:00:00,114384.00 - 115099.00 | bar 1545 | 2025-09-15 20:00:00,,,,,,
2025-09-17 08:00:00,116788.96,117077.16,116371.81,116372.04,421.6307958,369.8462013,51.78459455,73.689049,63.6838337,93.69947961,878.36,1029.53,118059.12 - 118575.00 | bar 1371 | 2025-08-17 20:00:00,114384.00 - 115099.00 | bar 1545 | 2025-09-15 20:00:00,,,,,,
2025-09-17 12:00:00,116372.05,117286.73,116160.22,117162.48,488.1018892,393.4973389,94.6045503,80.83494092,69.40086944,103.7030839,890.80,1029.09,118059.12 - 118575.00 | bar 1371 | 2025-08-17 20:00:00,114384.00 - 115099.00 | bar 1545 | 2025-09-15 20:00:00,,,,,,
2025-09-17 16:00:00,117162.48,117189.86,116253.27,116258.13,462.476086,407.2930883,55.18299774,73.77553834,70.85909241,79.6084302,902.71,1028.54,118059.12 - 118575.00 | bar 1371 | 2025-08-17 20:00:00,114384.00 - 115099.00 | bar 1545 | 2025-09-15 20:00:00,,,,,,
2025-09-17 20:00:00,116258.12,116516.93,115432,115875.32,406.5909573,407.1526621,-0.5617048307,64.06447184,68.59421888,55.00497776,883.20,1031.03,118059.12 - 118575.00 | bar 1371 | 2025-08-17 20:00:00,114384.00 - 115099.00 | bar 1545 | 2025-09-15 20:00:00,,,,,,
2025-09-18 00:00:00,115875.33,116333.33,114720.81,115652.02,340.3596916,393.794068,-53.43437639,54.80680343,63.99841373,36.42358283,914.04,1036.37,118059.12 - 118575.00 | bar 1371 | 2025-08-17 20:00:00,114384.00 - 115099.00 | bar 1545 | 2025-09-15 20:00:00,,,,,,
2025-09-18 04:00:00,115652.02,116990.68,115307.33,116447.59,348.0546294,384.6461803,-36.59155084,58.97010898,62.32231215,52.26570265,983.21,1033.27,118059.12 - 118575.00 | bar 1371 | 2025-08-17 20:00:00,114384.00 - 115099.00 | bar 1545 | 2025-09-15 20:00:00,,,,,,
2025-09-18 08:00:00,116447.6,117896,116092.76,117581.66,440.5841149,395.8337672,44.75034767,69.34677932,64.66380121,78.71273555,1042.73,1036.90,118059.12 - 118575.00 | bar 1371 | 2025-08-17 20:00:00,114384.00 - 115099.00 | bar 1545 | 2025-09-15 20:00:00,,,,,,
2025-09-18 12:00:00,117581.67,117750,116888.02,117086.01,468.518793,410.3707724,58.14802067,71.06119639,66.79626627,79.59105662,1075.37,1036.71,118059.12 - 118575.00 | bar 1371 | 2025-08-17 20:00:00,114384.00 - 115099.00 | bar 1545 | 2025-09-15 20:00:00,,,,,,
2025-09-18 16:00:00,117086.01,117413.04,117010.59,117063.4,483.2620447,424.9490268,58.31301784,71.96677997,68.51977083,78.86079825,1063.05,1035.38,118059.12 - 118575.00 | bar 1371 | 2025-08-17 20:00:00,114384.00 - 115099.00 | bar 1545 | 2025-09-15 20:00:00,,,,,,
2025-09-18 20:00:00,117063.41,117843.83,116977.59,117583.56,530.8000105,446.1192236,84.68078696,78.03117296,71.69023821,90.71304246,1047.80,1036.68,118059.12 - 118575.00 | bar 1371 | 2025-08-17 20:00:00,114384.00 - 115099.00 | bar 1545 | 2025-09-15 20:00:00,,,,,,
2025-09-19 00:00:00,117583.56,117900,117196.33,117450.21,551.3582458,467.167028,84.19121777,80.63813419,74.6728702,92.56866217,1042.71,1037.40,118059.12 - 118575.00 | bar 1371 | 2025-08-17 20:00:00,114384.00 - 115099.00 | bar 1545 | 2025-09-15 20:00:00,,,,,,
2025-09-19 04:00:00,117450.21,117657.17,116612.03,117073.53,531.1332934,479.9602811,51.1730123,78.42667469,75.92413836,83.43174733,1033.88,1040.14,118059.12 - 118575.00 | bar 1371 | 2025-08-17 20:00:00,114384.00 - 115099.00 | bar 1545 | 2025-09-15 20:00:00,,,,,,
2025-09-19 08:00:00,117073.53,117459.99,116871.61,116977.58,501.5806008,484.284345,17.29625581,75.9463469,75.93154121,75.97595828,985.73,1042.14,118059.12 - 118575.00 | bar 1371 | 2025-08-17 20:00:00,114384.00 - 115099.00 | bar 1545 | 2025-09-15 20:00:00,,,,,,
2025-09-19 12:00:00,116977.58,117100,116633.86,116909.97,467.3173733,480.8909507,-13.57357735,71.23565416,74.36624553,64.97447143,991.89,1042.00,118059.12 - 118575.00 | bar 1371 | 2025-08-17 20:00:00,114384.00 - 115099.00 | bar 1545 | 2025-09-15 20:00:00,,,,,,
2025-09-19 16:00:00,116909.98,117090.36,116300,116394.72,394.0448461,463.5217298,-69.47688366,53.05988639,67.26412582,24.65140755,997.96,1042.96,118059.12 - 118575.00 | bar 1371 | 2025-08-17 20:00:00,114384.00 - 115099.00 | bar 1545 | 2025-09-15 20:00:00,,,,,,
2025-09-19 20:00:00,116394.72,116529.08,115464.19,115884.03,291.4082525,429.0990343,-137.6907818,41.11864277,58.5489648,6.257998714,993.56,1045.56,118059.12 - 118575.00 | bar 1371 | 2025-08-17 20:00:00,114384.00 - 115099.00 | bar 1545 | 2025-09-15 20:00:00,,,,,,
2025-09-20 00:00:00,115884.03,116136,115112.58,115125.12,147.134246,372.7060767,-225.5718306,27.56238798,48.22010586,-13.75304779,999.76,1047.86,117196.33 - 117900.00 | bar 1564 | 2025-09-19 00:00:00,114384.00 - 115099.00 | bar 1545 | 2025-09-15 20:00:00,,,,,,
2025-09-20 04:00:00,115125.13,115657.28,115100,115632.38,72.88749742,312.7423608,-239.8548634,24.71278246,40.38433139,-6.630315406,962.08,1048.07,117196.33 - 117900.00 | bar 1564 | 2025-09-19 00:00:00,114384.00 - 115099.00 | bar 1545 | 2025-09-15 20:00:00,,,,,,
2025-09-20 08:00:00,115632.39,115730.41,115408.47,115445,-1.061351169,249.9816184,-251.0429696,20.58233116,33.78366465,-5.820335808,869.89,1044.71,117196.33 - 117900.00 | bar 1564 | 2025-09-19 00:00:00,114384.00 - 115099.00 | bar 1545 | 2025-09-15 20:00:00,,,,,,
2025-09-20 12:00:00,115445,115985.2,115409.08,115968.56,-17.220918,196.5411111,-213.7620291,25.04344511,30.87025813,13.38981905,790.80,1044.47,117196.33 - 117900.00 | bar 1564 | 2025-09-19 00:00:00,114384.00 - 115099.00 | bar 1545 | 2025-09-15 20:00:00,,,,,,
2025-09-20 16:00:00,115968.56,115968.57,115664.11,115894.06,-35.62831744,150.1072254,-185.7355429,27.91121432,29.8839102,23.96582256,683.75,1033.27,117196.33 - 117900.00 | bar 1564 | 2025-09-19 00:00:00,114384.00 - 115099.00 | bar 1545 | 2025-09-15 20:00:00,,,,,,
2025-09-20 20:00:00,115894.05,116121.81,115804.47,115986.69,-42.25476069,111.6348282,-153.8895889,33.38564288,31.05115442,38.05461979,644.85,1030.69,117196.33 - 117900.00 | bar 1564 | 2025-09-19 00:00:00,114384.00 - 115099.00 | bar 1545 | 2025-09-15 20:00:00,,,,,,
2025-09-21 00:00:00,115986.7,116079.46,115698.08,115702,-69.67519615,75.37282333,-145.0480195,32.33902348,31.48044411,34.05618222,643.34,1028.78,117196.33 - 117900.00 | bar 1564 | 2025-09-19 00:00:00,114384.00 - 115099.00 | bar 1545 | 2025-09-15 20:00:00,,,,,,
2025-09-21 04:00:00,115702,115944.7,115603.42,115685.63,-91.67029293,41.96420007,-133.634493,35.21918608,32.72669143,40.20417539,605.84,1023.68,117196.33 - 117900.00 | bar 1564 | 2025-09-19 00:00:00,114384.00 - 115099.00 | bar 1545 | 2025-09-15 20:00:00,,,,,,
2025-09-21 08:00:00,115685.63,115732.94,115441.83,115669.41,-109.152146,11.74093085,-120.8930769,41.80024246,35.75120844,53.8983105,576.37,1020.23,117196.33 - 117900.00 | bar 1564 | 2025-09-19 00:00:00,114384.00 - 115099.00 | bar 1545 | 2025-09-15 20:00:00,,,,,,
2025-09-21 12:00:00,115669.42,115815.98,115487.56,115815.97,-109.9134595,-12.58994722,-97.32351227,51.2230948,40.9085039,71.85227661,525.18,1016.88,117196.33 - 117900.00 | bar 1564 | 2025-09-19 00:00:00,114384.00 - 115099.00 | bar 1545 | 2025-09-15 20:00:00,,,,,,
2025-09-21 16:00:00,115815.98,115819.06,115329.03,115603.45,-126.2105175,-35.31406127,-90.89645623,45.68702969,42.50134583,52.05839742,518.15,1009.63,117196.33 - 117900.00 | bar 1564 | 2025-09-19 00:00:00,114384.00 - 115099.00 | bar 1545 | 2025-09-15 20:00:00,,,,,,
2025-09-21 20:00:00,115603.45,115747.23,115473.19,115531.61,-143.2713975,-56.90552852,-86.36586899,38.97572542,41.32613902,34.27489821,504.43,1005.42,117196.33 - 117900.00 | bar 1564 | 2025-09-19 00:00:00,114384.00 - 115099.00 | bar 1545 | 2025-09-15 20:00:00,,,,,,
2025-09-22 00:00:00,115531.62,115665.52,115209.02,115480.05,-159.1185098,-77.34812477,-81.77038502,35.88131071,39.51119625,28.62153963,480.59,1003.47,117196.33 - 117900.00 | bar 1564 | 2025-09-19 00:00:00,114384.00 - 115099.00 | bar 1545 | 2025-09-15 20:00:00,,,,,,
2025-09-22 04:00:00,115480.05,115545.43,115188,115232.29,-189.4853526,-99.77557035,-89.70978229,25.50185209,34.84141487,6.822726547,430.05,993.82,117196.33 - 117900.00 | bar 1564 | 2025-09-19 00:00:00,114384.00 - 115099.00 | bar 1545 | 2025-09-15 20:00:00,,,,,,
2025-09-22 08:00:00,115232.29,115379.25,114150,114649.89,-257.5769206,-131.3358404,-126.2410802,25.6373298,31.77338651,13.36521638,444.76,994.31,117196.33 - 117900.00 | bar 1564 | 2025-09-19 00:00:00,114384.00 - 115099.00 | bar 1545 | 2025-09-15 20:00:00,,,,,,
2025-09-22 12:00:00,114649.89,114649.9,111800,112519.99,-477.8962184,-200.647916,-277.2483024,22.88200044,28.80959115,11.02681901,608.51,1004.27,117196.33 - 117900.00 | bar 1564 | 2025-09-19 00:00:00,110766.66 - 112950.00 | bar 1509 | 2025-09-09 20:00:00,,,,,,
2025-09-22 16:00:00,112520,112976.02,112173.52,112876.97,-616.5879051,-283.8359138,-332.7519913,24.18685508,27.26867913,18.02320699,642.84,1002.94,117196.33 - 117900.00 | bar 1564 | 2025-09-19 00:00:00,110766.66 - 112950.00 | bar 1509 | 2025-09-09 20:00:00,,,,,,
2025-09-22 20:00:00,112876.97,113432.76,112380,112815.5,-723.1264299,-371.694017,-351.4324129,24.54693747,26.36143191,20.9179486,676.89,1006.17,117196.33 - 117900.00 | bar 1564 | 2025-09-19 00:00:00,110766.66 - 112950.00 | bar 1509 | 2025-09-09 20:00:00,,,,,,
2025-09-23 00:00:00,112815.5,112888,111936.4,112122.9,-853.6061695,-468.0764475,-385.529722,19.0426973,23.92185371,9.284384488,723.11,1006.14,117196.33 - 117900.00 | bar 1564 | 2025-09-19 00:00:00,110766.66 - 112950.00 | bar 1509 | 2025-09-09 20:00:00,,,,,,
2025-09-23 04:00:00,112122.9,112977.41,111975.28,112650.99,-903.9793425,-555.2570265,-348.722316,19.88152132,22.57507624,14.49441146,772.02,1001.42,117196.33 - 117900.00 | bar 1564 | 2025-09-19 00:00:00,110766.66 - 112950.00 | bar 1509 | 2025-09-09 20:00:00,,,,,,
2025-09-23 08:00:00,112650.99,112833.09,111478,112339.99,-957.9528616,-635.7961935,-322.156668,20.11592671,21.75535973,16.83706067,841.57,1002.30,117196.33 - 117900.00 | bar 1564 | 2025-09-19 00:00:00,110766.66 - 112950.00 | bar 1509 | 2025-09-09 20:00:00,112339.99,110345.87,115804.47,,OPEN LONG,
2025-09-23 12:00:00,112339.99,113114.01,111876.15,113090.13,-929.4827371,-694.5335022,-234.9492348,26.62231823,23.37767923,33.11159624,905.62,1005.41,117196.33 - 117900.00 | bar 1564 | 2025-09-19 00:00:00,110766.66 - 112950.00 | bar 1509 | 2025-09-09 20:00:00,112339.99,110345.87,115804.47,,RUNNING LONG,0.67%
2025-09-23 16:00:00,113090.13,113281.5,112683.33,112975.99,-905.6898733,-736.7647765,-168.9250969,30.54744317,25.76760055,40.10712842,927.55,1003.82,117196.33 - 117900.00 | bar 1564 | 2025-09-19 00:00:00,110766.66 - 112950.00 | bar 1509 | 2025-09-09 20:00:00,112339.99,110345.87,115804.47,,RUNNING LONG,0.57%
2025-09-23 20:00:00,112975.99,113290.5,112496.61,112882.19,-884.2101097,-766.2538431,-117.9562666,35.12152233,28.88557447,47.59341803,960.80,1005.54,117196.33 - 117900.00 | bar 1564 | 2025-09-19 00:00:00,110766.66 - 112950.00 | bar 1509 | 2025-09-09 20:00:00,112339.99,110345.87,115804.47,,RUNNING LONG,0.48%
2025-09-24 00:00:00,112882.2,112958.58,111540.2,111655.29,-955.1771312,-804.0385007,-151.1386305,26.43756675,28.0695719,23.17355646,1027.11,1007.68,117196.33 - 117900.00 | bar 1564 | 2025-09-19 00:00:00,110766.66 - 112950.00 | bar 1509 | 2025-09-09 20:00:00,112339.99,110345.87,115804.47,111655.29,KDJ RESET EXIT,-0.61%
2025-09-24 04:00:00,111655.29,112220.54,111458.73,111998.8,-972.4903575,-837.7288721,-134.7614854,26.74462897,27.62792426,24.97803841,1061.95,1004.55,117196.33 - 117900.00 | bar 1564 | 2025-09-19 00:00:00,110766.66 - 112950.00 | bar 1509 | 2025-09-09 20:00:00,111998.80,110235.69,115804.47,,OPEN LONG,
2025-09-24 08:00:00,111998.8,112500,111683.09,111683.09,-1000.157183,-870.2145343,-129.9426488,21.91250685,25.72278512,14.29195031,1087.69,1003.87,117196.33 - 117900.00 | bar 1564 | 2025-09-19 00:00:00,110766.66 - 112950.00 | bar 1509 | 2025-09-09 20:00:00,111998.80,110235.69,115804.47,,RUNNING LONG,-0.28%
2025-09-24 12:00:00,111683.1,112779.37,111042.66,112583.54,-938.604899,-883.8926072,-54.71229179,37.45812555,29.63456526,53.10524612,1186.21,1008.54,117196.33 - 117900.00 | bar 1564 | 2025-09-19 00:00:00,110766.66 - 112950.00 | bar 1509 | 2025-09-09 20:00:00,111998.80,110235.69,115804.47,,RUNNING LONG,0.52%
2025-09-24 16:00:00,112583.54,113162.17,112405.62,113029.46,-844.1118571,-875.9364572,31.82460009,54.43444164,37.90119072,87.50094347,1152.45,1006.37,117196.33 - 117900.00 | bar 1564 | 2025-09-19 00:00:00,110766.66 - 112950.00 | bar 1509 | 2025-09-09 20:00:00,111998.80,110235.69,115804.47,,RUNNING LONG,0.92%
2025-09-24 20:00:00,113029.45,113890,112808,113346.41,-735.1755781,-847.7842814,112.6087033,63.25924384,46.3538751,97.06998134,1026.17,1008.35,117196.33 - 117900.00 | bar 1564 | 2025-09-19 00:00:00,110766.66 - 112950.00 | bar 1509 | 2025-09-09 20:00:00,111998.80,110235.69,115804.47,,RUNNING LONG,1.20%
2025-09-25 00:00:00,113346.4,113940,113163.21,113420.01,-635.5773471,-805.3428945,169.7655474,69.52377872,54.0771763,100.4169836,1024.33,1006.53,117196.33 - 117900.00 | bar 1564 | 2025-09-19 00:00:00,111042.66 - 112779.37 | bar 1597 | 2025-09-24 12:00:00,111998.80,110235.69,115804.47,,RUNNING LONG,1.27%
2025-09-25 04:00:00,113420,113647.58,113204.71,113307,-559.3165412,-756.1376238,196.8210827,72.39997723,60.18477661,96.83037846,980.77,980.68,117196.33 - 117900.00 | bar 1564 | 2025-09-19 00:00:00,111042.66 - 112779.37 | bar 1597 | 2025-09-24 12:00:00,111998.80,110235.69,115804.47,,RUNNING LONG,1.17%
2025-09-25 08:00:00,113307.01,113510.23,112214.74,112546.21,-553.8838694,-715.686873,161.8030036,65.56470188,61.97808504,72.73793557,1005.33,980.60,117196.33 - 117900.00 | bar 1564 | 2025-09-19 00:00:00,111042.66 - 112779.37 | bar 1597 | 2025-09-24 12:00:00,111998.80,110235.69,115804.47,112546.21,KDJ RESET EXIT,0.49%
2025-09-25 12:00:00,112546.22,112614.43,111450.42,111766.72,-605.4969741,-693.6488932,88.15191905,52.03997077,58.66538028,38.78915174,1016.89,983.30,117196.33 - 117900.00 | bar 1564 | 2025-09-19 00:00:00,110766.66 - 112950.00 | bar 1509 | 2025-09-09 20:00:00,,,,,,
2025-09-25 16:00:00,111766.73,112246.46,111283.63,111348,-672.4365067,-689.4064159,16.96990922,38.20619117,51.84565058,10.92727236,988.88,980.25,117196.33 - 117900.00 | bar 1564 | 2025-09-19 00:00:00,110766.66 - 112950.00 | bar 1509 | 2025-09-09 20:00:00,,,,,,
2025-09-25 20:00:00,111347.99,111729.52,110629.99,111580.77,-698.6503683,-691.2552064,-7.395161895,35.04558895,46.24563004,12.64550679,979.00,983.34,117196.33 - 117900.00 | bar 1564 | 2025-09-19 00:00:00,110766.66 - 112950.00 | bar 1509 | 2025-09-09 20:00:00,,,,,,
2025-09-26 00:00:00,111580.77,111672.58,108631.51,109360,-888.381908,-730.6805467,-157.7013613,27.93809646,40.14311884,3.52805169,1153.49,995.35,117196.33 - 117900.00 | bar 1564 | 2025-09-19 00:00:00,109329.12 - 111123.99 | bar 1479 | 2025-09-04 20:00:00,,,,,,
2025-09-26 04:00:00,109360,109685.72,108765,108994.49,-1056.065457,-795.7575288,-260.3079285,20.90463963,33.73029244,-4.74666598,1162.55,995.32,113163.21 - 113940.00 | bar 1600 | 2025-09-25 00:00:00,107255.00 - 109432.99 | bar 1459 | 2025-09-01 12:00:00,,,,,,
2025-09-26 08:00:00,108994.49,109798.84,108809.24,109580.01,-1128.698375,-862.3456981,-266.3526772,19.8922946,29.11762649,1.441630815,1131.92,997.73,113163.21 - 113940.00 | bar 1600 | 2025-09-25 00:00:00,107255.00 - 109432.99 | bar 1459 | 2025-09-01 12:00:00,,,,,,
2025-09-26 12:00:00,109580,109625.94,108913,109320.02,-1193.481791,-928.5729168,-264.9088745,17.83689119,25.35738139,2.795910782,1128.43,999.04,113163.21 - 113940.00 | bar 1600 | 2025-09-25 00:00:00,107255.00 - 109432.99 | bar 1459 | 2025-09-01 12:00:00,,,,,,
2025-09-26 16:00:00,109320.02,109690.98,108620.07,109133.5,-1245.516185,-991.9615704,-253.5546145,15.39100995,22.03525758,2.102514691,1146.57,1000.73,113163.21 - 113940.00 | bar 1600 | 2025-09-25 00:00:00,107255.00 - 109432.99 | bar 1459 | 2025-09-01 12:00:00,,,,,,
2025-09-26 20:00:00,109133.5,109779.73,108764.76,109027.78,-1280.52346,-1049.673948,-230.8495116,13.66305399,19.24452305,2.500115871,1095.02,1003.62,113163.21 - 113940.00 | bar 1600 | 2025-09-25 00:00:00,107255.00 - 109432.99 | bar 1459 | 2025-09-01 12:00:00,,,,,,
2025-09-27 00:00:00,109027.79,110300,109027.78,109172.2,-1281.837268,-1096.106612,-185.7306561,14.18381409,17.55762006,7.436202141,1131.85,1007.67,113163.21 - 113940.00 | bar 1600 | 2025-09-25 00:00:00,107255.00 - 109432.99 | bar 1459 | 2025-09-01 12:00:00,109172.20,106689.07,113163.21,,OPEN LONG,
2025-09-27 04:00:00,109172.21,109687.69,109087.57,109643.46,-1230.665383,-1123.018366,-107.6470167,20.42662651,18.51395555,24.25196845,1097.43,1008.08,113163.21 - 113940.00 | bar 1600 | 2025-09-25 00:00:00,107255.00 - 109432.99 | bar 1459 | 2025-09-01 12:00:00,109172.20,106689.07,113163.21,,RUNNING LONG,0.43%
2025-09-27 08:00:00,109643.46,109743.91,109324.42,109553.77,-1183.703531,-1135.155399,-48.5481319,23.8137318,20.28054763,30.88010015,1071.91,988.99,113163.21 - 113940.00 | bar 1600 | 2025-09-25 00:00:00,107255.00 - 109432.99 | bar 1459 | 2025-09-01 12:00:00,109172.20,106689.07,113163.21,,RUNNING LONG,0.35%
2025-09-27 12:00:00,109553.77,109742.27,109332.02,109411.2,-1144.793664,-1137.083052,-7.710611791,31.57349908,24.04486478,46.63076768,1069.58,980.74,113163.21 - 113940.00 | bar 1600 | 2025-09-25 00:00:00,107255.00 - 109432.99 | bar 1459 | 2025-09-01 12:00:00,109172.20,106689.07,113163.21,,RUNNING LONG,0.22%
2025-09-27 16:00:00,109411.19,109477.69,109064.4,109310.21,-1109.318826,-1131.530207,22.21138094,34.74282393,27.61085116,49.00676947,1006.57,975.27,113163.21 - 113940.00 | bar 1600 | 2025-09-25 00:00:00,107255.00 - 109432.99 | bar 1459 | 2025-09-01 12:00:00,109172.20,106689.07,113163.21,109310.21,KDJ RESET EXIT,0.13%
2025-09-27 20:00:00,109310.22,109477.59,109193,109402.24,-1061.541915,-1117.532549,55.99063351,38.68177532,31.30115921,53.44300752,943.75,967.81,113163.21 - 113940.00 | bar 1600 | 2025-09-25 00:00:00,107255.00 - 109432.99 | bar 1459 | 2025-09-01 12:00:00,,,,,,
2025-09-28 00:00:00,109402.25,109440,109243.89,109424.2,-1010.260724,-1096.078184,85.81745991,41.74347535,34.78193126,55.66656352,888.99,964.19,113163.21 - 113940.00 | bar 1600 | 2025-09-25 00:00:00,107255.00 - 109432.99 | bar 1459 | 2025-09-01 12:00:00,,,,,,
2025-09-28 04:00:00,109424.21,109699.98,109362.72,109635.85,-941.6864489,-1065.199837,123.5133879,46.74220451,38.76868901,62.68923552,834.54,955.92,113163.21 - 113940.00 | bar 1600 | 2025-09-25 00:00:00,107255.00 - 109432.99 | bar 1459 | 2025-09-01 12:00:00,,,,,,
2025-09-28 08:00:00,109635.85,109787.75,109325.05,109436,-893.1711457,-1030.794099,137.6229529,41.85720888,39.79819563,45.97523538,650.37,946.82,113163.21 - 113940.00 | bar 1600 | 2025-09-25 00:00:00,107255.00 - 109432.99 | bar 1459 | 2025-09-01 12:00:00,,,,,,
2025-09-28 12:00:00,109436,109537.8,109260,109513.06,-838.8347555,-992.40223,153.5674745,48.57990557,42.72543228,60.28885216,604.45,939.12,113163.21 - 113940.00 | bar 1600 | 2025-09-25 00:00:00,107255.00 - 109432.99 | bar 1459 | 2025-09-01 12:00:00,,,,,,
2025-09-28 16:00:00,109513.06,109585.39,109250,109369.02,-798.1945096,-953.5606859,155.3661763,46.42406829,43.95831095,51.35558297,557.72,933.57,113163.21 - 113940.00 | bar 1600 | 2025-09-25 00:00:00,107255.00 - 109432.99 | bar 1459 | 2025-09-01 12:00:00,,,,,,
2025-09-28 20:00:00,109369.02,110037.93,109189.99,110037.93,-703.8972854,-903.6280058,199.7307204,64.28271219,50.73311137,91.38191385,567.36,933.90,113163.21 - 113940.00 | bar 1600 | 2025-09-25 00:00:00,107255.00 - 109432.99 | bar 1459 | 2025-09-01 12:00:00,,,,,,
2025-09-29 00:00:00,110037.92,110393.63,110008.54,110337.6,-598.0907732,-842.5205593,244.4297861,74.78340068,58.74987447,106.8504531,518.37,931.40,113163.21 - 113940.00 | bar 1600 | 2025-09-25 00:00:00,107255.00 - 109432.99 | bar 1459 | 2025-09-01 12:00:00,,,,,,
2025-09-29 04:00:00,110337.61,112350,110294.78,112163.95,-362.686346,-746.5537167,383.8673706,81.22638725,66.2420454,111.195071,592.68,934.55,113163.21 - 113940.00 | bar 1600 | 2025-09-25 00:00:00,107255.00 - 109432.99 | bar 1459 | 2025-09-01 12:00:00,,,,,,
2025-09-29 08:00:00,112163.96,112310,111588.07,111857.51,-198.5648564,-636.9559446,438.3910882,82.28923242,71.59110774,103.6854818,553.37,929.60,113163.21 - 113940.00 | bar 1600 | 2025-09-25 00:00:00,107255.00 - 109432.99 | bar 1459 | 2025-09-01 12:00:00,,,,,,
2025-09-29 12:00:00,111857.51,111904.34,111560.65,111865.95,-67.04352,-522.9734597,455.9299397,83.08682511,75.42301353,98.41444827,535.05,924.05,113163.21 - 113940.00 | bar 1600 | 2025-09-25 00:00:00,107255.00 - 109432.99 | bar 1459 | 2025-09-01 12:00:00,,,,,,
2025-09-29 16:00:00,111865.96,112421.99,111865.95,112100,55.43494607,-407.2917785,462.7267246,85.40369611,78.74990772,98.71127289,544.81,922.30,113163.21 - 113940.00 | bar 1600 | 2025-09-25 00:00:00,107255.00 - 109432.99 | bar 1459 | 2025-09-01 12:00:00,,,,,,
2025-09-29 20:00:00,112100,114231.56,111901.26,113815.57,287.6167078,-268.3100813,555.9267891,87.5187309,81.67284878,99.21049513,681.95,928.38,113163.21 - 113940.00 | bar 1600 | 2025-09-25 00:00:00,107255.00 - 109432.99 | bar 1459 | 2025-09-01 12:00:00,,,,,,
2025-09-30 00:00:00,113815.57,114390.93,113449.74,114265.55,502.1436527,-114.2193345,616.3629872,90.87558125,84.74042627,103.1458912,719.66,927.94,117196.33 - 117900.00 | bar 1564 | 2025-09-19 00:00:00,107255.00 - 109432.99 | bar 1459 | 2025-09-01 12:00:00,,,,,,
2025-09-30 04:00:00,114265.56,114400,114020,114311.96,668.2001064,42.26455372,625.9355527,93.35377949,87.61154401,104.8382505,726.48,921.81,117196.33 - 117900.00 | bar 1564 | 2025-09-19 00:00:00,107255.00 - 109432.99 | bar 1459 | 2025-09-01 12:00:00,,,,,,
2025-09-30 08:00:00,114311.97,114792,114040.35,114376.39,795.8262156,192.9768861,602.8493295,92.67302609,89.2987047,99.42166886,766.16,920.27,117196.33 - 117900.00 | bar 1564 | 2025-09-19 00:00:00,107255.00 - 109432.99 | bar 1459 | 2025-09-01 12:00:00,,,,,,
2025-09-30 12:00:00,114376.39,114376.4,113585,113699.23,832.7304754,320.9276039,511.8028714,87.01575438,88.53772126,83.97182062,798.60,916.58,117196.33 - 117900.00 | bar 1564 | 2025-09-19 00:00:00,107255.00 - 109432.99 | bar 1459 | 2025-09-01 12:00:00,,,,,,
2025-09-30 16:00:00,113699.24,113741.37,112656.27,113055.01,800.7634939,416.8947819,383.868712,73.42573185,83.50039146,53.27641263,843.05,916.11,117196.33 - 117900.00 | bar 1564 | 2025-09-19 00:00:00,107255.00 - 109432.99 | bar 1459 | 2025-09-01 12:00:00,,,,,,
2025-09-30 20:00:00,113055,113677.23,112866.11,113106.16,770.6729701,487.6504196,283.0225505,64.89336007,77.29804766,40.0839849,881.15,913.09,117196.33 - 117900.00 | bar 1564 | 2025-09-19 00:00:00,107255.00 - 109432.99 | bar 1459 | 2025-09-01 12:00:00,,,,,,
2025-10-01 00:00:00,113106.15,114563.46,112800,114359.99,838.3358022,557.7874961,280.5483061,71.67414916,75.42341483,64.17561783,983.15,919.28,117196.33 - 117900.00 | bar 1564 | 2025-09-19 00:00:00,107255.00 - 109432.99 | bar 1459 | 2025-09-01 12:00:00,,,,,,
2025-10-01 04:00:00,114359.99,114754.87,113765.42,114048.93,856.9804051,617.6260779,239.3543272,72.54770519,74.46484495,68.71342567,993.26,918.75,117196.33 - 117900.00 | bar 1564 | 2025-09-19 00:00:00,107255.00 - 109432.99 | bar 1459 | 2025-09-01 12:00:00,,,,,,
2025-10-01 08:00:00,114048.94,114551.76,113966.67,114176.92,872.03187,668.5072363,203.5246337,72.09862995,73.67610662,68.94367661,1007.55,915.25,117196.33 - 117900.00 | bar 1564 | 2025-09-19 00:00:00,107255.00 - 109432.99 | bar 1459 | 2025-09-01 12:00:00,,,,,,
2025-10-01 12:00:00,114176.93,114740,114151,114539.02,902.7721132,715.3602117,187.4119015,77.45070989,74.93430771,82.48351425,902.82,914.68,117196.33 - 117900.00 | bar 1564 | 2025-09-19 00:00:00,107255.00 - 109432.99 | bar 1459 | 2025-09-01 12:00:00,,,,,,
2025-10-01 16:00:00,114539.02,116795.85,114484.43,116789.58,1096.1002,791.5082094,304.5919906,84.91665171,78.26175571,98.22644372,1016.35,919.55,117196.33 - 117900.00 | bar 1564 | 2025-09-19 00:00:00,107255.00 - 109432.99 | bar 1459 | 2025-09-01 12:00:00,,,,,,
2025-10-01 20:00:00,116789.57,117649.99,116363.38,117423.73,1285.664368,890.3394411,395.324927,88.43413754,81.65254965,101.9973133,1083.70,916.23,117196.33 - 117900.00 | bar 1564 | 2025-09-19 00:00:00,112656.27 - 113741.37 | bar 1634 | 2025-09-30 16:00:00,,,,,,
2025-10-02 00:00:00,117423.73,118199,116724.56,117439.53,1420.792256,996.4300042,424.3622522,87.72206081,83.67572004,95.81474235,1149.30,919.33,117196.33 - 117900.00 | bar 1564 | 2025-09-19 00:00:00,112656.27 - 113741.37 | bar 1634 | 2025-09-30 16:00:00,,,,,,
2025-10-02 04:00:00,117439.53,118649.1,117163.25,118594.99,1602.643767,1117.672757,484.9710103,91.50634068,86.28592692,101.9471682,1088.98,909.68,123250.50 - 124474.00 | bar 1350 | 2025-08-14 08:00:00,112656.27 - 113741.37 | bar 1634 | 2025-09-30 16:00:00,,,,,,
2025-10-02 08:00:00,118594.99,119456.92,118368.05,118733.99,1737.944594,1241.727124,496.2174701,90.7176181,87.76315731,96.62653967,1099.53,910.64,123250.50 - 124474.00 | bar 1350 | 2025-08-14 08:00:00,112656.27 - 113741.37 | bar 1634 | 2025-09-30 16:00:00,,,,,,
2025-10-02 12:00:00,118733.99,118930.29,118279.31,118489.76,1804.661145,1354.313928,450.3472162,88.14739212,87.89123558,88.6597052,1118.89,908.46,123250.50 - 124474.00 | bar 1350 | 2025-08-14 08:00:00,112656.27 - 113741.37 | bar 1634 | 2025-09-30 16:00:00,,,,,,
2025-10-02 16:00:00,118489.76,118926.49,118354.61,118765.73,1858.380708,1455.127284,403.2534236,87.90179192,87.89475436,87.91586703,1106.05,905.89,123250.50 - 124474.00 | bar 1350 | 2025-08-14 08:00:00,112656.27 - 113741.37 | bar 1634 | 2025-09-30 16:00:00,,,,,,
2025-10-02 20:00:00,118765.72,119910.79,118516.39,119910.78,1970.633577,1558.228543,412.4050343,91.93447007,89.24132626,97.32075769,1149.12,909.98,123250.50 - 124474.00 | bar 1350 | 2025-08-14 08:00:00,112656.27 - 113741.37 | bar 1634 | 2025-09-30 16:00:00,,,,,,
2025-10-03 00:00:00,119910.78,121022.07,119359.63,120836.49,2109.969431,1668.57672,441.3927105,93.67676704,90.71980652,99.59068808,1190.36,916.40,123250.50 - 124474.00 | bar 1350 | 2025-08-14 08:00:00,112656.27 - 113741.37 | bar 1634 | 2025-09-30 16:00:00,,,,,,
2025-10-03 04:00:00,120836.49,120914,120072.46,120529.35,2170.589266,1768.97923,401.6100364,92.25905678,91.23288994,94.31139046,1192.53,916.93,123250.50 - 124474.00 | bar 1350 | 2025-08-14 08:00:00,112656.27 - 113741.37 | bar 1634 | 2025-09-30 16:00:00,,,,,,
2025-10-03 08:00:00,120529.35,120550.9,119820,120225.89,2169.139743,1849.011332,320.1284111,88.66385715,90.37654568,85.23848009,1118.78,919.22,123250.50 - 124474.00 | bar 1350 | 2025-08-14 08:00:00,112656.27 - 113741.37 | bar 1634 | 2025-09-30 16:00:00,,,,,,
2025-10-03 12:00:00,120225.88,120324.53,119610.59,119640.21,2096.563625,1898.521791,198.0418339,80.50576173,87.08628436,67.34471648,1099.10,920.94,123250.50 - 124474.00 | bar 1350 | 2025-08-14 08:00:00,112656.27 - 113741.37 | bar 1634 | 2025-09-30 16:00:00,,,,,,
2025-10-03 16:00:00,119640.22,120515.89,119248.3,120334.5,2071.194487,1933.05633,138.1381573,78.64765979,84.27340951,67.39616036,1147.85,923.88,123250.50 - 124474.00 | bar 1350 | 2025-08-14 08:00:00,112656.27 - 113741.37 | bar 1634 | 2025-09-30 16:00:00,,,,,,
2025-10-03 20:00:00,120334.51,122366,119881.24,122258.05,2181.160611,1982.677186,198.4834246,84.88460585,84.47714162,85.6995343,1283.26,932.77,123250.50 - 124474.00 | bar 1350 | 2025-08-14 08:00:00,112656.27 - 113741.37 | bar 1634 | 2025-09-30 16:00:00,,,,,,
2025-10-04 00:00:00,122258.04,123894.99,121466.25,122660.99,2274.603236,2041.062396,233.5408399,82.4987904,83.81769121,79.86098877,1291.64,940.93,123250.50 - 124474.00 | bar 1350 | 2025-08-14 08:00:00,112656.27 - 113741.37 | bar 1634 | 2025-09-30 16:00:00,,,,,,
2025-10-04 04:00:00,122661,122734.92,121999.33,122232,2287.670441,2090.384005,197.2864361,78.02631342,81.88723195,70.30447636,1252.28,941.27,123250.50 - 124474.00 | bar 1350 | 2025-08-14 08:00:00,112656.27 - 113741.37 | bar 1634 | 2025-09-30 16:00:00,,,,,,
2025-10-04 08:00:00,122232.21,122325.6,121684.97,122243.99,2272.794429,2126.86609,145.928339,73.50731959,79.09392783,62.33410311,1192.72,941.06,123250.50 - 124474.00 | bar 1350 | 2025-08-14 08:00:00,112656.27 - 113741.37 | bar 1634 | 2025-09-30 16:00:00,,,,,,
2025-10-04 12:00:00,122243.99,122800,122219.3,122324.08,2241.627588,2149.81839,91.80919859,71.06918787,76.41901451,60.36953459,1128.07,938.20,123250.50 - 124474.00 | bar 1350 | 2025-08-14 08:00:00,112656.27 - 113741.37 | bar 1634 | 2025-09-30 16:00:00,,,,,,
2025-10-04 16:00:00,122324.08,122539.83,121962.81,121973.26,2163.677869,2152.590285,11.08758322,66.9271366,73.25505521,54.2712994,1091.51,935.63,123250.50 - 124474.00 | bar 1350 | 2025-08-14 08:00:00,112656.27 - 113741.37 | bar 1634 | 2025-09-30 16:00:00,,,,,,
2025-10-04 20:00:00,121973.26,122509.52,121698.88,121791.31,2063.434324,2134.759093,-71.32476956,62.86053892,69.79021644,49.00118387,1102.91,928.80,123250.50 - 124474.00 | bar 1350 | 2025-08-14 08:00:00,112656.27 - 113741.37 | bar 1634 | 2025-09-30 16:00:00,,,,,,
2025-10-05 00:00:00,121791.31,121964.95,121510,121959.25,1974.777935,2102.762862,-127.9849261,61.35420232,66.97821174,50.10618349,1094.56,922.44,123250.50 - 124474.00 | bar 1350 | 2025-08-14 08:00:00,112656.27 - 113741.37 | bar 1634 | 2025-09-30 16:00:00,,,,,,
2025-10-05 04:00:00,121959.25,122410,121871.01,122391,1917.254806,2065.66125,-148.4064445,61.74582034,65.23408127,54.76929847,1033.46,920.37,123250.50 - 124474.00 | bar 1350 | 2025-08-14 08:00:00,112656.27 - 113741.37 | bar 1634 | 2025-09-30 16:00:00,,,,,,
2025-10-05 08:00:00,122390.99,124362.28,122136,123776.22,1960.83965,2044.69693,-83.85728061,67.75165729,66.07327328,71.10842531,1073.73,926.81,123250.50 - 124474.00 | bar 1350 | 2025-08-14 08:00:00,112656.27 - 113741.37 | bar 1634 | 2025-09-30 16:00:00,,,,,,
2025-10-05 12:00:00,123776.23,125708.42,123734,124713.63,2047.420714,2045.241687,2.179026642,70.60297493,67.58317383,76.64257713,1154.65,926.76,,112656.27 - 113741.37 | bar 1634 | 2025-09-30 16:00:00,,,,,,
2025-10-05 16:00:00,124713.63,124838.37,122520.24,123464.64,1992.287921,2034.650934,-42.36301294,62.58750387,65.91795051,55.92661059,1268.03,929.65,,121510.00 - 121964.95 | bar 1660 | 2025-10-05 00:00:00,,,,,,
2025-10-05 20:00:00,123464.64,123464.65,122675,122803.17,1873.621739,2002.445095,-128.8233556,51.99211894,61.27600665,33.42434351,1273.43,930.55,,121510.00 - 121964.95 | bar 1660 | 2025-10-05 00:00:00,,,,,,
2025-10-06 00:00:00,122803.17,123464,122301.63,122591.79,1742.435623,1950.4432,-208.0075776,43.2502786,55.26743063,19.21597452,1265.92,930.62,,121510.00 - 121964.95 | bar 1660 | 2025-10-05 00:00:00,,,,,,
2025-10-06 04:00:00,122591.8,123548.83,122473.62,123482.31,1690.836294,1898.521819,-207.6855254,44.49266385,51.67584171,30.12630815,1165.24,919.11,,121510.00 - 121964.95 | bar 1660 | 2025-10-05 00:00:00,,,,,,
2025-10-06 08:00:00,123482.32,124358.46,123084,123839.09,1659.601762,1850.737808,-191.1360458,48.15357361,50.50175234,43.45721615,1082.79,920.88,,121510.00 - 121964.95 | bar 1660 | 2025-10-05 00:00:00,,,,,,
2025-10-06 12:00:00,123839.09,124165.56,123280.49,123390.47,1580.430072,1796.67626,-216.2461889,45.30104157,48.76818208,38.36676055,1093.47,921.20,,121510.00 - 121964.95 | bar 1660 | 2025-10-05 00:00:00,,,,,,
2025-10-06 16:00:00,123390.47,124531.66,123390.46,124215,1566.164843,1750.573977,-184.4091337,49.59930933,49.0452245,50.70747898,1129.22,922.45,,121510.00 - 121964.95 | bar 1660 | 2025-10-05 00:00:00,,,,,,
2025-10-06 20:00:00,124215,125408.29,124178,125000,1599.761433,1720.411468,-120.6500355,59.46808795,52.51951232,73.36523922,1175.62,925.49,,121510.00 - 121964.95 | bar 1660 | 2025-10-05 00:00:00,,,,,,
2025-10-07 00:00:00,125000,126199.63,124800,125410.81,1640.623815,1704.453938,-63.83012224,66.23321478,57.09074647,84.5181514,1234.38,928.39,,122301.63 - 123464.00 | bar 1666 | 2025-10-06 00:00:00,,,,,,
2025-10-07 04:00:00,125410.8,125534,124511.15,124658.54,1593.931792,1682.349509,-88.41771606,64.31034226,59.4972784,73.93646999,1249.54,926.17,,122301.63 - 123464.00 | bar 1666 | 2025-10-06 00:00:00,,,,,,
2025-10-07 08:00:00,124658.54,125082.27,124101.26,124329.74,1512.956199,1648.470847,-135.5146479,60.21672895,59.73709525,61.17599634,1287.11,926.63,,122301.63 - 123464.00 | bar 1666 | 2025-10-06 00:00:00,,,,,,
2025-10-07 12:00:00,124329.74,124654.47,123567.6,123667.99,1379.482942,1594.673266,-215.1903237,50.82946355,56.76788468,38.95262128,1326.25,928.88,,122301.63 - 123464.00 | bar 1666 | 2025-10-06 00:00:00,,,,,,
2025-10-07 16:00:00,123668,124509.6,123322.9,124453.38,1321.841468,1540.106906,-218.2654382,48.53695754,54.0242423,37.56238801,1251.99,929.59,,122301.63 - 123464.00 | bar 1666 | 2025-10-06 00:00:00,,,,,,
2025-10-07 20:00:00,124453.37,125126,121172.89,121846.01,1053.621721,1442.809869,-389.1881482,36.82156705,48.29001722,13.88466672,1393.33,944.16,,121510.00 - 121964.95 | bar 1660 | 2025-10-05 00:00:00,,,,,,
2025-10-08 00:00:00,121846.01,122084.14,120574.94,121637.17,814.8113581,1317.210167,-502.3988087,30.84275459,42.47426301,7.579737753,1335.54,948.01,124800.00 - 126199.63 | bar 1672 | 2025-10-07 00:00:00,121510.00 - 121964.95 | bar 1660 | 2025-10-05 00:00:00,,,,,,
2025-10-08 04:00:00,121637.18,122292.62,121258.08,121332.95,594.1553604,1172.599206,-578.4438451,25.05399507,36.66750703,1.826971158,1353.04,944.21,124800.00 - 126199.63 | bar 1672 | 2025-10-07 00:00:00,112656.27 - 113741.37 | bar 1634 | 2025-09-30 16:00:00,,,,,,
2025-10-08 08:00:00,121332.96,122229.66,121200,121374.75,417.8402014,1021.647405,-603.8072033,21.44253942,31.59251783,1.142582598,1343.56,945.09,124800.00 - 126199.63 | bar 1672 | 2025-10-07 00:00:00,112656.27 - 113741.37 | bar 1634 | 2025-09-30 16:00:00,,,,,,
2025-10-08 12:00:00,121374.76,121910.24,121066.14,121597.06,292.6739635,875.8527165,-583.178753,21.16541435,28.11681667,7.262609713,1327.05,939.26,124800.00 - 126199.63 | bar 1672 | 2025-10-07 00:00:00,112656.27 - 113741.37 | bar 1634 | 2025-09-30 16:00:00,,,,,,
2025-10-08 16:00:00,121597.05,123200,121524.01,122884.14,293.9469797,759.4715691,-465.5245894,31.02355211,29.08572848,34.89919938,1355.73,942.41,124800.00 - 126199.63 | bar 1672 | 2025-10-07 00:00:00,112656.27 - 113741.37 | bar 1634 | 2025-09-30 16:00:00,,,,,,
2025-10-08 20:00:00,122884.14,123350,121649.68,122189.72,236.1992064,654.8170966,-418.6178902,32.50950285,30.22698661,37.07453535,1413.96,941.63,124800.00 - 126199.63 | bar 1672 | 2025-10-07 00:00:00,112656.27 - 113741.37 | bar 1634 | 2025-09-30 16:00:00,,,,,,
2025-10-09 00:00:00,122189.72,124197.25,122110.08,123450,288.7986522,581.6134077,-292.8147555,42.73080675,34.39492665,59.40256694,1481.53,947.80,124800.00 - 126199.63 | bar 1672 | 2025-10-07 00:00:00,112656.27 - 113741.37 | bar 1634 | 2025-09-30 16:00:00,,,,,,
2025-10-09 04:00:00,123450.01,123737,122794.4,123306,315.2307121,528.3368686,-213.1061565,48.49031,39.09338777,67.28415447,1460.98,937.02,124800.00 - 126199.63 | bar 1672 | 2025-10-07 00:00:00,112656.27 - 113741.37 | bar 1634 | 2025-09-30 16:00:00,,,,,,
2025-10-09 08:00:00,123306.01,123348.32,121475.98,122038.01,231.1970187,468.9088986,-237.7118799,45.79038143,41.32571899,54.71970631,1494.75,939.28,124800.00 - 126199.63 | bar 1672 | 2025-10-07 00:00:00,112656.27 - 113741.37 | bar 1634 | 2025-09-30 16:00:00,,,,,,
2025-10-09 12:00:00,122038.01,122264,121724.71,121906.1,152.201196,405.5673581,-253.3661621,39.46901071,40.70681623,36.99339967,1460.21,935.36,124800.00 - 126199.63 | bar 1672 | 2025-10-07 00:00:00,112656.27 - 113741.37 | bar 1634 | 2025-09-30 16:00:00,,,,,,
2025-10-09 16:00:00,121906.09,122833.02,121145.49,122737.57,154.9034865,355.4345838,-200.5310973,44.10647004,41.84003417,48.6393418,1510.67,940.02,124800.00 - 126199.63 | bar 1672 | 2025-10-07 00:00:00,112656.27 - 113741.37 | bar 1634 | 2025-09-30 16:00:00,,,,,,
2025-10-09 20:00:00,122737.56,123762.94,120673.99,121147.14,28.38347494,290.024362,-261.640887,33.88075469,39.18694101,23.26838205,1653.68,953.49,124800.00 - 126199.63 | bar 1672 | 2025-10-07 00:00:00,112656.27 - 113741.37 | bar 1634 | 2025-09-30 16:00:00,,,,,,
2025-10-10 00:00:00,121147.15,121481.9,119651.47,120951.72,-86.65440846,214.6886079,-301.3430164,32.12165379,36.83184527,22.70127083,1699.66,961.18,124800.00 - 126199.63 | bar 1672 | 2025-10-07 00:00:00,112656.27 - 113741.37 | bar 1634 | 2025-09-30 16:00:00,,,,,,
2025-10-10 04:00:00,120951.72,121900,120838,121662.4,-119.103868,147.9301127,-267.0339807,36.16020006,36.60796353,35.26467312,1493.15,963.28,122794.40 - 123737.00 | bar 1685 | 2025-10-09 04:00:00,112656.27 - 113741.37 | bar 1634 | 2025-09-30 16:00:00,,,,,,
2025-10-10 08:00:00,121662.41,121874.13,120900,121026.01,-193.9360786,79.55687446,-273.492953,34.18603837,35.80065515,30.95680482,1454.93,966.03,122794.40 - 123737.00 | bar 1685 | 2025-10-09 04:00:00,112656.27 - 113741.37 | bar 1634 | 2025-09-30 16:00:00,,,,,,
2025-10-10 12:00:00,121026,121754.34,120855.41,120932.05,-257.8505902,12.07538153,-269.9259717,33.17286699,34.92472576,29.66914945,1445.25,969.28,122794.40 - 123737.00 | bar 1685 | 2025-10-09 04:00:00,112656.27 - 113741.37 | bar 1634 | 2025-09-30 16:00:00,,,,,,
2025-10-10 16:00:00,120932.05,121777.07,120916.44,121554.55,-255.3294744,-41.40558965,-213.9238847,37.54427613,35.79790922,41.03700995,1433.17,970.82,122794.40 - 123737.00 | bar 1685 | 2025-10-09 04:00:00,112656.27 - 113741.37 | bar 1634 | 2025-09-30 16:00:00,,,,,,
2025-10-10 20:00:00,121554.55,122550,118500,119018.98,-452.7121959,-123.6669109,-329.045285,28.31652683,33.30411509,18.34135032,1662.17,988.83,122794.40 - 123737.00 | bar 1685 | 2025-10-09 04:00:00,112656.27 - 113741.37 | bar 1634 | 2025-09-30 16:00:00,,,,,,
2025-10-11 00:00:00,119018.99,119456.28,115952.47,116661.5,-790.2587475,-256.9852782,-533.2734693,21.90366549,29.50396522,6.703066032,1792.72,1003.06,122794.40 - 123737.00 | bar 1685 | 2025-10-09 04:00:00,112656.27 - 113741.37 | bar 1634 | 2025-09-30 16:00:00,,,,,,
2025-10-11 04:00:00,116661.5,117214.64,102000,112774.5,-1355.786573,-476.7455372,-879.0410358,31.10526911,30.03773318,33.24034095,2758.03,1077.29,122794.40 - 123737.00 | bar 1685 | 2025-10-09 04:00:00,112656.27 - 113741.37 | bar 1634 | 2025-09-30 16:00:00,,,,,,
2025-10-11 08:00:00,112774.49,113322.39,111019.43,112300.01,-1821.264424,-745.6493145,-1075.615109,37.44408046,32.50651561,47.31921016,2773.45,1086.25,122794.40 - 123737.00 | bar 1685 | 2025-10-09 04:00:00,108620.07 - 109690.98 | bar 1610 | 2025-09-26 16:00:00,,,,,,
2025-10-11 12:00:00,112300,112991.16,110090.29,110384.61,-2317.995339,-1060.118519,-1257.87682,38.56306094,34.52536405,46.63845471,2913.32,1097.76,122794.40 - 123737.00 | bar 1685 | 2025-10-09 04:00:00,108620.07 - 109690.98 | bar 1610 | 2025-09-26 16:00:00,,,,,,
2025-10-11 16:00:00,110384.6,112359.67,110162.23,112280,-2529.556879,-1354.006191,-1175.550688,42.38348426,37.14473745,52.86097787,2936.54,1105.00,122794.40 - 123737.00 | bar 1685 | 2025-10-09 04:00:00,108620.07 - 109690.98 | bar 1610 | 2025-09-26 16:00:00,,,,,,
2025-10-11 20:00:00,112280.01,112500,111793.2,111793.2,-2705.316411,-1624.268235,-1081.048176,44.14081432,39.47676308,53.46891682,2948.51,1104.99,122794.40 - 123737.00 | bar 1685 | 2025-10-09 04:00:00,108620.07 - 109690.98 | bar 1610 | 2025-09-26 16:00:00,,,,,,
2025-10-12 00:00:00,111793.21,112185.53,110865.82,111178.31,-2861.240986,-1871.662786,-989.5782006,44.31497922,41.08950179,50.76593407,2922.24,1106.91,122794.40 - 123737.00 | bar 1685 | 2025-10-09 04:00:00,108620.07 - 109690.98 | bar 1610 | 2025-09-26 16:00:00,,,,,,
2025-10-12 04:00:00,111178.3,111368.29,109561.59,110644.4,-2993.388491,-2096.007927,-897.3805642,43.56505508,41.91468622,46.8657928,2830.65,1110.71,122794.40 - 123737.00 | bar 1685 | 2025-10-09 04:00:00,108620.07 - 109690.98 | bar 1610 | 2025-09-26 16:00:00,,,,,,
2025-10-12 08:00:00,110644.4,111368.14,109565.06,110676,-3060.289373,-2288.864216,-771.4251575,45.6104737,43.14661538,50.53819034,2828.69,1116.27,122794.40 - 123737.00 | bar 1685 | 2025-10-09 04:00:00,108620.07 - 109690.98 | bar 1610 | 2025-09-26 16:00:00,110676.00,107205.72,122794.40,,OPEN LONG,
2025-10-12 12:00:00,110676,112125.51,110617.1,111525.2,-3010.087052,-2433.108783,-576.978269,51.2754793,45.85623669,62.11396453,2860.58,1120.73,122794.40 - 123737.00 | bar 1685 | 2025-10-09 04:00:00,108620.07 - 109690.98 | bar 1610 | 2025-09-26 16:00:00,110676.00,107205.72,122794.40,,RUNNING LONG,0.77%
2025-10-12 16:00:00,111525.19,112133.33,111139.87,111848.36,-2910.672618,-2528.62155,-382.0510675,54.45212411,48.7215325,65.91330735,2861.96,1120.73,122794.40 - 123737.00 | bar 1685 | 2025-10-09 04:00:00,108620.07 - 109690.98 | bar 1610 | 2025-09-26 16:00:00,110676.00,107205.72,122794.40,111848.36,KDJ RESET EXIT,1.06%
2025-10-12 20:00:00,111848.35,113745.84,111177.75,113198.2,-2691.934213,-2561.284083,-130.6501304,65.27204004,54.23836834,87.33938344,2981.19,1125.23,122794.40 - 123737.00 | bar 1685 | 2025-10-09 04:00:00,108620.07 - 109690.98 | bar 1610 | 2025-09-26 16:00:00,,,,,,
2025-10-13 00:00:00,113198.2,114700,113198.2,114342.28,-2398.615016,-2528.750269,130.1352532,74.5274645,61.0014004,101.5795927,3026.98,1128.87,122794.40 - 123737.00 | bar 1685 | 2025-10-09 04:00:00,109561.59 - 111368.29 | bar 1703 | 2025-10-12 04:00:00,,,,,,
2025-10-13 04:00:00,114342.28,115770,114217.75,114958.8,-2092.290802,-2441.458376,349.167574,78.66292721,66.888576,102.2116296,2848.57,1125.72,122794.40 - 123737.00 | bar 1685 | 2025-10-09 04:00:00,109561.59 - 111368.29 | bar 1703 | 2025-10-12 04:00:00,,,,,,
2025-10-13 08:00:00,114958.81,115963.81,114619.45,114821.12,-1839.432448,-2321.05319,481.6207421,79.8258381,71.2009967,97.07552091,2694.33,1129.44,122794.40 - 123737.00 | bar 1685 | 2025-10-09 04:00:00,109561.59 - 111368.29 | bar 1703 | 2025-10-12 04:00:00,,,,,,
2025-10-13 12:00:00,114821.13,115554.83,114398.24,115399.67,-1574.209722,-2171.684497,597.474775,83.61334841,75.33844727,100.1631507,1690.18,1131.94,122794.40 - 123737.00 | bar 1685 | 2025-10-09 04:00:00,109561.59 - 111368.29 | bar 1703 | 2025-10-12 04:00:00,,,,,,
2025-10-13 16:00:00,115399.66,115438.17,113616.5,114180,-1445.770039,-2026.501605,580.7315663,79.78307359,76.81998938,85.709242,1655.80,1137.71,122794.40 - 123737.00 | bar 1685 | 2025-10-09 04:00:00,109561.59 - 111368.29 | bar 1703 | 2025-10-12 04:00:00,,,,,,
2025-10-13 20:00:00,114180,115530,113800.01,114312.1,-1318.126754,-1884.826635,566.6998809,76.22468862,76.62155579,75.43095429,1572.17,1140.21,122794.40 - 123737.00 | bar 1685 | 2025-10-09 04:00:00,109561.59 - 111368.29 | bar 1703 | 2025-10-12 04:00:00,,,,,,
2025-10-14 00:00:00,114312.09,115891.3,114215.79,115792.84,-1084.978234,-1724.856955,639.8787203,82.96839298,78.73716819,91.43084256,1534.89,1144.77,122794.40 - 123737.00 | bar 1685 | 2025-10-09 04:00:00,109561.59 - 111368.29 | bar 1703 | 2025-10-12 04:00:00,,,,,,
2025-10-14 04:00:00,115792.84,115868,115005.44,115166,-939.9519217,-1567.875948,627.9240265,83.08911114,80.18781584,88.89170175,1546.01,1139.02,122794.40 - 123737.00 | bar 1685 | 2025-10-09 04:00:00,109561.59 - 111368.29 | bar 1703 | 2025-10-12 04:00:00,,,,,,
2025-10-14 08:00:00,115166,115409.96,113279.76,113500,-948.5158997,-1444.003938,495.4880387,59.03027461,73.1353021,30.82021965,1603.91,1145.07,122794.40 - 123737.00 | bar 1685 | 2025-10-09 04:00:00,109561.59 - 111368.29 | bar 1703 | 2025-10-12 04:00:00,,,,,,
2025-10-14 12:00:00,113500,113691,111355.01,111724.41,-1086.058778,-1372.414906,286.3561282,42.02521692,62.76527371,0.5451033602,1641.71,1154.26,122794.40 - 123737.00 | bar 1685 | 2025-10-09 04:00:00,109561.59 - 111368.29 | bar 1703 | 2025-10-12 04:00:00,,,,,,
2025-10-14 16:00:00,111724.41,112140,110012.24,111313.98,-1214.184409,-1340.768807,126.5843977,35.30754857,53.61269866,-1.302751605,1664.90,1161.08,114619.45 - 115963.81 | bar 1710 | 2025-10-13 08:00:00,109561.59 - 111368.29 | bar 1703 | 2025-10-12 04:00:00,,,,,,
2025-10-14 20:00:00,111313.98,112943.82,109866,112900.43,-1174.176463,-1307.450338,133.2738751,40.32552431,49.18364054,22.60929184,1777.00,1173.96,114619.45 - 115963.81 | bar 1710 | 2025-10-13 08:00:00,109561.59 - 111368.29 | bar 1703 | 2025-10-12 04:00:00,,,,,,
2025-10-15 00:00:00,112900.44,113544.53,111692.31,112613.7,-1152.323326,-1276.424936,124.1016096,42.08458573,46.81728894,32.61917931,1838.34,1181.10,114619.45 - 115963.81 | bar 1710 | 2025-10-13 08:00:00,109561.59 - 111368.29 | bar 1703 | 2025-10-12 04:00:00,,,,,,
2025-10-15 04:00:00,112613.69,113577,112230.46,113028.14,-1089.009292,-1238.941807,149.9325149,45.55006992,46.3948826,43.86044455,1751.09,1181.41,114619.45 - 115963.81 | bar 1710 | 2025-10-13 08:00:00,109561.59 - 111368.29 | bar 1703 | 2025-10-12 04:00:00,,,,,,
2025-10-15 08:00:00,113028.13,113612.35,111825.93,112024.29,-1107.07312,-1212.56807,105.4949499,42.30686564,45.03221028,36.85617635,1771.42,1187.82,114619.45 - 115963.81 | bar 1710 | 2025-10-13 08:00:00,109561.59 - 111368.29 | bar 1703 | 2025-10-12 04:00:00,,,,,,
2025-10-15 12:00:00,112024.3,112680,111746.76,112584.5,-1063.920356,-1182.838527,118.9181705,43.30232229,44.45558095,40.99580496,1727.21,1186.28,114619.45 - 115963.81 | bar 1710 | 2025-10-13 08:00:00,109561.59 - 111368.29 | bar 1703 | 2025-10-12 04:00:00,,,,,,
2025-10-15 16:00:00,112584.49,113520.88,111693.26,111905.73,-1072.133657,-1160.697553,88.56389557,41.13219223,43.34778471,36.70100728,1761.72,1188.98,114619.45 - 115963.81 | bar 1710 | 2025-10-13 08:00:00,109561.59 - 111368.29 | bar 1703 | 2025-10-12 04:00:00,,,,,,
2025-10-15 20:00:00,111905.72,112238.41,110400,110798.01,-1154.715661,-1159.501175,4.785513801,35.54355299,40.74637414,25.1379107,1810.43,1195.32,114619.45 - 115963.81 | bar 1710 | 2025-10-13 08:00:00,109561.59 - 111368.29 | bar 1703 | 2025-10-12 04:00:00,,,,,,
2025-10-16 00:00:00,110798.01,111557.7,110164,111271.73,-1168.467878,-1161.294515,-7.173362795,36.20325379,39.23200069,30.14575999,1779.86,1200.37,114619.45 - 115963.81 | bar 1710 | 2025-10-13 08:00:00,109561.59 - 111368.29 | bar 1703 | 2025-10-12 04:00:00,,,,,,
2025-10-16 04:00:00,111271.73,111556.27,110500,110763.28,-1206.486648,-1170.332942,-36.15370618,32.11909545,36.86103227,22.63522179,1731.73,1201.85,114619.45 - 115963.81 | bar 1710 | 2025-10-13 08:00:00,109561.59 - 111368.29 | bar 1703 | 2025-10-12 04:00:00,,,,,,
2025-10-16 08:00:00,110763.28,111867.17,110361,111329.48,-1177.357346,-1171.737823,-5.619523658,32.67879474,35.4669531,27.10247804,1719.64,1201.20,114619.45 - 115963.81 | bar 1710 | 2025-10-13 08:00:00,109561.59 - 111368.29 | bar 1703 | 2025-10-12 04:00:00,,,,,,
2025-10-16 12:00:00,111329.48,111773.7,110553.19,110584.2,-1200.570602,-1177.504379,-23.06622331,25.84770917,32.26053845,13.02205059,1745.21,1202.91,114619.45 - 115963.81 | bar 1710 | 2025-10-13 08:00:00,109561.59 - 111368.29 | bar 1703 | 2025-10-12 04:00:00,,,,,,
2025-10-16 16:00:00,110584.21,111728.7,109635.15,111404.72,-1139.621322,-1169.927767,30.30644506,32.06275921,32.19461204,31.79905355,1742.59,1209.76,114619.45 - 115963.81 | bar 1710 | 2025-10-13 08:00:00,109561.59 - 111368.29 | bar 1703 | 2025-10-12 04:00:00,,,,,,
2025-10-16 20:00:00,111404.73,111982.45,108361.69,108549.21,-1306.671872,-1197.276588,-109.3952834,22.5867325,28.99198553,9.776226454,1834.36,1226.37,114619.45 - 115963.81 | bar 1710 | 2025-10-13 08:00:00,107255.00 - 109432.99 | bar 1459 | 2025-09-01 12:00:00,,,,,,
2025-10-17 00:00:00,108549.21,109254,107577.57,108197.66,-1450.704959,-1247.962262,-202.7426964,18.53562556,25.50653221,4.593812279,1802.12,1232.75,111825.93 - 113612.35 | bar 1722 | 2025-10-15 08:00:00,107255.00 - 109432.99 | bar 1459 | 2025-09-01 12:00:00,,,,,,
2025-10-17 04:00:00,108197.67,108500,107427,108194.28,-1547.288774,-1307.827565,-239.4612093,17.67278119,22.89528187,7.227779827,1658.92,1235.84,111825.93 - 113612.35 | bar 1722 | 2025-10-15 08:00:00,107255.00 - 109432.99 | bar 1459 | 2025-09-01 12:00:00,,,,,,
2025-10-17 08:00:00,108194.27,109240,107934.4,109176.74,-1526.954056,-1351.652863,-175.3011932,24.5851264,23.45856338,26.83825243,1619.87,1238.92,111825.93 - 113612.35 | bar 1722 | 2025-10-15 08:00:00,107255.00 - 109432.99 | bar 1459 | 2025-09-01 12:00:00,,,,,,
2025-10-17 12:00:00,109176.74,109236.01,105542.09,105633.75,-1776.252792,-1436.572849,-339.6799435,16.86448839,21.26053838,8.072388399,1787.54,1256.42,111825.93 - 113612.35 | bar 1722 | 2025-10-15 08:00:00,,,,,,,
2025-10-17 16:00:00,105633.75,106651.22,103528.23,105683.72,-1947.343907,-1538.72706,-408.6168466,19.74166708,20.75424795,17.71650535,1883.01,1269.75,111825.93 - 113612.35 | bar 1722 | 2025-10-15 08:00:00,,,,,,,
2025-10-17 20:00:00,105683.71,106852.14,104533.21,106803.53,-1969.868126,-1624.955274,-344.9128526,26.07497768,22.52782452,33.16928399,1981.99,1278.91,111825.93 - 113612.35 | bar 1722 | 2025-10-15 08:00:00,,,,,,,
2025-10-18 00:00:00,106803.52,107575.6,106071.42,106454.72,-1992.891966,-1698.542612,-294.3493539,28.92189524,24.65918143,37.44732287,1958.89,1284.35,111825.93 - 113612.35 | bar 1722 | 2025-10-15 08:00:00,,,,,,,
2025-10-18 04:00:00,106457.24,107440.02,106342.47,106431.68,-1990.057516,-1756.845593,-233.2119232,30.72899808,26.68245365,38.82208694,1905.97,1286.15,111825.93 - 113612.35 | bar 1722 | 2025-10-15 08:00:00,,,,,,,
2025-10-18 08:00:00,106431.68,107306.06,106322.2,107070.4,-1914.206052,-1788.317685,-125.8883675,41.10721356,31.49070695,60.34022679,1876.69,1288.75,111825.93 - 113612.35 | bar 1722 | 2025-10-15 08:00:00,,,,,,,
2025-10-18 12:00:00,107070.41,107499,106439.38,106665,-1865.303554,-1803.714859,-61.58869574,45.71069321,36.23070237,64.67067488,1876.93,1289.29,111825.93 - 113612.35 | bar 1722 | 2025-10-15 08:00:00,,,,,,,
2025-10-18 16:00:00,106665.01,107222,106605.93,107208.6,-1762.368508,-1795.445589,33.07708018,51.95207629,41.47116034,72.91390817,1813.36,1288.52,111825.93 - 113612.35 | bar 1722 | 2025-10-15 08:00:00,,,,,,,
2025-10-18 20:00:00,107208.61,107300,106739.33,106948.75,-1682.366196,-1772.82971,90.46351411,54.61049328,45.85093799,72.12960386,1766.22,1284.53,111825.93 - 113612.35 | bar 1722 | 2025-10-15 08:00:00,,,,,,,
2025-10-19 00:00:00,106948.75,107091.87,106484,107080.14,-1590.032804,-1736.270329,146.2375252,65.65981896,52.45389831,92.07166025,1660.10,1281.67,111825.93 - 113612.35 | bar 1722 | 2025-10-15 08:00:00,,,,,,,
2025-10-19 04:00:00,107080.14,107339.03,106851.84,107185.01,-1491.206097,-1687.257482,196.0513856,72.8271253,59.24497397,99.99142794,1436.28,1280.53,111825.93 - 113612.35 | bar 1722 | 2025-10-15 08:00:00,,,,,,,
2025-10-19 08:00:00,107185,107367.16,106734.17,107275.78,-1389.543052,-1627.714596,238.1715444,75.24059857,64.57684884,96.56809803,1361.75,1278.85,111825.93 - 113612.35 | bar 1722 | 2025-10-15 08:00:00,,,,,,,
2025-10-19 12:00:00,107275.79,107290,106558.61,106786,-1333.128039,-1568.797285,235.669246,63.29772059,64.15047276,61.59221627,1337.35,1280.48,111825.93 - 113612.35 | bar 1722 | 2025-10-15 08:00:00,,,,,,,
2025-10-19 16:00:00,106786,108260.5,106103.36,107783.47,-1194.165644,-1493.870957,299.705313,68.16047946,65.48714166,73.50715507,1398.17,1288.39,111825.93 - 113612.35 | bar 1722 | 2025-10-15 08:00:00,,,,,,,
2025-10-19 20:00:00,107783.47,108621.68,107355.02,108486.7,-1015.585127,-1398.213791,382.6286635,76.98701215,69.32043182,92.3201728,1224.79,1289.32,111825.93 - 113612.35 | bar 1722 | 2025-10-15 08:00:00,106103.36 - 108260.50 | bar 1748 | 2025-10-19 16:00:00,,,,,,
2025-10-20 00:00:00,108486.71,109450.07,108240,108908.43,-830.4557183,-1284.662176,454.2064579,79.26325723,72.63470696,92.52035778,1088.16,1291.50,111825.93 - 113612.35 | bar 1722 | 2025-10-15 08:00:00,106103.36 - 108260.50 | bar 1748 | 2025-10-19 16:00:00,,,,,,
2025-10-20 04:00:00,108908.43,109370.99,108471.1,108642.78,-697.1388798,-1167.157517,470.0186372,78.13487188,74.46809527,85.46842511,986.80,1290.15,111825.93 - 113612.35 | bar 1722 | 2025-10-15 08:00:00,106103.36 - 108260.50 | bar 1748 | 2025-10-19 16:00:00,,,,,,
2025-10-20 08:00:00,108642.77,110427.86,107402.52,110145.44,-464.8734492,-1026.700703,561.8272542,83.24634886,77.3941798,94.95068698,1095.45,1298.97,111825.93 - 113612.35 | bar 1722 | 2025-10-15 08:00:00,106103.36 - 108260.50 | bar 1748 | 2025-10-19 16:00:00,,,,,,
2025-10-20 12:00:00,110145.45,111445.67,109951.96,111169.92,-195.8765057,-860.5358638,664.6593582,87.11035763,80.63290574,100.0652614,1123.75,1304.54,111825.93 - 113612.35 | bar 1722 | 2025-10-15 08:00:00,106103.36 - 108260.50 | bar 1748 | 2025-10-19 16:00:00,,,,,,
2025-10-20 16:00:00,111169.91,111679.25,110608.27,111016.75,4.889606883,-687.4507697,692.3403766,87.44640132,82.90407093,96.53106209,1129.97,1306.37,111825.93 - 113612.35 | bar 1722 | 2025-10-15 08:00:00,106103.36 - 108260.50 | bar 1748 | 2025-10-19 16:00:00,,,,,,
2025-10-20 20:00:00,111016.75,111705.56,110588.23,111144.55,172.324144,-515.495787,687.8199309,88.29290035,84.7003474,95.47800623,1134.09,1306.32,111825.93 - 113612.35 | bar 1722 | 2025-10-15 08:00:00,106103.36 - 108260.50 | bar 1748 | 2025-10-19 16:00:00,,,,,,
2025-10-21 00:00:00,111144.55,111303.05,109855.83,110803.22,274.3126372,-357.5341021,631.8467393,86.8263047,85.40899984,89.66091444,1193.46,1308.87,111825.93 - 113612.35 | bar 1722 | 2025-10-15 08:00:00,106103.36 - 108260.50 | bar 1748 | 2025-10-19 16:00:00,,,,,,
2025-10-21 04:00:00,110803.22,111272,110418.25,110532.09,329.4634779,-220.1345861,549.5980641,82.22654531,84.34818166,77.98327261,1214.39,1307.72,111825.93 - 113612.35 | bar 1722 | 2025-10-15 08:00:00,106103.36 - 108260.50 | bar 1748 | 2025-10-19 16:00:00,,,,,,
2025-10-21 08:00:00,110532.09,110532.09,109052.09,109059.22,251.4243534,-125.8227982,377.2471516,67.6512595,78.78254094,45.38869663,1276.69,1307.05,111825.93 - 113612.35 | bar 1722 | 2025-10-15 08:00:00,106103.36 - 108260.50 | bar 1748 | 2025-10-19 16:00:00,,,,,,
2025-10-21 12:00:00,109059.23,109059.23,107473.72,108086.37,109.8110866,-78.69602126,188.5071078,50.39825731,69.32111306,12.5525458,1355.14,1306.57,111825.93 - 113612.35 | bar 1722 | 2025-10-15 08:00:00,106103.36 - 108260.50 | bar 1748 | 2025-10-19 16:00:00,,,,,,
2025-10-21 16:00:00,108086.38,108811.47,107484.22,108580.01,36.98780242,-55.55925652,92.54705895,42.72021906,60.4541484,7.252360385,1404.73,1304.19,111825.93 - 113612.35 | bar 1722 | 2025-10-15 08:00:00,106103.36 - 108260.50 | bar 1748 | 2025-10-19 16:00:00,,,,,,
2025-10-21 20:00:00,108580,113557.62,107922.06,113422.61,365.8152829,28.71565137,337.0996316,61.07376746,60.66068808,61.8999262,1755.03,1328.05,111825.93 - 113612.35 | bar 1722 | 2025-10-15 08:00:00,106103.36 - 108260.50 | bar 1748 | 2025-10-19 16:00:00,,,,,,
2025-10-22 00:00:00,113422.6,114000,111324.29,111780.39,488.2715109,120.6268233,367.6446876,62.71239839,61.34459152,65.44801214,1792.07,1339.42,111825.93 - 113612.35 | bar 1722 | 2025-10-15 08:00:00,107473.72 - 109059.23 | bar 1759 | 2025-10-21 12:00:00,,,,,,
2025-10-22 04:00:00,111780.4,111801.41,108045.81,108297.67,300.8248346,156.6664255,144.1584091,46.01663545,56.23527283,25.57936068,1969.85,1353.87,111825.93 - 113612.35 | bar 1722 | 2025-10-15 08:00:00,107473.72 - 109059.23 | bar 1759 | 2025-10-21 12:00:00,,,,,,
2025-10-22 08:00:00,108297.66,108678.21,107841.2,108216.02,144.0233095,154.1378023,-10.1144928,34.46909496,48.97988021,5.447524469,1943.20,1354.53,111825.93 - 113612.35 | bar 1722 | 2025-10-15 08:00:00,107473.72 - 109059.23 | bar 1759 | 2025-10-21 12:00:00,,,,,,
2025-10-22 12:00:00,108216.03,108638.99,107610,108321.63,27.95654988,128.9015518,-100.945002,27.31014351,41.75663464,-1.582838756,1952.43,1354.45,111825.93 - 113612.35 | bar 1722 | 2025-10-15 08:00:00,107473.72 - 109059.23 | bar 1759 | 2025-10-21 12:00:00,,,,,,
2025-10-22 16:00:00,108321.64,108358.76,106708.18,107555.05,-124.4492196,78.23139755,-202.6806172,22.07808664,35.19711864,-4.159977349,1854.23,1359.76,111825.93 - 113612.35 | bar 1722 | 2025-10-15 08:00:00,106103.36 - 108260.50 | bar 1748 | 2025-10-19 16:00:00,,,,,,
2025-10-22 20:00:00,107555.04,109163.88,107443.01,108416.5,-173.7175665,27.84160474,-201.5591712,22.52802307,30.97408678,5.635895638,1870.45,1366.04,111825.93 - 113612.35 | bar 1722 | 2025-10-15 08:00:00,107473.72 - 109059.23 | bar 1759 | 2025-10-21 12:00:00,108416.50,106538.49,111825.93,,OPEN LONG,
2025-10-23 00:00:00,108416.5,108796.42,107463.29,107870.35,-253.9059571,-28.50790763,-225.3980495,20.33134747,27.42650701,6.141028387,1889.18,1368.75,111825.93 - 113612.35 | bar 1722 | 2025-10-15 08:00:00,107473.72 - 109059.23 | bar 1759 | 2025-10-21 12:00:00,108416.50,106538.49,111825.93,,RUNNING LONG,-0.50%
2025-10-23 04:00:00,107870.35,108069.93,106666.69,107567.44,-338.0018648,-90.40669907,-247.5951657,17.64856286,24.16719229,4.611303981,1909.60,1370.44,111825.93 - 113612.35 | bar 1722 | 2025-10-15 08:00:00,106103.36 - 108260.50 | bar 1748 | 2025-10-19 16:00:00,108416.50,106538.49,111825.93,,RUNNING LONG,-0.78%
2025-10-23 08:00:00,107567.45,108720.39,107500,108377.96,-335.3802328,-139.4014058,-195.978827,19.54423332,22.62620597,13.38028802,1893.40,1371.43,111825.93 - 113612.35 | bar 1722 | 2025-10-15 08:00:00,107473.72 - 109059.23 | bar 1759 | 2025-10-21 12:00:00,108416.50,106538.49,111825.93,,RUNNING LONG,-0.04%
2025-10-23 12:00:00,108377.96,110298.29,108350.36,109269.9,-258.3523418,-163.191593,-95.16074877,29.92888489,25.06043228,39.66579011,1971.56,1378.38,111825.93 - 113612.35 | bar 1722 | 2025-10-15 08:00:00,107473.72 - 109059.23 | bar 1759 | 2025-10-21 12:00:00,108416.50,106538.49,111825.93,,RUNNING LONG,0.79%
2025-10-23 16:00:00,109269.9,109903.83,109100.4,109253.89,-196.3358193,-169.8204383,-26.51538102,43.69969864,31.27352106,68.55205379,1923.23,1380.79,111825.93 - 113612.35 | bar 1722 | 2025-10-15 08:00:00,107473.72 - 109059.23 | bar 1759 | 2025-10-21 12:00:00,108416.50,106538.49,111825.93,,RUNNING LONG,0.77%
2025-10-23 20:00:00,109253.88,110109.99,108685.72,109908.28,-93.30787922,-154.5179264,61.21004723,58.88668458,40.4779089,95.70423593,1911.71,1385.03,111825.93 - 113612.35 | bar 1722 | 2025-10-15 08:00:00,107473.72 - 109059.23 | bar 1759 | 2025-10-21 12:00:00,108416.50,106538.49,111825.93,,RUNNING LONG,1.38%
2025-10-24 00:00:00,109908.29,111293.61,109647.34,110200,11.7464656,-121.265048,133.0115136,64.71251986,48.55611256,97.02533448,1934.50,1391.74,111825.93 - 113612.35 | bar 1722 | 2025-10-15 08:00:00,107473.72 - 109059.23 | bar 1759 | 2025-10-21 12:00:00,108416.50,106538.49,111825.93,,RUNNING LONG,1.65%
2025-10-24 04:00:00,110200.01,110200.01,109341.28,110078.18,84.20230311,-80.17157781,164.3738809,67.7187924,54.9436725,93.2690322,1593.30,1394.44,111825.93 - 113612.35 | bar 1722 | 2025-10-15 08:00:00,107473.72 - 109059.23 | bar 1759 | 2025-10-21 12:00:00,108416.50,106538.49,111825.93,,RUNNING LONG,1.53%
2025-10-24 08:00:00,110078.19,110829.67,109983.93,110441.46,168.9897279,-30.33931667,199.3290446,72.34012186,60.74248896,95.53538766,1462.58,1396.77,111825.93 - 113612.35 | bar 1722 | 2025-10-15 08:00:00,107473.72 - 109059.23 | bar 1759 | 2025-10-21 12:00:00,108416.50,106538.49,111825.93,,RUNNING LONG,1.87%
2025-10-24 12:00:00,110441.46,111522.3,110332,111054.61,282.4050638,32.20955943,250.1955044,78.34943074,66.61146955,101.8253531,1279.35,1401.01,111825.93 - 113612.35 | bar 1722 | 2025-10-15 08:00:00,107473.72 - 109059.23 | bar 1759 | 2025-10-21 12:00:00,108416.50,106538.49,111825.93,,RUNNING LONG,2.43%
2025-10-24 16:00:00,111054.61,111482.99,110600,111066.29,368.9766795,99.56298345,269.4136961,81.78727184,71.67007031,102.0216749,1282.63,1403.97,111825.93 - 113612.35 | bar 1722 | 2025-10-15 08:00:00,107473.72 - 109059.23 | bar 1759 | 2025-10-21 12:00:00,108416.50,106538.49,111825.93,,RUNNING LONG,2.44%
2025-10-24 20:00:00,111066.29,112104.98,109700.01,110046.91,351.2805189,149.9064905,201.3740283,69.58673609,70.97562557,66.80895713,1380.92,1414.35,111825.93 - 113612.35 | bar 1722 | 2025-10-15 08:00:00,107473.72 - 109059.23 | bar 1759 | 2025-10-21 12:00:00,108416.50,106538.49,111825.93,110046.91,KDJ RESET EXIT,1.50%
2025-10-25 00:00:00,110046.92,110945.39,109797.13,110615.07,378.7361136,195.6724151,183.0636984,65.199808,69.05035305,57.4987179,1345.04,1417.64,111825.93 - 113612.35 | bar 1722 | 2025-10-15 08:00:00,107473.72 - 109059.23 | bar 1759 | 2025-10-21 12:00:00,,,,,,
2025-10-25 04:00:00,110615.07,111138.62,110478,111004.89,427.0275782,241.9434478,185.0841305,66.07542675,68.05871095,62.10885835,1269.31,1419.58,111825.93 - 113612.35 | bar 1722 | 2025-10-15 08:00:00,107473.72 - 109059.23 | bar 1759 | 2025-10-21 12:00:00,,,,,,
2025-10-25 08:00:00,111004.9,111226.67,110672.86,111029.99,461.9986394,285.9544861,176.0441533,64.41802822,66.84515004,59.56378459,1213.64,1420.06,111825.93 - 113612.35 | bar 1722 | 2025-10-15 08:00:00,107473.72 - 109059.23 | bar 1759 | 2025-10-21 12:00:00,,,,,,
2025-10-25 12:00:00,111029.99,111820.87,111029.99,111489.6,520.7967227,332.9229334,187.8737893,68.8565099,67.51560333,71.53832304,1169.90,1422.23,111825.93 - 113612.35 | bar 1722 | 2025-10-15 08:00:00,107473.72 - 109059.23 | bar 1759 | 2025-10-21 12:00:00,,,,,,
2025-10-25 16:00:00,111489.59,111850.13,111375.81,111563.81,566.8484778,379.7080423,187.1404355,71.736956,68.92272088,77.36542623,1116.61,1418.46,111825.93 - 113612.35 | bar 1722 | 2025-10-15 08:00:00,107473.72 - 109059.23 | bar 1759 | 2025-10-21 12:00:00,,,,,,
2025-10-25 20:00:00,111563.81,111943.19,111311.19,111385.18,582.2194144,420.2103167,162.0090977,71.18140824,69.67561667,74.19299139,1022.61,1407.37,111825.93 - 113612.35 | bar 1722 | 2025-10-15 08:00:00,107473.72 - 109059.23 | bar 1759 | 2025-10-21 12:00:00,,,,,,
2025-10-26 00:00:00,111385.18,111731.78,111164.39,111623.45,606.6344853,457.4951504,149.1393349,74.11350977,71.15491437,80.03070057,1005.75,1406.19,111825.93 - 113612.35 | bar 1722 | 2025-10-15 08:00:00,107473.72 - 109059.23 | bar 1759 | 2025-10-21 12:00:00,,,,,,
2025-10-26 04:00:00,111623.46,111683.64,111342.25,111646.27,620.6702875,490.1301779,130.5401097,76.38453358,72.89812077,83.3573592,928.40,1402.64,111825.93 - 113612.35 | bar 1722 | 2025-10-15 08:00:00,107473.72 - 109059.23 | bar 1759 | 2025-10-21 12:00:00,,,,,,
2025-10-26 08:00:00,111646.27,111899.56,111260.45,111260.46,593.8169669,510.8675357,82.9494312,73.65196131,73.14940095,74.65708203,856.46,1401.07,111825.93 - 113612.35 | bar 1722 | 2025-10-15 08:00:00,107473.72 - 109059.23 | bar 1759 | 2025-10-21 12:00:00,,,,,,
2025-10-26 12:00:00,111260.46,111724.96,111260.46,111723.98,602.9868499,529.2913985,73.69545141,77.44757435,74.58212542,83.17847221,828.31,1398.38,111825.93 - 113612.35 | bar 1722 | 2025-10-15 08:00:00,107473.72 - 109059.23 | bar 1759 | 2025-10-21 12:00:00,,,,,,
2025-10-26 16:00:00,111723.98,113466.23,111708.63,113286.09,727.9123497,569.0155888,158.896761,82.81543578,77.3265622,93.79318293,893.44,1400.40,111825.93 - 113612.35 | bar 1722 | 2025-10-15 08:00:00,107473.72 - 109059.23 | bar 1759 | 2025-10-21 12:00:00,,,,,,
2025-10-26 20:00:00,113286.09,114000,113279.85,113694.97,850.1103641,625.2345438,224.8758203,85.12017859,79.92443433,95.5116671,859.86,1397.81,114619.45 - 115963.81 | bar 1710 | 2025-10-13 08:00:00,109700.01 - 112104.98 | bar 1779 | 2025-10-24 20:00:00,,,,,,
2025-10-27 00:00:00,113694.97,113793.93,113290.62,113585.99,927.4681206,685.6812592,241.7868614,85.21332379,81.68739749,92.2651764,832.74,1397.33,114619.45 - 115963.81 | bar 1710 | 2025-10-13 08:00:00,109700.01 - 112104.98 | bar 1779 | 2025-10-24 20:00:00,,,,,,
2025-10-27 04:00:00,113585.98,115466.8,112901,114559.4,1055.157552,759.5765178,295.5810345,83.1120475,82.16228082,85.01158085,844.22,1406.19,114619.45 - 115963.81 | bar 1710 | 2025-10-13 08:00:00,109700.01 - 112104.98 | bar 1779 | 2025-10-24 20:00:00,,,,,,
2025-10-27 08:00:00,114559.41,115445.39,114362.26,114958.51,1175.012377,842.6636897,332.3486874,84.80333957,83.04263374,88.32475122,839.57,1404.52,114619.45 - 115963.81 | bar 1710 | 2025-10-13 08:00:00,109700.01 - 112104.98 | bar 1779 | 2025-10-24 20:00:00,,,,,,
2025-10-27 12:00:00,114958.52,116400,114938.01,115554.6,1303.076614,934.7462746,368.3303399,84.38592274,83.49039674,86.17697476,896.81,1408.02,114619.45 - 115963.81 | bar 1710 | 2025-10-13 08:00:00,109700.01 - 112104.98 | bar 1779 | 2025-10-24 20:00:00,,,,,,
2025-10-27 16:00:00,115554.59,115607.48,114814.69,115362.02,1373.19946,1022.436912,350.7625484,82.85863798,83.27981049,82.01629297,913.88,1407.90,114619.45 - 115963.81 | bar 1710 | 2025-10-13 08:00:00,109700.01 - 112104.98 | bar 1779 | 2025-10-24 20:00:00,,,,,,
2025-10-27 20:00:00,115362.02,115437.48,114503.99,114969.68,1381.192237,1094.187977,287.0042603,79.29584934,81.95182344,73.98390113,924.07,1403.88,114619.45 - 115963.81 | bar 1710 | 2025-10-13 08:00:00,109700.01 - 112104.98 | bar 1779 | 2025-10-24 20:00:00,,,,,,
2025-10-28 00:00:00,114969.68,115790,114790.81,114942.64,1369.557265,1149.261834,220.2954304,75.84233301,79.91532663,67.69634577,961.56,1405.09,114619.45 - 115963.81 | bar 1710 | 2025-10-13 08:00:00,109700.01 - 112104.98 | bar 1779 | 2025-10-24 20:00:00,,,,,,
2025-10-28 04:00:00,114942.64,114942.64,113830.01,114107.65,1278.225167,1175.054501,103.1706658,62.05674444,73.9624659,38.24530152,995.89,1405.25,114619.45 - 115963.81 | bar 1710 | 2025-10-13 08:00:00,109700.01 - 112104.98 | bar 1779 | 2025-10-24 20:00:00,,,,,,
2025-10-28 08:00:00,114107.65,114547.2,113569.91,113908.24,1176.19466,1175.282533,0.912127709,50.96666644,66.29719941,20.30560049,1025.17,1406.25,114619.45 - 115963.81 | bar 1710 | 2025-10-13 08:00:00,109700.01 - 112104.98 | bar 1779 | 2025-10-24 20:00:00,,,,,,
2025-10-28 12:00:00,113908.25,114364.99,113483.3,114188.37,1105.198855,1161.265797,-56.06694246,46.24194834,59.61211572,19.50161358,1063.76,1408.44,114619.45 - 115963.81 | bar 1710 | 2025-10-13 08:00:00,109700.01 - 112104.98 | bar 1779 | 2025-10-24 20:00:00,,,,,,
2025-10-28 16:00:00,114188.38,114673.68,114113.3,114357.73,1050.490701,1139.110778,-88.62007707,40.82133706,53.34852284,15.76696552,1058.14,1404.77,114619.45 - 115963.81 | bar 1710 | 2025-10-13 08:00:00,109700.01 - 112104.98 | bar 1779 | 2025-10-24 20:00:00,,,,,,
2025-10-28 20:00:00,114357.72,116086,114138.06,114641.38,1018.284134,1114.945449,-96.66131549,40.44927345,49.04877304,23.25027427,1164.10,1408.69,114619.45 - 115963.81 | bar 1710 | 2025-10-13 08:00:00,109700.01 - 112104.98 | bar 1779 | 2025-10-24 20:00:00,,,,,,
2025-10-29 00:00:00,114641.38,115591.41,113566.44,113689.99,905.5523314,1073.066825,-167.5144941,29.61330516,42.57028375,3.699347988,1183.20,1414.00,114619.45 - 115963.81 | bar 1710 | 2025-10-13 08:00:00,109700.01 - 112104.98 | bar 1779 | 2025-10-24 20:00:00,,,,,,
2025-10-29 04:00:00,113689,113703.32,112211,112898.45,743.7672177,1007.206904,-263.4396862,25.65575183,36.93210644,3.103042601,1238.35,1415.96,114619.45 - 115963.81 | bar 1710 | 2025-10-13 08:00:00,109700.01 - 112104.98 | bar 1779 | 2025-10-24 20:00:00,,,,,,
2025-10-29 08:00:00,112898.44,112975.75,112100,112523.49,578.6251803,921.4905592,-342.8653789,20.64531306,31.50317531,-1.070411448,1264.95,1405.14,114619.45 - 115963.81 | bar 1710 | 2025-10-13 08:00:00,109700.01 - 112104.98 | bar 1779 | 2025-10-24 20:00:00,,,,,,
2025-10-29 12:00:00,112523.49,113577.9,112505.58,113577.9,526.7588526,842.5442179,-315.7853653,26.12263219,29.70966094,18.94857469,1158.28,1405.89,114619.45 - 115963.81 | bar 1710 | 2025-10-13 08:00:00,109700.01 - 112104.98 | bar 1779 | 2025-10-24 20:00:00,,,,,,
2025-10-29 16:00:00,113577.9,113624.12,112732.91,113132.36,444.5782386,762.951022,-318.3727834,26.04830438,28.48920875,21.16649564,1144.57,1405.40,114619.45 - 115963.81 | bar 1710 | 2025-10-13 08:00:00,109700.01 - 112104.98 | bar 1779 | 2025-10-24 20:00:00,,,,,,
2025-10-29 20:00:00,113132.35,113643.73,111401.5,111509.74,245.6855269,659.497923,-413.8123961,18.13573585,25.03805112,4.331105311,1200.30,1413.05,114619.45 - 115963.81 | bar 1710 | 2025-10-13 08:00:00,109700.01 - 112104.98 | bar 1779 | 2025-10-24 20:00:00,,,,,,
2025-10-30 00:00:00,111509.74,112030.23,109200,110640,17.67710005,531.1337584,-513.4566584,19.06115568,23.04575264,11.09196177,1345.83,1421.85,114619.45 - 115963.81 | bar 1710 | 2025-10-13 08:00:00,109700.01 - 112104.98 | bar 1779 | 2025-10-24 20:00:00,,,,,,
2025-10-30 04:00:00,110640,111800,109733.22,110021.29,-210.5192127,382.8031642,-593.3223769,16.6830882,20.92486449,8.199535618,1426.78,1427.11,114619.45 - 115963.81 | bar 1710 | 2025-10-13 08:00:00,109700.01 - 112104.98 | bar 1779 | 2025-10-24 20:00:00,,,,,,
2025-10-30 08:00:00,110021.3,111011.99,109703.43,110751.47,-328.6584411,240.5108431,-569.1692842,19.21349194,20.35440698,16.93166186,1448.88,1427.29,114619.45 - 115963.81 | bar 1710 | 2025-10-13 08:00:00,109700.01 - 112104.98 | bar 1779 | 2025-10-24 20:00:00,110751.47,108975.57,114619.45,,OPEN LONG,
2025-10-30 12:00:00,110751.48,111592,107925.06,111366.72,-368.3924982,118.7301749,-487.1226731,32.66306834,24.4572941,49.07461683,1631.33,1442.62,114619.45 - 115963.81 | bar 1710 | 2025-10-13 08:00:00,109700.01 - 112104.98 | bar 1779 | 2025-10-24 20:00:00,110751.47,108975.57,114619.45,,RUNNING LONG,0.56%
2025-10-30 16:00:00,111366.72,111467.01,109692.3,109717.29,-526.9034262,-10.39654534,-516.5068808,32.2220387,27.0455423,42.57503149,1688.29,1449.40,114619.45 - 115963.81 | bar 1710 | 2025-10-13 08:00:00,109700.01 - 112104.98 | bar 1779 | 2025-10-24 20:00:00,110751.47,108975.57,114619.45,,RUNNING LONG,-0.93%
2025-10-30 20:00:00,109717.19,109777.93,107328,107711.56,-805.0895557,-169.3351474,-635.7544083,23.50572264,25.86560241,18.78596309,1800.30,1459.60,114619.45 - 115963.81 | bar 1710 | 2025-10-13 08:00:00,106103.36 - 108260.50 | bar 1748 | 2025-10-19 16:00:00,110751.47,108975.57,114619.45,107711.56,KDJ RESET EXIT,-2.74%
2025-10-31 00:00:00,107711.56,108214.85,106304.34,106536.39,-1107.612597,-356.9906373,-750.6219595,16.72438406,22.81852963,4.536092921,1896.74,1467.08,114619.45 - 115963.81 | bar 1710 | 2025-10-13 08:00:00,106103.36 - 108260.50 | bar 1748 | 2025-10-19 16:00:00,,,,,,
2025-10-31 04:00:00,106536.39,108334.53,106316.17,108322.88,-1189.497685,-523.4920468,-666.005638,20.31719958,21.98475294,16.98209285,1901.77,1475.75,114619.45 - 115963.81 | bar 1710 | 2025-10-13 08:00:00,106103.36 - 108260.50 | bar 1748 | 2025-10-19 16:00:00,108322.88,105152.47,114619.45,,OPEN LONG,
2025-10-31 08:00:00,108322.87,110042.16,108275.28,109227.86,-1167.905002,-652.3746379,-515.5303645,30.56410443,24.84453677,42.00323975,1883.34,1483.60,114619.45 - 115963.81 | bar 1710 | 2025-10-13 08:00:00,106103.36 - 108260.50 | bar 1748 | 2025-10-19 16:00:00,108322.88,105152.47,114619.45,,RUNNING LONG,0.84%
2025-10-31 12:00:00,109227.87,110215,109114.88,109449.31,-1120.012673,-745.9022449,-374.1104279,39.45154615,29.7135399,58.92755865,1855.32,1487.42,114619.45 - 115963.81 | bar 1710 | 2025-10-13 08:00:00,106103.36 - 108260.50 | bar 1748 | 2025-10-19 16:00:00,108322.88,105152.47,114619.45,,RUNNING LONG,1.04%
2025-10-31 16:00:00,109449.32,110550,109214.13,110415.61,-992.6427546,-795.2503468,-197.3924077,52.21841829,37.21516603,82.22492282,1888.19,1491.78,114619.45 - 115963.81 | bar 1710 | 2025-10-13 08:00:00,106103.36 - 108260.50 | bar 1748 | 2025-10-19 16:00:00,108322.88,105152.47,114619.45,,RUNNING LONG,1.93%
2025-10-31 20:00:00,110415.62,111190,109366.91,110202.9,-898.507659,-815.9018093,-82.60584972,59.38874558,44.60635921,88.95351831,1941.82,1499.51,114619.45 - 115963.81 | bar 1710 | 2025-10-13 08:00:00,106103.36 - 108260.50 | bar 1748 | 2025-10-19 16:00:00,108322.88,105152.47,114619.45,,RUNNING LONG,1.74%
2025-11-01 00:00:00,110202.9,110300,108635,109828.78,-844.3600182,-821.5934511,-22.76656714,62.34842244,50.52038029,86.00450675,1997.09,1506.16,114619.45 - 115963.81 | bar 1710 | 2025-10-13 08:00:00,106103.36 - 108260.50 | bar 1748 | 2025-10-19 16:00:00,108322.88,105152.47,114619.45,,RUNNING LONG,1.39%
2025-11-01 04:00:00,109828.78,109828.79,109329.15,109608.01,-809.9255986,-819.2598806,9.334281996,64.10552427,55.04876162,82.21904959,1872.62,1504.42,114619.45 - 115963.81 | bar 1710 | 2025-10-13 08:00:00,106103.36 - 108260.50 | bar 1748 | 2025-10-19 16:00:00,108322.88,105152.47,114619.45,,RUNNING LONG,1.19%
2025-11-01 08:00:00,109608.01,110315.54,109394.81,110226.37,-724.3892801,-800.2857605,75.8964804,69.49580278,59.86444201,88.75852433,1736.22,1507.10,114619.45 - 115963.81 | bar 1710 | 2025-10-13 08:00:00,106103.36 - 108260.50 | bar 1748 | 2025-10-19 16:00:00,108322.88,105152.47,114619.45,,RUNNING LONG,1.76%
2025-11-01 12:00:00,110226.38,110564.49,109933.86,110071.4,-661.4807766,-772.5247637,111.0439871,72.01348542,63.91412314,88.21220997,1633.64,1499.97,114619.45 - 115963.81 | bar 1710 | 2025-10-13 08:00:00,106103.36 - 108260.50 | bar 1748 | 2025-10-19 16:00:00,108322.88,105152.47,114619.45,,RUNNING LONG,1.61%
2025-11-01 16:00:00,110071.4,110270.9,109854.72,110137.59,-599.3751312,-737.8948372,138.519706,69.30674787,65.71166472,76.49691417,1569.90,1498.44,114619.45 - 115963.81 | bar 1710 | 2025-10-13 08:00:00,106103.36 - 108260.50 | bar 1748 | 2025-10-19 16:00:00,108322.88,105152.47,114619.45,,RUNNING LONG,1.68%
2025-11-01 20:00:00,110137.59,110348,109702.66,110310.65,-530.08102,-696.3320738,166.2510538,68.06555533,66.49629492,71.20407615,1354.07,1499.95,114619.45 - 115963.81 | bar 1710 | 2025-10-13 08:00:00,106103.36 - 108260.50 | bar 1748 | 2025-10-19 16:00:00,108322.88,105152.47,114619.45,,RUNNING LONG,1.83%
2025-11-02 00:00:00,110310.65,110529.99,110192,110299.99,-470.600323,-651.1857236,180.5854006,67.09901993,66.69720326,67.90265327,1251.45,1498.86,114619.45 - 115963.81 | bar 1710 | 2025-10-13 08:00:00,106103.36 - 108260.50 | bar 1748 | 2025-10-19 16:00:00,108322.88,105152.47,114619.45,,RUNNING LONG,1.83%
2025-11-02 04:00:00,110300,110516.17,109858.44,110098.1,-434.7408558,-607.89675,173.1558942,63.82074257,65.73838303,59.98546166,1123.43,1490.50,114619.45 - 115963.81 | bar 1710 | 2025-10-13 08:00:00,106103.36 - 108260.50 | bar 1748 | 2025-10-19 16:00:00,108322.88,105152.47,114619.45,,RUNNING LONG,1.64%
2025-11-02 08:00:00,110098.1,110263.91,109879.39,110053.23,-405.2708932,-567.3715787,162.1006855,67.04810929,66.17495845,68.79441097,1014.43,1487.72,114619.45 - 115963.81 | bar 1710 | 2025-10-13 08:00:00,106103.36 - 108260.50 | bar 1748 | 2025-10-19 16:00:00,108322.88,105152.47,114619.45,,RUNNING LONG,1.60%
2025-11-02 12:00:00,110053.22,111045.09,110030.06,110895.53,-310.3713966,-515.9715422,205.6001457,75.12676537,69.15889409,87.06250793,942.77,1490.89,114619.45 - 115963.81 | bar 1710 | 2025-10-13 08:00:00,106103.36 - 108260.50 | bar 1748 | 2025-10-19 16:00:00,108322.88,105152.47,114619.45,,RUNNING LONG,2.38%
2025-11-02 16:00:00,110895.53,111229.78,110346.15,111196.99,-208.434852,-454.4642042,246.0293522,82.82219351,73.71332723,101.0399261,879.68,1491.55,114619.45 - 115963.81 | bar 1710 | 2025-10-13 08:00:00,106103.36 - 108260.50 | bar 1748 | 2025-10-19 16:00:00,108322.88,105152.47,114619.45,,RUNNING LONG,2.65%
2025-11-02 20:00:00,111196.99,111250.01,110096.32,110117.48,-212.3094697,-406.0332573,193.7237876,64.15093381,70.52586276,51.4010759,883.50,1493.36,114619.45 - 115963.81 | bar 1710 | 2025-10-13 08:00:00,106103.36 - 108260.50 | bar 1748 | 2025-10-19 16:00:00,108322.88,105152.47,114619.45,,RUNNING LONG,1.66%
2025-11-03 00:00:00,110117.49,110331,109735.59,110180.84,-207.8712988,-366.4008656,158.5295668,53.06834154,64.70668902,29.79164659,830.61,1490.91,114619.45 - 115963.81 | bar 1710 | 2025-10-13 08:00:00,106103.36 - 108260.50 | bar 1748 | 2025-10-19 16:00:00,108322.88,105152.47,114619.45,110180.84,KDJ RESET EXIT,1.72%
2025-11-03 04:00:00,110180.85,110742.26,109471.34,110540.68,-173.3200105,-327.7846946,154.4646841,55.41896175,61.61077993,43.0353254,791.17,1493.21,114619.45 - 115963.81 | bar 1710 | 2025-10-13 08:00:00,106103.36 - 108260.50 | bar 1748 | 2025-10-19 16:00:00,,,,,,
2025-11-03 08:00:00,110540.69,110750,107907.44,107937.45,-351.9398272,-332.6157211,-19.32410611,37.24524522,53.48893503,4.757865612,875.29,1498.61,114619.45 - 115963.81 | bar 1710 | 2025-10-13 08:00:00,106103.36 - 108260.50 | bar 1748 | 2025-10-19 16:00:00,,,,,,
2025-11-03 12:00:00,107937.45,108075,107006.05,107468.23,-525.3040731,-371.1533915,-154.1506816,28.46026367,45.14604457,-4.911298137,915.95,1499.01,110096.32 - 111250.01 | bar 1833 | 2025-11-02 20:00:00,106103.36 - 108260.50 | bar 1748 | 2025-10-19 16:00:00,,,,,,
2025-11-03 16:00:00,107468.23,107920.92,106726.63,107787.42,-629.6819401,-422.8591012,-206.8228388,26.79059869,39.02756261,2.316670854,935.49,1502.05,110096.32 - 111250.01 | bar 1833 | 2025-11-02 20:00:00,106103.36 - 108260.50 | bar 1748 | 2025-10-19 16:00:00,,,,,,
2025-11-03 20:00:00,107787.42,108333,105511,105745.71,-867.1550616,-511.7182933,-355.4367683,19.22364238,32.42625587,-7.181584591,1092.02,1513.22,110096.32 - 111250.01 | bar 1833 | 2025-11-02 20:00:00,104533.21 - 106852.14 | bar 1737 | 2025-10-17 20:00:00,,,,,,
2025-11-04 00:00:00,105745.71,107783.2,105306.56,107090,-936.0905835,-596.5927513,-339.4978321,22.818033,29.22351491,10.00706917,1239.19,1514.04,110096.32 - 111250.01 | bar 1833 | 2025-11-02 20:00:00,104533.21 - 106852.14 | bar 1737 | 2025-10-17 20:00:00,,,,,,
2025-11-04 04:00:00,107090,107169.68,105755.59,106583.04,-1019.87345,-681.2488911,-338.624559,22.37105141,26.93936041,13.2344334,1294.10,1514.68,110096.32 - 111250.01 | bar 1833 | 2025-11-02 20:00:00,104533.21 - 106852.14 | bar 1737 | 2025-10-17 20:00:00,,,,,,
2025-11-04 08:00:00,106583.05,107298.74,105852.37,107158.79,-1027.964033,-750.5919194,-277.3721133,26.25631048,26.7116771,25.34557724,1373.27,1514.54,110096.32 - 111250.01 | bar 1833 | 2025-11-02 20:00:00,104533.21 - 106852.14 | bar 1737 | 2025-10-17 20:00:00,,,,,,
2025-11-04 12:00:00,107158.79,107299,104200,104490.72,-1235.425611,-847.5586578,-387.8669536,18.98369808,24.13568409,8.679726053,1547.65,1522.61,110096.32 - 111250.01 | bar 1833 | 2025-11-02 20:00:00,,,,,,,
2025-11-04 16:00:00,104490.73,104699.07,103605,104584.76,-1376.386044,-953.324135,-423.0619086,17.2266408,21.83266966,8.014583077,1598.33,1522.63,110096.32 - 111250.01 | bar 1833 | 2025-11-02 20:00:00,,,,,,,
2025-11-04 20:00:00,104584.75,104842.63,102915.05,103197.01,-1581.843521,-1079.028012,-502.815509,13.21915466,18.961498,1.734468002,1663.51,1529.01,110096.32 - 111250.01 | bar 1833 | 2025-11-02 20:00:00,,,,,,,
2025-11-05 00:00:00,103197.02,103500.05,100010.73,100542.64,-1936.532388,-1250.528887,-686.0035007,10.94323819,16.28874473,0.2522251065,1849.63,1543.60,110096.32 - 111250.01 | bar 1833 | 2025-11-02 20:00:00,,,,,,,
2025-11-05 04:00:00,100542.64,101893.09,98944.36,101497.22,-2116.204949,-1423.6641,-692.5408492,16.35914068,16.31221004,16.45300194,1977.85,1551.37,110096.32 - 111250.01 | bar 1833 | 2025-11-02 20:00:00,,,,,,,
2025-11-05 08:00:00,101497.23,102272.23,98966.8,102130,-2182.379577,-1575.407195,-606.9723818,22.91988745,18.51476918,31.73012399,2171.42,1559.59,110096.32 - 111250.01 | bar 1833 | 2025-11-02 20:00:00,,,,,,,
2025-11-05 12:00:00,102130,102370,101500,101993.02,-2220.282552,-1704.382267,-515.9002858,27.44346523,21.49100119,39.34839329,2142.79,1559.73,110096.32 - 111250.01 | bar 1833 | 2025-11-02 20:00:00,,,,,,,
2025-11-05 16:00:00,101993.03,102203.48,101176.47,102070.61,-2218.486735,-1807.20316,-411.2835746,30.76875224,24.58358488,43.13908697,2013.11,1561.21,110096.32 - 111250.01 | bar 1833 | 2025-11-02 20:00:00,,,,,,,
2025-11-05 20:00:00,102070.62,103798.37,101916.77,103728.3,-2059.560476,-1857.674623,-201.8858528,39.59945996,29.58887657,59.62062673,2071.15,1567.05,110096.32 - 111250.01 | bar 1833 | 2025-11-02 20:00:00,,,,,,,
2025-11-06 00:00:00,103728.3,104529.41,103057.56,104008.09,-1889.255396,-1863.990778,-25.2646184,55.01667514,38.06480943,88.92040656,2090.98,1568.07,110096.32 - 111250.01 | bar 1833 | 2025-11-02 20:00:00,,,,,,,
2025-11-06 04:00:00,104008.09,104534.74,103305.05,103885.16,-1744.101896,-1840.013002,95.91110536,64.60009511,46.90990465,99.98047602,1977.24,1561.80,110096.32 - 111250.01 | bar 1833 | 2025-11-02 20:00:00,,,,,,,
2025-11-06 08:00:00,103885.16,103933.33,102716.26,103636.03,-1630.375457,-1798.085493,167.7100355,71.04139369,54.95373433,103.2167124,1887.27,1555.74,110096.32 - 111250.01 | bar 1833 | 2025-11-02 20:00:00,,,,,,,
2025-11-06 12:00:00,103636.92,104200,102910.66,103185.48,-1558.63508,-1750.19541,191.5603306,72.64913255,60.85220041,96.24299685,1878.36,1558.51,110096.32 - 111250.01 | bar 1833 | 2025-11-02 20:00:00,,,,,,,
2025-11-06 16:00:00,103184.75,103440,102651.63,103227.58,-1481.307603,-1696.417849,215.1102455,73.94057301,65.21499127,91.39173648,1831.36,1559.24,110096.32 - 111250.01 | bar 1833 | 2025-11-02 20:00:00,,,,,,,
2025-11-06 20:00:00,103227.59,103626.46,101630,102014.48,-1500.61391,-1657.257061,156.6431512,57.61158932,62.68052396,47.47372006,1752.61,1566.32,110096.32 - 111250.01 | bar 1833 | 2025-11-02 20:00:00,,,,,,,
2025-11-07 00:00:00,102014.49,102393.51,100300.95,101388.81,-1548.549917,-1635.515632,86.96571487,46.97262906,57.44455899,26.02876919,1823.93,1573.90,110096.32 - 111250.01 | bar 1833 | 2025-11-02 20:00:00,,,,,,,
2025-11-07 04:00:00,101388.82,101643.28,100541.17,101346.04,-1571.871178,-1622.786741,50.91556354,39.54325355,51.47745718,15.6748463,1764.97,1575.36,110096.32 - 111250.01 | bar 1833 | 2025-11-02 20:00:00,,,,,,,
2025-11-07 08:00:00,101346.04,102500,100749.94,101916.29,-1526.73973,-1603.577339,76.83760887,39.08000971,47.34497469,22.55007975,1640.73,1581.83,110096.32 - 111250.01 | bar 1833 | 2025-11-02 20:00:00,,,,,,,
2025-11-07 12:00:00,101916.3,102527,101582.92,102010,-1466.506149,-1576.163101,109.656952,39.50897491,44.73297476,29.0609752,1497.54,1583.86,110096.32 - 111250.01 | bar 1833 | 2025-11-02 20:00:00,,,,,,,
2025-11-07 16:00:00,102009.99,102050,99803.58,100411.89,-1530.086835,-1566.947848,36.86101331,30.95147832,40.13914261,12.57614973,1421.90,1583.96,110096.32 - 111250.01 | bar 1833 | 2025-11-02 20:00:00,,,,,,,
2025-11-07 20:00:00,100411.89,101253.99,99260.86,100797.95,-1531.667066,-1559.891691,28.22462569,31.00785219,37.09537914,18.8327983,1502.12,1584.05,110096.32 - 111250.01 | bar 1833 | 2025-11-02 20:00:00,,,,,,,
2025-11-08 00:00:00,100797.95,103395.25,100517.06,103395.25,-1308.25822,-1509.564997,201.3067768,52.23984172,42.14353333,72.4324585,1634.35,1586.85,110096.32 - 111250.01 | bar 1833 | 2025-11-02 20:00:00,,,,,,,
2025-11-08 04:00:00,103395.92,104096.36,102958,103339.08,-1122.794673,-1432.210932,309.4162598,62.93961392,49.07556019,90.66772136,1581.26,1588.60,110096.32 - 111250.01 | bar 1833 | 2025-11-02 20:00:00,,,,,,,
2025-11-08 08:00:00,103339.09,103406.22,102539.49,102592.76,-1024.228592,-1350.614464,326.3858725,64.92806716,54.35972918,86.0647431,1538.04,1587.12,110096.32 - 111250.01 | bar 1833 | 2025-11-02 20:00:00,,,,,,,
2025-11-08 12:00:00,102592.76,102836,101902.64,102352.96,-954.4616783,-1271.383907,316.9222287,64.60065057,57.77336964,78.25521242,1516.87,1586.41,110096.32 - 111250.01 | bar 1833 | 2025-11-02 20:00:00,,,,,,,
2025-11-08 16:00:00,102352.96,102687.72,101715.76,101857.1,-928.4797185,-1202.803069,274.3233508,60.964181,58.83697343,65.21859614,1499.37,1584.90,110096.32 - 111250.01 | bar 1833 | 2025-11-02 20:00:00,,,,,,,
2025-11-08 20:00:00,101857.1,102186.99,101454,101711.45,-909.1613201,-1144.074719,234.9133993,57.53583528,58.40326071,55.80098441,1459.63,1584.14,110096.32 - 111250.01 | bar 1833 | 2025-11-02 20:00:00,,,,,,,
2025-11-09 00:00:00,101711.46,102219.39,101522.08,101989.65,-861.4724175,-1087.554259,226.0818416,57.16803246,57.99151796,55.52106147,1453.12,1581.92,110096.32 - 111250.01 | bar 1833 | 2025-11-02 20:00:00,,,,,,,
2025-11-09 04:00:00,101989.65,102482.2,101957.94,102312.94,-788.502452,-1027.743898,239.2414457,59.15141778,58.37815123,60.69795086,1347.97,1578.39,110096.32 - 111250.01 | bar 1833 | 2025-11-02 20:00:00,,,,,,,
2025-11-09 08:00:00,102312.95,102337.89,101400,101662.05,-774.2693172,-977.0489816,202.7796644,50.09735044,55.6178843,39.05628272,1265.49,1576.08,110096.32 - 111250.01 | bar 1833 | 2025-11-02 20:00:00,,,,,,,
2025-11-09 12:00:00,101662.05,102130.61,101635.96,101944.59,-731.7556153,-927.9903083,196.234693,40.13064325,50.45547062,19.4809885,1222.10,1573.44,110096.32 - 111250.01 | bar 1833 | 2025-11-02 20:00:00,,,,,,,
2025-11-09 16:00:00,101944.6,102307.68,101500,102239.41,-666.5896596,-875.7101786,209.120519,40.70055431,47.20383185,27.69399923,1154.79,1572.57,110096.32 - 111250.01 | bar 1833 | 2025-11-02 20:00:00,,,,,,,
2025-11-09 20:00:00,102239.41,104168,102050.64,103762.17,-486.4635158,-797.860846,311.3973302,55.57987339,49.9958457,66.74792878,1238.59,1577.72,110096.32 - 111250.01 | bar 1833 | 2025-11-02 20:00:00,,,,,,,
2025-11-10 00:00:00,103762.18,104805.57,103316.23,104805.57,-256.5611123,-689.6008993,433.0397869,70.38658226,56.79275788,97.57423102,1184.52,1579.24,110096.32 - 111250.01 | bar 1833 | 2025-11-02 20:00:00,101400.00 - 102337.89 | bar 1872 | 2025-11-09 08:00:00,,,,,,
2025-11-10 04:00:00,104805.57,105495.62,104058.59,104722.96,-80.10434484,-567.7015884,487.5972435,73.96921492,62.51824356,96.87115764,1144.79,1566.66,110096.32 - 111250.01 | bar 1833 | 2025-11-02 20:00:00,101400.00 - 102337.89 | bar 1872 | 2025-11-09 08:00:00,,,,,,
2025-11-10 08:00:00,104722.95,106670.11,104265.02,106027.97,163.1614912,-421.5289725,584.6904636,78.58462148,67.87370287,100.0064587,1111.00,1571.14,110096.32 - 111250.01 | bar 1833 | 2025-11-02 20:00:00,101400.00 - 102337.89 | bar 1872 | 2025-11-09 08:00:00,,,,,,
2025-11-10 12:00:00,106027.97,106539.4,105846.26,106461.45,386.4745936,-259.9282593,646.4028528,84.40331094,73.38357223,106.4427884,1079.20,1569.43,110096.32 - 111250.01 | bar 1833 | 2025-11-02 20:00:00,101400.00 - 102337.89 | bar 1872 | 2025-11-09 08:00:00,,,,,,
2025-11-10 16:00:00,106461.46,106599.47,105836,106176.5,534.2996784,-101.0826717,635.3823502,86.48013457,77.74909301,103.9422177,1071.82,1568.10,110096.32 - 111250.01 | bar 1833 | 2025-11-02 20:00:00,101400.00 - 102337.89 | bar 1872 | 2025-11-09 08:00:00,,,,,,
2025-11-10 20:00:00,106176.5,106589.89,104667,105079.99,556.5572842,30.44531946,526.1119647,80.73475014,78.74431205,84.71562631,1142.50,1573.49,110096.32 - 111250.01 | bar 1833 | 2025-11-02 20:00:00,101400.00 - 102337.89 | bar 1872 | 2025-11-09 08:00:00,,,,,,
2025-11-11 00:00:00,105079.99,106094.31,104784.36,105817.99,626.524841,149.6612238,476.8636172,81.66261311,79.71707907,85.5536812,1166.65,1571.66,110096.32 - 111250.01 | bar 1833 | 2025-11-02 20:00:00,101400.00 - 102337.89 | bar 1872 | 2025-11-09 08:00:00,,,,,,
2025-11-11 04:00:00,105818,106299.22,105280,106011.13,689.6100227,257.6509836,431.9590391,83.01998446,80.81804753,87.42385831,1187.09,1568.26,110096.32 - 111250.01 | bar 1833 | 2025-11-02 20:00:00,101400.00 - 102337.89 | bar 1872 | 2025-11-09 08:00:00,,,,,,
2025-11-11 08:00:00,106011.13,107500,105500,106456,766.6651363,359.4538141,407.2113222,80.36213278,80.66607595,79.75424644,1280.14,1567.82,110096.32 - 111250.01 | bar 1833 | 2025-11-02 20:00:00,101400.00 - 102337.89 | bar 1872 | 2025-11-09 08:00:00,,,,,,
2025-11-11 12:00:00,106456,106546,104741.2,104783.98,684.9185143,424.5467541,260.3717602,60.60084817,73.97766669,33.84721114,1371.61,1572.13,110096.32 - 111250.01 | bar 1833 | 2025-11-02 20:00:00,101400.00 - 102337.89 | bar 1872 | 2025-11-09 08:00:00,,,,,,
2025-11-11 16:00:00,104783.99,105497.99,104762.23,105311.9,655.1799528,470.6733939,184.5065589,51.18764914,66.38099417,20.80095907,1357.17,1566.45,110096.32 - 111250.01 | bar 1833 | 2025-11-02 20:00:00,101400.00 - 102337.89 | bar 1872 | 2025-11-09 08:00:00,,,,,,
2025-11-11 20:00:00,105311.9,105500,103170.33,103455.99,476.3642712,471.8115693,4.552701861,36.32434325,56.36211053,-3.751191317,1488.24,1575.40,110096.32 - 111250.01 | bar 1833 | 2025-11-02 20:00:00,101400.00 - 102337.89 | bar 1872 | 2025-11-09 08:00:00,,,,,,
2025-11-12 00:00:00,103455.99,103730,102840.22,103126.39,304.5449848,438.3582524,-133.8132676,26.26332118,46.32918075,-13.86839794,1494.11,1571.41,105500.00 - 107500.00 | bar 1884 | 2025-11-11 08:00:00,101400.00 - 102337.89 | bar 1872 | 2025-11-09 08:00:00,,,,,,
2025-11-12 04:00:00,103126.39,103224.29,102476.09,103058.99,161.0814985,382.9029016,-221.8214031,21.37638638,38.01158263,-11.89400612,1396.31,1559.71,105500.00 - 107500.00 | bar 1884 | 2025-11-11 08:00:00,101400.00 - 102337.89 | bar 1872 | 2025-11-09 08:00:00,,,,,,
2025-11-12 08:00:00,103059,103440.96,102687.72,103310,66.86923433,319.6961682,-252.8269338,19.78386573,31.93567699,-4.519756807,1343.73,1554.32,105500.00 - 107500.00 | bar 1884 | 2025-11-11 08:00:00,101400.00 - 102337.89 | bar 1872 | 2025-11-09 08:00:00,,,,,,
2025-11-12 12:00:00,103310,103654.38,103011,103112.66,-23.44805795,251.067323,-274.5153809,17.41284655,27.09473351,-1.950927375,1287.04,1552.23,105500.00 - 107500.00 | bar 1884 | 2025-11-11 08:00:00,101400.00 - 102337.89 | bar 1872 | 2025-11-09 08:00:00,,,,,,
2025-11-12 16:00:00,103112.65,105200,103112.24,105020.83,58.27643453,212.5091453,-154.2327107,28.49275749,27.5607415,30.35678946,1264.38,1557.80,105500.00 - 107500.00 | bar 1884 | 2025-11-11 08:00:00,101400.00 - 102337.89 | bar 1872 | 2025-11-09 08:00:00,,,,,,
2025-11-12 20:00:00,105020.82,105333.33,101961.97,102173.51,-105.4951618,148.9082839,-254.4034456,20.53341057,25.21829786,11.163636,1455.68,1570.16,105500.00 - 107500.00 | bar 1884 | 2025-11-11 08:00:00,101400.00 - 102337.89 | bar 1872 | 2025-11-09 08:00:00,,,,,,
2025-11-13 00:00:00,102173.51,102285.18,100813.59,101297.31,-302.5003138,58.62656433,-361.1268781,17.1295271,22.52204094,6.34449942,1506.26,1573.21,105500.00 - 107500.00 | bar 1884 | 2025-11-11 08:00:00,,,,,,,
2025-11-13 04:00:00,101297.31,101999.35,101141.03,101654.37,-424.9183637,-38.08242128,-386.8359424,17.39995535,20.81467908,10.57050789,1430.22,1557.26,105500.00 - 107500.00 | bar 1884 | 2025-11-11 08:00:00,,,,,,,
2025-11-13 08:00:00,101654.37,102604,100922.55,102130.21,-478.0288204,-126.0717011,-351.9571193,21.3101158,20.97982465,21.9706981,1456.75,1548.14,105500.00 - 107500.00 | bar 1884 | 2025-11-11 08:00:00,,,,,,,
2025-11-13 12:00:00,102130.21,104085.01,101665.59,103475.66,-406.8626104,-182.229883,-224.6327274,33.83965785,25.26643572,50.98610213,1556.77,1484.17,105500.00 - 107500.00 | bar 1884 | 2025-11-11 08:00:00,,,,,,,
2025-11-13 16:00:00,103475.66,103811.49,102553.63,102936.5,-389.4789119,-223.6796887,-165.7992231,38.21635097,29.58307413,55.48290464,1503.76,1478.94,105500.00 - 107500.00 | bar 1884 | 2025-11-11 08:00:00,,,,,,,
2025-11-13 20:00:00,102936.49,103483.83,101184.14,101382.64,-495.3753428,-278.0188195,-217.3565232,29.67434264,29.61349697,29.79603399,1539.11,1475.94,105500.00 - 107500.00 | bar 1884 | 2025-11-11 08:00:00,,,,,,,
2025-11-14 00:00:00,101382.63,101540.93,98147.4,98682.14,-788.1218303,-380.0394217,-408.0824086,22.26339054,27.1634615,12.46324864,1728.95,1481.92,105500.00 - 107500.00 | bar 1884 | 2025-11-11 08:00:00,,,,,,,
2025-11-14 04:00:00,98682.13,100501.31,98000.4,99692.02,-927.9399408,-489.6195255,-438.3204152,22.53186511,25.61959603,16.35640326,1741.18,1490.89,101665.59 - 104085.01 | bar 1897 | 2025-11-13 12:00:00,,,,,,,
2025-11-14 08:00:00,99692.03,99866.02,98700,99139.38,-1070.994472,-605.8945149,-465.0999575,21.26092023,24.1667041,15.44935249,1760.91,1490.12,101665.59 - 104085.01 | bar 1897 | 2025-11-13 12:00:00,,,,,,,
2025-11-14 12:00:00,99139.38,99178.58,95933.75,97151.98,-1329.4082,-750.5972519,-578.8109479,19.15571242,22.49637354,12.47439018,1939.24,1497.31,101665.59 - 104085.01 | bar 1897 | 2025-11-13 12:00:00,,,,,,,
2025-11-14 16:00:00,97151.97,97553.7,95711,96167.44,-1595.25795,-919.5293914,-675.7285583,14.58736634,19.86003781,4.0420234,2017.06,1497.51,101665.59 - 104085.01 | bar 1897 | 2025-11-13 12:00:00,,,,,,,
2025-11-14 20:00:00,96167.45,97322.35,94560.48,96796.14,-1735.212507,-1082.666014,-652.5464921,17.54912899,19.08973487,14.46791723,2168.38,1503.77,101665.59 - 104085.01 | bar 1897 | 2025-11-13 12:00:00,,,,,,,
2025-11-15 00:00:00,96796.14,97411.11,94800.55,95778.29,-1906.285022,-1247.389816,-658.8952064,16.08744471,18.08897148,12.08439116,2205.72,1511.86,101665.59 - 104085.01 | bar 1897 | 2025-11-13 12:00:00,,,,,,,
2025-11-15 04:00:00,95778.3,95940,94012.45,94594,-2113.065426,-1420.524938,-692.5404883,12.77165538,16.31653278,5.681900586,2102.59,1508.66,101665.59 - 104085.01 | bar 1897 | 2025-11-13 12:00:00,,,,,,,
2025-11-15 08:00:00,94594,96846.68,94558.49,96417.12,-2105.558274,-1557.531605,-548.0266684,19.16142897,17.26483151,22.95462388,2160.92,1512.59,101665.59 - 104085.01 | bar 1897 | 2025-11-13 12:00:00,,,,,,,
2025-11-15 12:00:00,96417.12,96570.65,95921.21,96333.86,-2082.323459,-1662.489976,-419.8334827,24.69939044,19.74301782,34.61213568,2146.00,1508.08,101665.59 - 104085.01 | bar 1897 | 2025-11-13 12:00:00,,,,,,,
2025-11-15 16:00:00,96333.87,96350.52,95630,95696.87,-2091.203379,-1748.232656,-342.9707223,26.05824148,21.84809237,34.4785397,2077.36,1504.96,101665.59 - 104085.01 | bar 1897 | 2025-11-13 12:00:00,,,,,,,
2025-11-15 20:00:00,95696.86,96471.22,95565.17,96260,-2029.407152,-1804.467556,-224.9395968,31.87398989,25.19005821,45.24185324,1969.27,1503.70,101665.59 - 104085.01 | bar 1897 | 2025-11-13 12:00:00,,,,,,,
2025-11-16 00:00:00,96259.99,96419.65,95731.32,96012.01,-1977.646837,-1839.103412,-138.5434248,40.07092913,30.15034852,59.91209036,1928.58,1498.04,101665.59 - 104085.01 | bar 1897 | 2025-11-13 12:00:00,,,,,,,
2025-11-16 04:00:00,96012.01,96012.01,95119.94,95596.24,-1947.723434,-1860.827416,-86.89601802,42.24742771,34.18270825,58.37686664,1828.04,1493.85,101665.59 - 104085.01 | bar 1897 | 2025-11-13 12:00:00,,,,,,,
2025-11-16 08:00:00,95596.23,95979.79,94841.62,95825.02,-1883.832639,-1865.428461,-18.40417769,45.94225227,38.10255626,61.62164431,1666.94,1491.16,101665.59 - 104085.01 | bar 1897 | 2025-11-13 12:00:00,,,,,,,
2025-11-16 12:00:00,95825.02,96192,95650.72,96099.99,-1790.37264,-1850.417297,60.04465654,55.17969247,43.79493499,77.94920741,1526.97,1489.55,101665.59 - 104085.01 | bar 1897 | 2025-11-13 12:00:00,,,,,,,
2025-11-16 16:00:00,96099.98,96635.11,95500,95627.13,-1734.466913,-1827.22722,92.76030668,52.35393346,46.64793448,63.76593141,1524.76,1484.58,101665.59 - 104085.01 | bar 1897 | 2025-11-13 12:00:00,,,,,,,
2025-11-16 20:00:00,95627.13,95900,94368.24,94573.46,-1754.953573,-1812.772491,57.81891777,37.92029278,43.73872058,26.28343718,1402.40,1480.56,101665.59 - 104085.01 | bar 1897 | 2025-11-13 12:00:00,,,,,,,
2025-11-17 00:00:00,94573.46,95567.79,93770.48,94020,-1795.155559,-1809.249104,14.09354547,28.18365334,38.55369817,7.443563687,1399.16,1478.91,101665.59 - 104085.01 | bar 1897 | 2025-11-13 12:00:00,,,,,,,
2025-11-17 04:00:00,94020.49,94739.74,93005.55,94261.44,-1786.935057,-1804.786295,17.85123775,30.32300716,35.8101345,19.34875249,1325.75,1472.19,94558.49 - 96846.68 | bar 1908 | 2025-11-15 08:00:00,,,,,,,
2025-11-17 08:00:00,94261.45,95559.99,93767.27,95496.77,-1661.585717,-1776.146179,114.5604619,43.09432803,38.23819901,52.80658608,1267.33,1471.89,94558.49 - 96846.68 | bar 1908 | 2025-11-15 08:00:00,,,,,,,
2025-11-17 12:00:00,95496.77,95880,94849.37,95653.77,-1531.917879,-1727.300519,195.3826402,53.05040634,43.17560145,72.80001611,1203.27,1470.31,94558.49 - 96846.68 | bar 1908 | 2025-11-15 08:00:00,,,,,,,
2025-11-17 16:00:00,95653.78,96026.71,95309.68,95565.38,-1419.919568,-1665.824329,245.9047607,58.87603141,48.40907811,79.80993801,1091.04,1464.96,94558.49 - 96846.68 | bar 1908 | 2025-11-15 08:00:00,,,,,,,
2025-11-17 20:00:00,95565.38,96043,93571.3,93959.67,-1444.081011,-1621.475665,177.3946547,48.01318223,48.27711281,47.48532107,1221.20,1472.66,94558.49 - 96846.68 | bar 1908 | 2025-11-15 08:00:00,,,,,,,
2025-11-18 00:00:00,93959.68,94419.88,91588,91678.93,-1628.493525,-1622.879237,-5.614287923,32.60932985,43.05451849,11.71895257,1372.02,1477.68,94558.49 - 96846.68 | bar 1908 | 2025-11-15 08:00:00,,,,,,,
2025-11-18 04:00:00,91678.93,92399.48,91220,92215.14,-1711.643347,-1640.632059,-71.01128767,28.61729185,38.24210961,9.36765632,1391.55,1474.38,94558.49 - 96846.68 | bar 1908 | 2025-11-15 08:00:00,,,,,,,
2025-11-18 08:00:00,92215.14,92357.51,89700,90842.72,-1866.764109,-1685.858469,-180.90564,25.0833446,33.85585461,7.538324583,1532.20,1480.70,94558.49 - 96846.68 | bar 1908 | 2025-11-15 08:00:00,,,,,,,
2025-11-18 12:00:00,90842.72,90851.66,89253.78,90512.1,-1993.39805,-1747.366385,-246.0316646,22.90025902,30.20398941,8.292798238,1582.62,1483.41,94558.49 - 96846.68 | bar 1908 | 2025-11-15 08:00:00,,,,,,,
2025-11-18 16:00:00,90512.1,91617.17,90509.79,91517.82,-1989.667513,-1795.826611,-193.840902,26.38269654,28.93022512,21.28763939,1580.42,1481.42,94558.49 - 96846.68 | bar 1908 | 2025-11-15 08:00:00,,,,,,,
2025-11-18 20:00:00,91517.83,93049.91,90905.7,92910.1,-1853.005383,-1807.262365,-45.74301739,35.54006018,31.13350347,44.35317358,1694.91,1486.03,94558.49 - 96846.68 | bar 1908 | 2025-11-15 08:00:00,,,,,,,
2025-11-19 00:00:00,92910.1,93836.01,92579.23,93195.61,-1702.041316,-1786.218155,84.17683934,43.04675032,35.10458576,58.93107946,1703.60,1481.85,94558.49 - 96846.68 | bar 1908 | 2025-11-15 08:00:00,,,,,,,
2025-11-19 04:00:00,93195.61,93423.74,92462.72,92960.83,-1583.097032,-1745.593931,162.4968984,46.89850069,39.03589073,62.62372059,1662.84,1468.55,94558.49 - 96846.68 | bar 1908 | 2025-11-15 08:00:00,,,,,,,
2025-11-19 08:00:00,92960.83,92980.22,91660.49,91874.52,-1558.523283,-1708.179801,149.6565185,48.17552175,42.08243441,60.36169645,1628.72,1466.77,94558.49 - 96846.68 | bar 1908 | 2025-11-15 08:00:00,,,,,,,
2025-11-19 12:00:00,91874.51,92028.92,90025.06,91863.64,-1522.377316,-1671.019304,148.6419881,51.1023848,45.08908454,63.12898532,1647.99,1471.42,94558.49 - 96846.68 | bar 1908 | 2025-11-15 08:00:00,,,,,,,
2025-11-19 16:00:00,91863.64,91950,91072.41,91410.22,-1512.879054,-1639.391254,126.5122004,49.75523282,46.6444673,55.97676385,1582.62,1469.28,94558.49 - 96846.68 | bar 1908 | 2025-11-15 08:00:00,,,,,,,
2025-11-19 20:00:00,91410.23,92384.61,89880,89951.7,-1604.545782,-1632.42216,27.87637767,38.2471592,43.8453646,27.05074841,1687.90,1463.34,94558.49 - 96846.68 | bar 1908 | 2025-11-15 08:00:00,,,,,,,
2025-11-20 00:00:00,89951.7,90232.56,88630.71,88884.56,-1743.206999,-1654.579128,-88.62787144,27.12369288,38.27147402,4.82813058,1751.11,1455.73,94558.49 - 96846.68 | bar 1908 | 2025-11-15 08:00:00,,,,,,,
2025-11-20 04:00:00,88884.56,91594,88608,91554.96,-1618.955736,-1647.454449,28.49871329,36.87202047,37.80498951,35.00608239,1787.84,1459.07,94558.49 - 96846.68 | bar 1908 | 2025-11-15 08:00:00,,,,,,,
2025-11-20 08:00:00,91554.96,92798.14,91185.26,92440.32,-1432.531234,-1604.469806,171.9385724,49.01588326,41.54195409,63.96374159,1700.77,1459.61,94558.49 - 96846.68 | bar 1908 | 2025-11-15 08:00:00,,,,,,,
2025-11-20 12:00:00,92440.33,93160,91687.07,92320.18,-1279.730826,-1539.52201,259.791184,58.37202585,47.15197801,80.81212152,1721.73,1461.49,94558.49 - 96846.68 | bar 1908 | 2025-11-15 08:00:00,,,,,,,
2025-11-20 16:00:00,92320.18,92400.94,91440.55,91934,-1176.237962,-1466.8652,290.6272386,63.27027851,52.52474484,84.76134584,1600.51,1461.37,94558.49 - 96846.68 | bar 1908 | 2025-11-15 08:00:00,,,,,,,
2025-11-20 20:00:00,91934.01,92541.92,89835.34,89869.88,-1246.408533,-1422.773867,176.365334,51.42066605,52.15671858,49.94856099,1679.70,1469.60,94558.49 - 96846.68 | bar 1908 | 2025-11-15 08:00:00,,,,,,,
2025-11-21 00:00:00,89869.88,89911.73,86100,86921.28,-1522.397345,-1442.698563,-79.69878219,38.15806443,47.49050053,19.49319223,1872.87,1485.58,94558.49 - 96846.68 | bar 1908 | 2025-11-15 08:00:00,,,,,,,
2025-11-21 04:00:00,86921.27,88250,86325.23,86637.23,-1743.937897,-1502.946429,-240.9914676,27.97520631,40.98540246,1.954814029,1857.19,1492.40,94558.49 - 96846.68 | bar 1908 | 2025-11-15 08:00:00,,,,,,,
2025-11-21 08:00:00,86637.22,87498.94,85360,85821.34,-1962.720861,-1594.901316,-367.8195451,20.621676,34.19749364,-6.529959265,1920.21,1500.06,94558.49 - 96846.68 | bar 1908 | 2025-11-15 08:00:00,,,,,,,
2025-11-21 12:00:00,85821.35,86459.53,82000,84049.39,-2253.116962,-1726.544445,-526.5725172,19.86902056,29.42133595,0.7643897926,2170.10,1519.92,94558.49 - 96846.68 | bar 1908 | 2025-11-15 08:00:00,,,,,,,
2025-11-21 16:00:00,84049.38,84709.89,81648,82309.66,-2593.740609,-1899.983678,-693.7569313,15.16186963,24.66818051,-3.850752134,2294.54,1532.06,94558.49 - 96846.68 | bar 1908 | 2025-11-15 08:00:00,,,,,,,
2025-11-21 20:00:00,82309.67,85496,80600,82932.47,-2781.369841,-2076.26091,-705.1089306,16.29812009,21.87816037,5.138039536,2501.12,1552.89,94558.49 - 96846.68 | bar 1908 | 2025-11-15 08:00:00,,,,,,,
2025-11-22 00:00:00,82932.46,85572.82,82333,84209.3,-2794.820894,-2219.972907,-574.8479866,20.94000776,21.56544283,19.68913763,2669.85,1558.30,94558.49 - 96846.68 | bar 1908 | 2025-11-15 08:00:00,,,,,,,
2025-11-22 04:00:00,84209.3,85416.66,83464.96,85129.43,-2700.108973,-2316.00012,-384.1088528,26.60294701,23.24461089,33.31961926,2630.36,1561.72,94558.49 - 96846.68 | bar 1908 | 2025-11-15 08:00:00,,,,,,,
2025-11-22 08:00:00,85129.42,85620,84212.39,84440.47,-2650.093776,-2382.818852,-267.2749248,31.48308351,25.99076843,42.46771366,2616.48,1562.71,94558.49 - 96846.68 | bar 1908 | 2025-11-15 08:00:00,,,,,,,
2025-11-22 12:00:00,84440.48,84799.54,83832.91,84580.06,-2569.572197,-2420.169521,-149.4026767,38.33103171,30.10418952,54.78471607,2472.24,1563.05,94558.49 - 96846.68 | bar 1908 | 2025-11-15 08:00:00,,,,,,,
2025-11-22 16:00:00,84580.06,84586.62,83500,84098.94,-2515.582559,-2439.252128,-76.33043085,42.45971003,34.22269636,58.93373738,2434.65,1553.35,94558.49 - 96846.68 | bar 1908 | 2025-11-15 08:00:00,,,,,,,
2025-11-22 20:00:00,84098.94,84755.83,83620.16,84284.01,-2429.851959,-2437.372094,7.520135619,49.26384252,39.23641175,69.31870406,2410.56,1551.56,94558.49 - 96846.68 | bar 1908 | 2025-11-15 08:00:00,,,,,,,
2025-11-23 00:00:00,84284.01,84899,84219.62,84609.76,-2309.007734,-2411.699222,102.6914884,59.46779408,45.98020586,86.44297053,2390.49,1549.60,94558.49 - 96846.68 | bar 1908 | 2025-11-15 08:00:00,,,,,,,
2025-11-23 04:00:00,84609.77,85260,84237.7,84739.74,-2177.646957,-2364.888769,187.2418125,67.13350947,53.03130706,95.33791428,2270.18,1549.13,94558.49 - 96846.68 | bar 1908 | 2025-11-15 08:00:00,,,,,,,
2025-11-23 08:00:00,84739.75,86349.84,84667.57,86308.54,-1924.766041,-2276.864224,352.0981828,77.74628251,61.26963221,110.6995831,2118.08,1550.30,94558.49 - 96846.68 | bar 1908 | 2025-11-15 08:00:00,,,,,,,
2025-11-23 12:00:00,86308.54,86860,85420,85782.19,-1746.693345,-2170.830048,424.1367026,74.58198607,65.7070835,92.33179121,2083.45,1553.24,94558.49 - 96846.68 | bar 1908 | 2025-11-15 08:00:00,,,,,,,
2025-11-23 16:00:00,85782.18,86465.24,85768.22,86331.28,-1543.470312,-2045.358101,501.8877886,77.80941928,69.74119543,93.945867,1980.46,1549.32,94558.49 - 96846.68 | bar 1908 | 2025-11-15 08:00:00,,,,,,,
2025-11-23 20:00:00,86331.28,87244.51,86271.1,87087.44,-1306.340126,-1897.554506,591.2143798,83.80805474,74.43014853,102.5638672,1731.45,1546.26,94558.49 - 96846.68 | bar 1908 | 2025-11-15 08:00:00,,,,,,,
2025-11-24 00:00:00,87087.44,87689.47,86502.47,87325.01,-1086.715848,-1735.386774,648.6709265,86.30555991,78.38861899,102.1394417,1597.53,1545.56,94558.49 - 96846.68 | bar 1908 | 2025-11-15 08:00:00,,,,,,,
2025-11-24 04:00:00,87325.01,88127.64,86701.54,86830,-941.7492952,-1576.659278,634.9099832,81.27417614,79.35047137,85.12158566,1349.68,1524.51,94558.49 - 96846.68 | bar 1908 | 2025-11-15 08:00:00,,,,,,,
2025-11-24 08:00:00,86830,88059.44,85946.65,87460.02,-767.1813204,-1414.763687,647.5823664,81.82167369,80.17420548,85.11661011,1269.18,1521.70,94558.49 - 96846.68 | bar 1908 | 2025-11-15 08:00:00,,,,,,,
2025-11-24 12:00:00,87460.03,87837.57,86450,87050.39,-654.3457696,-1262.680103,608.3343337,78.65003939,79.66615012,76.61781795,1228.88,1509.86,94558.49 - 96846.68 | bar 1908 | 2025-11-15 08:00:00,,,,,,,
2025-11-24 16:00:00,87050.39,87050.39,85696.56,86264.72,-621.1594461,-1134.375972,513.2165258,67.81984985,75.71738336,52.02478283,1225.04,1512.44,94558.49 - 96846.68 | bar 1908 | 2025-11-15 08:00:00,,,,,,,
2025-11-24 20:00:00,86264.71,86741.5,85272,86616.44,-560.0225893,-1019.505295,459.4827061,60.90662129,70.78046267,41.15893852,1260.96,1514.64,94558.49 - 96846.68 | bar 1908 | 2025-11-15 08:00:00,,,,,,,
2025-11-25 00:00:00,86616.44,88834.62,86616.43,88327.29,-369.263256,-889.4568875,520.1936315,69.19096005,70.25062846,67.07162322,1341.79,1517.48,94558.49 - 96846.68 | bar 1908 | 2025-11-15 08:00:00,,,,,,,
2025-11-25 04:00:00,88327.29,89228,88252.5,88300.01,-217.775992,-755.1207084,537.3447164,71.64137815,70.71421169,73.49571107,1330.35,1513.75,94558.49 - 96846.68 | bar 1908 | 2025-11-15 08:00:00,,,,,,,
2025-11-25 08:00:00,88300.01,88300.01,87457.53,87822.12,-134.7298906,-631.0425448,496.3126542,69.24827974,70.22556771,67.2937038,1342.00,1511.30,94558.49 - 96846.68 | bar 1908 | 2025-11-15 08:00:00,,,,,,,
2025-11-25 12:00:00,87822.12,88519.99,87300,87384.81,-103.0150261,-525.4370411,422.422015,63.96809819,68.13974453,55.62480549,1356.12,1510.39,94558.49 - 96846.68 | bar 1908 | 2025-11-15 08:00:00,,,,,,,
2025-11-25 16:00:00,87384.81,87606.57,86666,87361.71,-78.83597243,-436.1168274,357.2808549,60.2533361,65.51094172,49.73812486,1303.14,1508.99,94558.49 - 96846.68 | bar 1908 | 2025-11-15 08:00:00,,,,,,,
2025-11-25 20:00:00,87361.71,87792.2,86116,86988.94,-88.73049194,-366.6395603,277.9090683,54.63586074,61.88591473,40.13575276,1320.01,1507.63,94558.49 - 96846.68 | bar 1908 | 2025-11-15 08:00:00,,,,,,,
2025-11-26 00:00:00,86988.93,88155.65,86182.49,86882.85,-103.9344546,-314.0985391,210.1640845,49.99696075,57.92293007,34.14502211,1411.16,1513.48,94558.49 - 96846.68 | bar 1908 | 2025-11-15 08:00:00,,,,,,,
2025-11-26 04:00:00,86882.84,87889.38,86565.48,87369.96,-75.80417517,-266.4396664,190.6354912,51.00875914,55.61820642,41.78986456,1436.20,1512.97,94558.49 - 96846.68 | bar 1908 | 2025-11-15 08:00:00,,,,,,,
2025-11-26 08:00:00,87369.97,88224,87069.97,87119.92,-72.84712803,-227.7211587,154.8740307,44.75905279,51.99848855,30.28018128,1433.84,1510.51,94558.49 - 96846.68 | bar 1908 | 2025-11-15 08:00:00,,,,,,,
2025-11-26 12:00:00,87119.93,87970,86909.99,87935.05,-4.675571118,-183.1120412,178.4364701,49.32362303,51.10686671,45.75713567,1407.69,1511.52,94558.49 - 96846.68 | bar 1908 | 2025-11-15 08:00:00,,,,,,,
2025-11-26 16:00:00,87935.05,87941.58,86670.36,87095.79,-18.16103996,-150.1218409,131.960801,46.46802372,49.56058571,40.28289974,1347.58,1513.65,94558.49 - 96846.68 | bar 1908 | 2025-11-15 08:00:00,,,,,,,
2025-11-26 20:00:00,87095.78,87693.21,86306.77,86978,-37.91596809,-127.6806664,89.76469827,42.93103392,47.35073511,34.09163153,1347.50,1514.63,94558.49 - 96846.68 | bar 1908 | 2025-11-15 08:00:00,,,,,,,
2025-11-27 00:00:00,86977.99,90418.39,86956.61,89957.36,184.7083585,-65.20286139,249.9112199,58.38213195,51.02786739,73.09066107,1498.07,1527.52,94558.49 - 96846.68 | bar 1908 | 2025-11-15 08:00:00,,,,,,,
2025-11-27 04:00:00,89957.37,90656.08,89508.85,90484.02,399.0369522,27.64510133,371.3918509,70.99148761,57.68240747,97.60964791,1475.05,1521.23,94558.49 - 96846.68 | bar 1908 | 2025-11-15 08:00:00,86116.00 - 87792.20 | bar 1971 | 2025-11-25 20:00:00,,,,,,
2025-11-27 08:00:00,90484.01,91950,90089.91,91091.68,610.8850874,144.2930985,466.5919888,75.70032992,63.68838162,99.72422652,1449.47,1524.79,94558.49 - 96846.68 | bar 1908 | 2025-11-15 08:00:00,86116.00 - 87792.20 | bar 1971 | 2025-11-25 20:00:00,,,,,,
2025-11-27 12:00:00,91091.68,91554.49,90889.11,91408.34,795.1619444,274.4668677,520.6950767,80.60075203,69.32583842,103.1505792,1427.32,1524.82,94558.49 - 96846.68 | bar 1908 | 2025-11-15 08:00:00,86116.00 - 87792.20 | bar 1971 | 2025-11-25 20:00:00,,,,,,
2025-11-27 16:00:00,91408.34,91940.18,91221.17,91371.88,927.5682348,405.0871411,522.4810937,83.65233881,74.10133855,102.7543393,1418.50,1525.64,94558.49 - 96846.68 | bar 1908 | 2025-11-15 08:00:00,86116.00 - 87792.20 | bar 1971 | 2025-11-25 20:00:00,,,,,,
2025-11-27 20:00:00,91371.87,91457.36,90438.43,90958.3,987.7426419,521.6182413,466.1244006,83.2438028,77.14882663,95.43375514,1404.14,1526.78,94558.49 - 96846.68 | bar 1908 | 2025-11-15 08:00:00,86116.00 - 87792.20 | bar 1971 | 2025-11-25 20:00:00,,,,,,
2025-11-28 00:00:00,90958.29,91843.59,90850.77,91528.21,1069.094412,631.1134755,437.9809368,86.33777999,80.21181109,98.5897178,1407.87,1529.37,94558.49 - 96846.68 | bar 1908 | 2025-11-15 08:00:00,86116.00 - 87792.20 | bar 1971 | 2025-11-25 20:00:00,,,,,,
2025-11-28 04:00:00,91528.22,91600,91114.52,91333.95,1105.151618,725.921104,379.230514,87.25297985,82.55886734,96.64120486,1322.82,1528.64,94558.49 - 96846.68 | bar 1908 | 2025-11-15 08:00:00,86116.00 - 87792.20 | bar 1971 | 2025-11-25 20:00:00,,,,,,
2025-11-28 08:00:00,91333.94,91417.99,90652.55,91208.85,1110.827758,802.9024348,307.9253231,86.55444592,83.89072686,91.88188402,1236.55,1529.63,94558.49 - 96846.68 | bar 1908 | 2025-11-15 08:00:00,86116.00 - 87792.20 | bar 1971 | 2025-11-25 20:00:00,,,,,,
2025-11-28 12:00:00,91208.85,91707.79,90867.43,90910.87,1078.845386,858.091025,220.7543609,76.84721972,81.54289115,67.45587687,1202.02,1532.13,94558.49 - 96846.68 | bar 1908 | 2025-11-15 08:00:00,86116.00 - 87792.20 | bar 1971 | 2025-11-25 20:00:00,,,,,,
2025-11-28 16:00:00,90910.87,92030,90907.98,91437.64,1083.514976,903.1758152,180.3391609,74.38727843,79.15768691,64.84646147,1199.73,1534.54,94558.49 - 96846.68 | bar 1908 | 2025-11-15 08:00:00,86116.00 - 87792.20 | bar 1971 | 2025-11-25 20:00:00,,,,,,
2025-11-28 20:00:00,91437.64,93092,91380.94,92362.49,1148.602946,952.2612414,196.3417045,73.76097118,77.35878167,66.5653502,1246.23,1540.77,94558.49 - 96846.68 | bar 1908 | 2025-11-15 08:00:00,86116.00 - 87792.20 | bar 1971 | 2025-11-25 20:00:00,,,,,,
2025-11-29 00:00:00,92362.5,92376,90180.63,91157.44,1090.378957,979.8847845,110.4941726,60.35783352,71.69179895,37.68990265,1312.24,1542.96,94558.49 - 96846.68 | bar 1908 | 2025-11-15 08:00:00,86116.00 - 87792.20 | bar 1971 | 2025-11-25 20:00:00,,,,,,
2025-11-29 04:00:00,91157.44,91247.16,90705.57,90890.7,1011.057496,986.1193268,24.93816935,48.3684052,63.91733437,17.27054687,1251.90,1542.07,94558.49 - 96846.68 | bar 1908 | 2025-11-15 08:00:00,86116.00 - 87792.20 | bar 1971 | 2025-11-25 20:00:00,,,,,,
2025-11-29 08:00:00,90890.71,91119.99,90546.36,90680.26,920.6017933,973.0158201,-52.41402685,37.96604894,55.26690589,3.364335034,1045.60,1542.42,94558.49 - 96846.68 | bar 1908 | 2025-11-15 08:00:00,86116.00 - 87792.20 | bar 1971 | 2025-11-25 20:00:00,,,,,,
2025-11-29 12:00:00,90680.26,90931.56,90311.92,90567.67,830.2592136,944.4644988,-114.2052852,29.74206093,46.75862424,-4.291065683,1007.92,1532.69,94558.49 - 96846.68 | bar 1908 | 2025-11-15 08:00:00,86116.00 - 87792.20 | bar 1971 | 2025-11-25 20:00:00,,,,,,
2025-11-29 16:00:00,90567.66,90738.17,90376.37,90673.19,758.4338966,907.2583784,-148.8244818,25.46753909,39.66159586,-2.920574434,900.89,1529.08,94558.49 - 96846.68 | bar 1908 | 2025-11-15 08:00:00,86116.00 - 87792.20 | bar 1971 | 2025-11-25 20:00:00,,,,,,
2025-11-29 20:00:00,90673.2,91110.36,90530.93,91063.5,724.6532192,870.7373465,-146.0841274,27.08665892,35.46995021,10.32007635,894.76,1524.67,94558.49 - 96846.68 | bar 1908 | 2025-11-15 08:00:00,86116.00 - 87792.20 | bar 1971 | 2025-11-25 20:00:00,,,,,,
2025-11-30 00:00:00,91063.5,91165.65,90155.47,90640.78,656.2074666,827.8313705,-171.623904,23.56665555,31.50218532,7.695595999,915.55,1525.76,94558.49 - 96846.68 | bar 1908 | 2025-11-15 08:00:00,86116.00 - 87792.20 | bar 1971 | 2025-11-25 20:00:00,,,,,,
2025-11-30 04:00:00,90640.77,91051.87,90400.21,90802.44,607.9996836,783.8650331,-175.8653496,23.0550323,28.68646765,11.79216161,889.32,1524.35,94558.49 - 96846.68 | bar 1908 | 2025-11-15 08:00:00,86116.00 - 87792.20 | bar 1971 | 2025-11-25 20:00:00,,,,,,
2025-11-30 08:00:00,90802.44,91055.5,90471,90909.35,571.8297148,741.4579695,-169.6282547,26.68683929,28.01992487,24.02066815,860.15,1522.28,94558.49 - 96846.68 | bar 1908 | 2025-11-15 08:00:00,86116.00 - 87792.20 | bar 1971 | 2025-11-25 20:00:00,,,,,,
2025-11-30 12:00:00,90909.35,91037.72,90670.4,90968.16,541.6662382,701.4996232,-159.833385,42.60565764,32.88183579,62.05330135,851.71,1518.55,94558.49 - 96846.68 | bar 1908 | 2025-11-15 08:00:00,86116.00 - 87792.20 | bar 1971 | 2025-11-25 20:00:00,,,,,,
2025-11-30 16:00:00,90968.16,91632,90927.16,91048.78,518.2922752,664.8581536,-146.5658784,48.57064951,38.11144036,69.4890678,847.39,1517.19,94558.49 - 96846.68 | bar 1908 | 2025-11-15 08:00:00,86116.00 - 87792.20 | bar 1971 | 2025-11-25 20:00:00,,,,,,
2025-11-30 20:00:00,91048.79,92000.01,91009,91435.31,524.9071785,636.8679586,-111.9607801,55.50887334,43.91058469,78.70545064,858.15,1517.73,94558.49 - 96846.68 | bar 1908 | 2025-11-15 08:00:00,86116.00 - 87792.20 | bar 1971 | 2025-11-25 20:00:00,,,,,,
2025-12-01 00:00:00,91435.31,91850,91159.42,91460.79,526.1405395,614.7224748,-88.58193528,60.59481397,49.47199445,82.840453,827.33,1518.39,94558.49 - 96846.68 | bar 1908 | 2025-11-15 08:00:00,90155.47 - 91165.65 | bar 1996 | 2025-11-30 00:00:00,,,,,,
2025-12-01 04:00:00,91460.79,91626.75,90336.9,90360,433.2986367,578.4377071,-145.1390705,44.09267646,47.67888845,36.92025247,797.24,1515.09,94558.49 - 96846.68 | bar 1908 | 2025-11-15 08:00:00,90155.47 - 91165.65 | bar 1996 | 2025-11-30 00:00:00,,,,,,
2025-12-01 08:00:00,90360.01,90417,86161.61,86346.13,35.42662009,469.8354897,-434.4088696,30.44860261,41.93545984,7.47488816,944.39,1526.25,91009.00 - 92000.01 | bar 2001 | 2025-11-30 20:00:00,86116.00 - 87792.20 | bar 1971 | 2025-11-25 20:00:00,,,,,,
2025-12-01 12:00:00,86346.13,86578.06,85604,86550.3,-260.4131265,323.7857665,-584.198893,25.23078886,36.36723618,2.957894224,975.28,1523.66,91009.00 - 92000.01 | bar 2001 | 2025-11-30 20:00:00,86116.00 - 87792.20 | bar 1971 | 2025-11-25 20:00:00,,,,,,
2025-12-01 16:00:00,86550.3,86938.01,86131.01,86149.15,-521.2293025,154.7827527,-676.0120552,19.66162007,30.79869748,-2.612534746,991.95,1523.31,91009.00 - 92000.01 | bar 2001 | 2025-11-30 20:00:00,86116.00 - 87792.20 | bar 1971 | 2025-11-25 20:00:00,,,,,,
2025-12-01 20:00:00,86146.59,86674,83822.76,84677.87,-836.9995909,-43.57371602,-793.4258748,16.59347439,26.06362311,-2.346823053,1151.35,1532.21,91009.00 - 92000.01 | bar 2001 | 2025-11-30 20:00:00,,,,,,,
2025-12-02 00:00:00,84677.87,85555,84030.95,85024.5,-1047.208112,-244.3005952,-802.9075168,15.96102915,22.69609179,2.490903873,1234.37,1535.37,91009.00 - 92000.01 | bar 2001 | 2025-11-30 20:00:00,,,,,,,
2025-12-02 04:00:00,85024.5,86860,85007.69,86286.01,-1099.334126,-415.3073014,-684.0268246,20.68175533,22.02464631,17.99597338,1325.28,1533.42,91009.00 - 92000.01 | bar 2001 | 2025-11-30 20:00:00,,,,,,,
2025-12-02 08:00:00,86286.01,87350,86184.39,86976.99,-1072.52466,-546.750773,-525.7738866,26.88586311,23.64505191,33.36748551,1336.39,1525.10,91009.00 - 92000.01 | bar 2001 | 2025-11-30 20:00:00,,,,,,,
2025-12-02 12:00:00,86977,87288.48,86818.14,87012.65,-1036.452916,-644.6912017,-391.7617147,31.54894755,26.27968379,42.08747508,1323.44,1517.12,91009.00 - 92000.01 | bar 2001 | 2025-11-30 20:00:00,,,,,,,
2025-12-02 16:00:00,87012.64,87628.78,86296.21,87368.92,-967.9597509,-709.3449115,-258.6148394,38.9581748,30.50584746,55.86282949,1376.87,1517.24,91009.00 - 92000.01 | bar 2001 | 2025-11-30 20:00:00,,,,,,,
2025-12-02 20:00:00,87368.92,91200,87032.75,90850.01,-625.5723449,-692.5903982,67.01805326,57.72405448,39.57858313,94.01499717,1648.29,1519.74,91009.00 - 92000.01 | bar 2001 | 2025-11-30 20:00:00,,,,,,,
2025-12-03 00:00:00,90850.01,92307.65,90201,91903.39,-266.1607608,-607.3044707,341.1437099,70.2278798,49.79501536,111.0936087,1748.42,1521.40,91009.00 - 92000.01 | bar 2001 | 2025-11-30 20:00:00,83822.76 - 86674.00 | bar 2007 | 2025-12-01 20:00:00,,,,,,
2025-12-03 04:00:00,91903.38,92000,90720.87,91277.88,-31.43555095,-492.1306868,460.6951358,76.10641466,58.56548179,111.1882804,1769.00,1515.54,91009.00 - 92000.01 | bar 2001 | 2025-11-30 20:00:00,83822.76 - 86674.00 | bar 2007 | 2025-12-01 20:00:00,,,,,,
2025-12-03 08:00:00,91277.88,93087.09,90990.23,92628.91,260.5986796,-341.5848135,602.1834931,82.3844998,66.50515446,114.1431905,1869.45,1516.47,94558.49 - 96846.68 | bar 1908 | 2025-11-15 08:00:00,83822.76 - 86674.00 | bar 2007 | 2025-12-01 20:00:00,,,,,,
2025-12-03 12:00:00,92628.91,93958.58,92625,92999.99,516.032465,-170.0613578,686.0938228,84.68652059,72.56560984,108.9283421,1872.57,1513.05,94558.49 - 96846.68 | bar 1908 | 2025-11-15 08:00:00,83822.76 - 86674.00 | bar 2007 | 2025-12-01 20:00:00,,,,,,
2025-12-03 16:00:00,93000,93389.62,92666,93005.68,710.7318415,6.097282056,704.6345594,85.70527189,76.94549719,103.2248213,1620.30,1507.83,94558.49 - 96846.68 | bar 1908 | 2025-11-15 08:00:00,83822.76 - 86674.00 | bar 2007 | 2025-12-01 20:00:00,,,,,,
2025-12-03 20:00:00,93005.68,93700,91697,92373.3,804.728312,165.823488,638.9048239,83.57379455,79.15492964,92.41152436,1693.80,1512.35,94558.49 - 96846.68 | bar 1908 | 2025-11-15 08:00:00,83822.76 - 86674.00 | bar 2007 | 2025-12-01 20:00:00,,,,,,
2025-12-04 00:00:00,92373.3,93500,91786.99,93024.99,921.188244,316.8964392,604.2918048,84.98783328,81.09923085,92.76503813,1758.52,1514.23,94558.49 - 96846.68 | bar 1908 | 2025-11-15 08:00:00,83822.76 - 86674.00 | bar 2007 | 2025-12-01 20:00:00,,,,,,
2025-12-04 04:00:00,93025,94150,92825.56,93429.95,1034.23841,460.3648334,573.8735768,86.61956574,82.93934248,93.98001226,1649.46,1511.74,94558.49 - 96846.68 | bar 1908 | 2025-11-15 08:00:00,83822.76 - 86674.00 | bar 2007 | 2025-12-01 20:00:00,,,,,,
2025-12-04 08:00:00,93429.95,94080,92669.82,93543.04,1120.04571,592.3010087,527.7447009,85.95638813,83.94502437,89.97911567,1641.32,1510.47,94558.49 - 96846.68 | bar 1908 | 2025-11-15 08:00:00,83822.76 - 86674.00 | bar 2007 | 2025-12-01 20:00:00,,,,,,
2025-12-04 12:00:00,93543.03,93588.48,92775,93397.67,1162.91313,706.4234329,456.4896968,83.32446408,83.73817094,82.49705035,1567.12,1512.04,94558.49 - 96846.68 | bar 1908 | 2025-11-15 08:00:00,83822.76 - 86674.00 | bar 2007 | 2025-12-01 20:00:00,,,,,,
2025-12-04 16:00:00,93397.67,93621.31,92736.9,92948.31,1147.399762,794.6186988,352.7810635,76.20599851,81.22744679,66.16310193,1547.04,1511.85,94558.49 - 96846.68 | bar 1908 | 2025-11-15 08:00:00,83822.76 - 86674.00 | bar 2007 | 2025-12-01 20:00:00,,,,,,
2025-12-04 20:00:00,92948.32,93257,91801,92971.49,1124.018751,860.4987091,263.5200415,68.12279232,76.85922863,50.64991969,1617.44,1515.98,94558.49 - 96846.68 | bar 1908 | 2025-11-15 08:00:00,83822.76 - 86674.00 | bar 2007 | 2025-12-01 20:00:00,,,,,,
2025-12-05 00:00:00,92971.49,93174.55,90889,91975.44,1013.433984,891.085764,122.3482196,56.52058177,70.07967968,29.40238596,1685.51,1525.33,94558.49 - 96846.68 | bar 1908 | 2025-11-15 08:00:00,83822.76 - 86674.00 | bar 2007 | 2025-12-01 20:00:00,,,,,,
2025-12-05 04:00:00,91975.43,92718.53,91688.92,92078.06,923.4306023,897.5547317,25.87587059,49.83473723,63.33136553,22.84148063,1461.39,1527.25,94558.49 - 96846.68 | bar 1908 | 2025-11-15 08:00:00,83822.76 - 86674.00 | bar 2007 | 2025-12-01 20:00:00,,,,,,
2025-12-05 08:00:00,92078.06,92692.36,91959.92,92142.75,847.5521627,887.5542179,-40.00205517,46.03875664,57.56716257,22.98194479,1363.24,1529.22,94558.49 - 96846.68 | bar 1908 | 2025-11-15 08:00:00,83822.76 - 86674.00 | bar 2007 | 2025-12-01 20:00:00,,,,,,
2025-12-05 12:00:00,92142.75,92497.51,91813.37,92258.65,787.6901128,867.5813969,-79.89128408,44.69281108,53.27571207,27.5270091,1320.74,1529.35,94558.49 - 96846.68 | bar 1908 | 2025-11-15 08:00:00,83822.76 - 86674.00 | bar 2007 | 2025-12-01 20:00:00,,,,,,
2025-12-05 16:00:00,92258.64,92258.65,90956.25,91351.43,659.4422946,825.9535764,-166.5112818,34.62577252,47.05906555,9.759186448,1263.99,1533.94,94558.49 - 96846.68 | bar 1908 | 2025-11-15 08:00:00,83822.76 - 86674.00 | bar 2007 | 2025-12-01 20:00:00,,,,,,
2025-12-05 20:00:00,91351.44,91478.67,89874.7,90459.35,480.2851459,756.8198903,-276.5347444,28.28543947,40.80119019,3.253938031,1283.30,1536.89,92825.56 - 94150.00 | bar 2021 | 2025-12-04 04:00:00,83822.76 - 86674.00 | bar 2007 | 2025-12-01 20:00:00,,,,,,
2025-12-06 00:00:00,90459.34,90498.59,88056,89629.26,268.2285178,659.1016158,-390.873098,28.27997472,36.6274517,11.58502075,1406.09,1544.68,92825.56 - 94150.00 | bar 2021 | 2025-12-04 04:00:00,83822.76 - 86674.00 | bar 2007 | 2025-12-01 20:00:00,,,,,,
2025-12-06 04:00:00,89629.27,89745.37,88901.6,89330.04,75.16114802,542.3135223,-467.1523742,27.0186693,33.42452423,14.20695942,1323.28,1543.13,92825.56 - 94150.00 | bar 2021 | 2025-12-04 04:00:00,83822.76 - 86674.00 | bar 2007 | 2025-12-01 20:00:00,,,,,,
2025-12-06 08:00:00,89330.04,89806.43,89030.67,89688.35,-48.37586419,424.175645,-472.5515092,28.64273537,31.83059461,22.2670169,1256.34,1544.04,92825.56 - 94150.00 | bar 2021 | 2025-12-04 04:00:00,83822.76 - 86674.00 | bar 2007 | 2025-12-01 20:00:00,,,,,,
2025-12-06 12:00:00,89688.35,89764.19,89459.19,89597.13,-151.8896388,308.9625882,-460.852227,30.11299487,31.25806137,27.82286188,1183.52,1539.21,92825.56 - 94150.00 | bar 2021 | 2025-12-04 04:00:00,83822.76 - 86674.00 | bar 2007 | 2025-12-01 20:00:00,,,,,,
2025-12-06 16:00:00,89597.14,89750.01,89217.59,89631.28,-228.535022,201.4630662,-429.9980881,31.40088128,31.305668,31.59130783,1120.82,1527.65,92825.56 - 94150.00 | bar 2021 | 2025-12-04 04:00:00,83822.76 - 86674.00 | bar 2007 | 2025-12-01 20:00:00,,,,,,
2025-12-06 20:00:00,89631.29,90289.97,89490.98,89758.77,-275.8102934,106.0083943,-381.8186876,33.71313333,32.10815645,36.92308709,1119.79,1526.31,92825.56 - 94150.00 | bar 2021 | 2025-12-04 04:00:00,83822.76 - 86674.00 | bar 2007 | 2025-12-01 20:00:00,,,,,,
2025-12-07 00:00:00,89758.77,89981.2,89077.6,89405.64,-337.876101,17.23149521,-355.1075962,33.18009665,32.46546985,34.60935026,1121.16,1524.85,92825.56 - 94150.00 | bar 2021 | 2025-12-04 04:00:00,83822.76 - 86674.00 | bar 2007 | 2025-12-01 20:00:00,,,,,,
2025-12-07 04:00:00,89405.65,89615.34,88908.01,89236.79,-396.122234,-65.43925063,-330.6829834,33.61976106,32.85023359,35.15881602,1067.68,1514.28,92825.56 - 94150.00 | bar 2021 | 2025-12-04 04:00:00,83822.76 - 86674.00 | bar 2007 | 2025-12-01 20:00:00,,,,,,
2025-12-07 08:00:00,89236.8,89749.59,89176.52,89722.37,-398.5067287,-132.0527462,-266.4539825,45.15365307,36.95137341,61.55821238,945.36,1504.76,92825.56 - 94150.00 | bar 2021 | 2025-12-04 04:00:00,83822.76 - 86674.00 | bar 2007 | 2025-12-01 20:00:00,,,,,,
2025-12-07 12:00:00,89722.37,89799.96,89200,89379.72,-423.1674385,-190.2756847,-232.8917538,41.581604,38.49478361,47.75524477,914.67,1500.69,92825.56 - 94150.00 | bar 2021 | 2025-12-04 04:00:00,83822.76 - 86674.00 | bar 2007 | 2025-12-01 20:00:00,,,,,,
2025-12-07 16:00:00,89379.73,89538.7,89050.01,89149.18,-456.0567417,-243.4318961,-212.6248456,33.53816968,36.84257897,26.92935111,897.26,1495.90,92825.56 - 94150.00 | bar 2021 | 2025-12-04 04:00:00,83822.76 - 86674.00 | bar 2007 | 2025-12-01 20:00:00,,,,,,
2025-12-07 20:00:00,89149.18,89707.54,87719.28,89554.52,-444.2926717,-283.6040512,-160.6886205,46.15576296,39.94697363,58.57334161,990.41,1490.35,92825.56 - 94150.00 | bar 2021 | 2025-12-04 04:00:00,83822.76 - 86674.00 | bar 2007 | 2025-12-01 20:00:00,,,,,,
2025-12-08 00:00:00,89554.52,91760,89115.85,91425.52,-280.7590821,-283.0350574,2.275975298,61.34459775,47.079515,89.87476323,1086.25,1498.10,92825.56 - 94150.00 | bar 2021 | 2025-12-04 04:00:00,83822.76 - 86674.00 | bar 2007 | 2025-12-01 20:00:00,,,,,,
2025-12-08 04:00:00,91425.51,91510.4,88995.33,90395.31,-231.6169355,-272.751433,41.13449754,62.97191969,52.37698323,84.16179261,1151.33,1501.04,92825.56 - 94150.00 | bar 2021 | 2025-12-04 04:00:00,87719.28 - 89707.54 | bar 2043 | 2025-12-07 20:00:00,,,,,,
2025-12-08 08:00:00,90395.32,91700,89860,91068.29,-136.7907302,-245.5592924,108.7685623,69.60845185,58.1208061,92.58374334,1108.29,1492.79,92825.56 - 94150.00 | bar 2021 | 2025-12-04 04:00:00,87719.28 - 89707.54 | bar 2043 | 2025-12-07 20:00:00,,,,,,
2025-12-08 12:00:00,91068.3,91868.76,91023.06,91565.46,-21.27754104,-200.7029421,179.4254011,77.30251803,64.51471008,102.8781339,1108.43,1482.27,92825.56 - 94150.00 | bar 2021 | 2025-12-04 04:00:00,87719.28 - 89707.54 | bar 2043 | 2025-12-07 20:00:00,,,,,,
2025-12-08 16:00:00,91565.46,92287.15,91486.46,91968.29,101.6013113,-140.2420915,241.8434028,82.54151323,70.52364446,106.5772508,1110.21,1469.75,92825.56 - 94150.00 | bar 2021 | 2025-12-04 04:00:00,87719.28 - 89707.54 | bar 2043 | 2025-12-07 20:00:00,,,,,,
2025-12-08 20:00:00,91968.29,92122.08,89612,89961.37,36.61988438,-104.8696963,141.4895807,71.38898466,70.81209119,72.54277159,1267.71,1477.95,92825.56 - 94150.00 | bar 2021 | 2025-12-04 04:00:00,87719.28 - 89707.54 | bar 2043 | 2025-12-07 20:00:00,,,,,,
2025-12-09 00:00:00,89961.36,90527.3,89679.79,90124.48,-1.697186687,-84.23519437,82.53800768,65.14423591,68.9228061,57.58709554,1290.22,1477.05,92825.56 - 94150.00 | bar 2021 | 2025-12-04 04:00:00,87719.28 - 89707.54 | bar 2043 | 2025-12-07 20:00:00,,,,,,
2025-12-09 04:00:00,90124.49,91374,90124.49,90634.34,8.974249794,-65.59330554,74.56755533,64.70169552,67.51576924,59.07354809,1322.40,1473.89,92825.56 - 94150.00 | bar 2021 | 2025-12-04 04:00:00,87719.28 - 89707.54 | bar 2043 | 2025-12-07 20:00:00,,,,,,
2025-12-09 08:00:00,90634.35,90846.26,89795.84,90405.01,-1.061339856,-52.6869124,51.62557255,57.40903925,64.14685924,43.93339925,1332.89,1471.79,92825.56 - 94150.00 | bar 2021 | 2025-12-04 04:00:00,87719.28 - 89707.54 | bar 2043 | 2025-12-07 20:00:00,,,,,,
2025-12-09 12:00:00,90405.02,90528.67,89500,90496.8,-1.589607076,-42.46745134,40.87784426,53.47674409,60.59015419,39.24992387,1355.84,1470.78,92825.56 - 94150.00 | bar 2021 | 2025-12-04 04:00:00,87719.28 - 89707.54 | bar 2043 | 2025-12-07 20:00:00,,,,,,
2025-12-09 16:00:00,90496.8,90600,89912.48,90384.55,-10.93979242,-36.16191955,25.22212713,46.23006949,55.80345929,27.08328989,1364.02,1468.13,92825.56 - 94150.00 | bar 2021 | 2025-12-04 04:00:00,87719.28 - 89707.54 | bar 2043 | 2025-12-07 20:00:00,,,,,,
2025-12-09 20:00:00,90384.54,92876.92,90004.73,92707.51,167.1665842,4.5037812,162.662803,62.48114579,58.02935479,71.38472779,1526.32,1476.05,92825.56 - 94150.00 | bar 2021 | 2025-12-04 04:00:00,87719.28 - 89707.54 | bar 2043 | 2025-12-07 20:00:00,,,,,,
2025-12-10 00:00:00,92707.5,94588.99,92693.5,93800.83,392.0199951,82.00702399,310.0129712,69.82491301,61.96120753,85.55232398,1626.80,1481.58,92825.56 - 94150.00 | bar 2021 | 2025-12-04 04:00:00,89500.00 - 90528.67 | bar 2053 | 2025-12-09 12:00:00,,,,,,
2025-12-10 04:00:00,93800.83,93857.47,92254.92,92678.8,474.2130664,160.4482325,313.764834,67.37136237,63.76459248,74.58490215,1599.25,1479.61,92825.56 - 94150.00 | bar 2021 | 2025-12-04 04:00:00,89500.00 - 90528.67 | bar 2053 | 2025-12-09 12:00:00,,,,,,
2025-12-10 08:00:00,92678.81,92786.35,91976,92410.62,511.8119335,230.7209727,281.0909608,63.97905929,63.83608141,64.26501503,1468.27,1473.20,92825.56 - 94150.00 | bar 2021 | 2025-12-04 04:00:00,89500.00 - 90528.67 | bar 2053 | 2025-12-09 12:00:00,,,,,,
2025-12-10 12:00:00,92410.62,92782.92,92386.83,92782.91,565.1354683,297.6038718,267.5315965,64.15605623,63.94273969,64.58268933,1316.91,1469.67,92825.56 - 94150.00 | bar 2021 | 2025-12-04 04:00:00,89500.00 - 90528.67 | bar 2053 | 2025-12-09 12:00:00,,,,,,
2025-12-10 16:00:00,92782.91,93291.5,91763.69,92120.45,547.6270643,347.6085103,200.018554,59.93488277,62.60678738,54.59107355,1294.61,1468.56,92825.56 - 94150.00 | bar 2021 | 2025-12-04 04:00:00,89500.00 - 90528.67 | bar 2053 | 2025-12-09 12:00:00,,,,,,
2025-12-10 20:00:00,92120.45,92226,91563.15,92063.69,523.1410262,382.7150135,140.4260127,56.74898412,60.6541863,48.93857978,1281.55,1467.15,92825.56 - 94150.00 | bar 2021 | 2025-12-04 04:00:00,89500.00 - 90528.67 | bar 2053 | 2025-12-09 12:00:00,,,,,,
2025-12-11 00:00:00,92063.69,93243.59,91684.39,92957.67,569.3097312,420.033957,149.2757741,59.53822997,60.28220085,58.0502882,1335.73,1463.72,92825.56 - 94150.00 | bar 2021 | 2025-12-04 04:00:00,89500.00 - 90528.67 | bar 2053 | 2025-12-09 12:00:00,,,,,,
2025-12-11 04:00:00,92957.67,94476,91878,92015.37,523.8247025,440.7921061,83.03259635,54.3120338,58.29214517,46.35181107,1342.01,1466.74,92825.56 - 94150.00 | bar 2021 | 2025-12-04 04:00:00,89500.00 - 90528.67 | bar 2053 | 2025-12-09 12:00:00,,,,,,
2025-12-11 08:00:00,92015.38,92080.32,89389.63,89880.01,311.8766634,415.0090176,-103.1323541,39.35187101,51.97872045,14.09817213,1473.67,1465.81,92825.56 - 94150.00 | bar 2021 | 2025-12-04 04:00:00,89500.00 - 90528.67 | bar 2053 | 2025-12-09 12:00:00,,,,,,
2025-12-11 12:00:00,89880,90480.14,89694.81,90272.75,173.5960441,366.7264229,-193.1303788,32.02207418,45.32650503,5.413212478,1440.51,1464.04,92825.56 - 94150.00 | bar 2021 | 2025-12-04 04:00:00,89500.00 - 90528.67 | bar 2053 | 2025-12-09 12:00:00,,,,,,
2025-12-11 16:00:00,90272.76,90504.19,89971.11,90242.35,60.8531538,305.5517691,-244.6986153,26.9363177,39.19644259,2.416067945,1403.56,1462.37,92825.56 - 94150.00 | bar 2021 | 2025-12-04 04:00:00,89500.00 - 90528.67 | bar 2053 | 2025-12-09 12:00:00,,,,,,
2025-12-11 20:00:00,90242.36,90653.33,89260.63,89872.51,-57.67455972,232.9065033,-290.581063,21.86829356,33.42039291,-1.235905142,1429.56,1464.67,92825.56 - 94150.00 | bar 2021 | 2025-12-04 04:00:00,89500.00 - 90528.67 | bar 2053 | 2025-12-09 12:00:00,,,,,,
2025-12-12 00:00:00,89872.51,91538.26,89333,90839.81,-72.71736023,171.7817306,-244.4990908,24.67197817,30.50425466,13.00742518,1537.97,1470.83,92825.56 - 94150.00 | bar 2021 | 2025-12-04 04:00:00,89500.00 - 90528.67 | bar 2053 | 2025-12-09 12:00:00,,,,,,
2025-12-12 04:00:00,90839.81,93555,90797.76,92513.38,49.82981726,147.3913479,-97.56153067,37.23749798,32.7486691,46.21515574,1529.76,1480.96,92825.56 - 94150.00 | bar 2021 | 2025-12-04 04:00:00,89500.00 - 90528.67 | bar 2053 | 2025-12-09 12:00:00,,,,,,
2025-12-12 08:00:00,92513.38,92754,91448.31,92283.4,126.9287191,143.2988222,-16.37010308,44.14462507,36.54732109,59.33923302,1487.63,1484.00,92825.56 - 94150.00 | bar 2021 | 2025-12-04 04:00:00,89500.00 - 90528.67 | bar 2053 | 2025-12-09 12:00:00,,,,,,
2025-12-12 12:00:00,92283.4,92720,92078.91,92425.34,197.2102095,154.0810996,43.12910985,49.65656681,40.91706966,67.13556109,1418.96,1484.58,92825.56 - 94150.00 | bar 2021 | 2025-12-04 04:00:00,89500.00 - 90528.67 | bar 2053 | 2025-12-09 12:00:00,,,,,,
2025-12-12 16:00:00,92425.33,92650.01,92044.8,92418.19,249.4562751,173.1561347,76.30014034,57.61367726,46.48260553,79.87582071,1404.30,1482.92,92825.56 - 94150.00 | bar 2021 | 2025-12-04 04:00:00,89500.00 - 90528.67 | bar 2053 | 2025-12-09 12:00:00,,,,,,
2025-12-12 20:00:00,92418.19,92660.74,89780,89935.14,89.46893299,156.4186944,-66.94976138,43.64473286,45.53664797,39.86090264,1581.78,1494.85,92825.56 - 94150.00 | bar 2021 | 2025-12-04 04:00:00,89500.00 - 90528.67 | bar 2053 | 2025-12-09 12:00:00,,,,,,
2025-12-13 00:00:00,89935.13,90666,89480,90198.22,-15.91042542,121.9528704,-137.8632958,36.37415678,42.48248424,24.15750185,1557.36,1496.74,92825.56 - 94150.00 | bar 2021 | 2025-12-04 04:00:00,89500.00 - 90528.67 | bar 2053 | 2025-12-09 12:00:00,,,,,,
2025-12-13 04:00:00,90198.23,90404.13,89898.61,90268.42,-92.69128542,79.02403924,-171.7153247,32.07200554,39.01232467,18.19136727,1546.12,1488.68,92825.56 - 94150.00 | bar 2021 | 2025-12-04 04:00:00,89500.00 - 90528.67 | bar 2053 | 2025-12-09 12:00:00,,,,,,
2025-12-13 08:00:00,90268.43,90469.71,90120,90345.54,-145.6388961,34.09145217,-179.7303483,29.37549461,35.80004799,16.52638787,1459.73,1482.98,92825.56 - 94150.00 | bar 2021 | 2025-12-04 04:00:00,89500.00 - 90528.67 | bar 2053 | 2025-12-09 12:00:00,,,,,,
2025-12-13 12:00:00,90345.55,90410.5,90268.91,90329.97,-186.7044157,-10.0677214,-176.6366943,26.53638291,32.71215963,14.18482948,1284.28,1476.51,92825.56 - 94150.00 | bar 2021 | 2025-12-04 04:00:00,89500.00 - 90528.67 | bar 2053 | 2025-12-09 12:00:00,,,,,,
2025-12-13 16:00:00,90329.98,90634.55,90290,90330.36,-216.719459,-51.39806892,-165.3213901,26.34862913,30.5909828,17.8639218,1116.69,1466.20,92825.56 - 94150.00 | bar 2021 | 2025-12-04 04:00:00,89500.00 - 90528.67 | bar 2053 | 2025-12-09 12:00:00,,,,,,
2025-12-13 20:00:00,90330.36,90470.3,89932.99,90092.16,-256.7674906,-92.47195325,-164.2955373,23.86369514,28.34855358,14.89397827,1098.98,1465.42,92825.56 - 94150.00 | bar 2021 | 2025-12-04 04:00:00,89500.00 - 90528.67 | bar 2053 | 2025-12-09 12:00:00,,,,,,
2025-12-14 00:00:00,90092.17,90268.13,89981,90178.16,-278.3576294,-129.6490885,-148.7085409,23.2256665,26.64092455,16.39515039,1081.41,1463.04,92825.56 - 94150.00 | bar 2021 | 2025-12-04 04:00:00,89500.00 - 90528.67 | bar 2053 | 2025-12-09 12:00:00,,,,,,
2025-12-14 04:00:00,90178.17,90280.76,89766.39,90240.01,-287.1669105,-161.1526529,-126.0142576,23.44848609,25.5767784,19.19190147,1018.67,1456.00,92825.56 - 94150.00 | bar 2021 | 2025-12-04 04:00:00,89500.00 - 90528.67 | bar 2053 | 2025-12-09 12:00:00,90240.01,88990.66,92579.23,,OPEN LONG,
2025-12-14 08:00:00,90240,90472.4,90117.05,90258.98,-289.2829351,-186.7787093,-102.5042258,37.5260846,29.55988046,53.45849287,886.54,1451.23,92825.56 - 94150.00 | bar 2021 | 2025-12-04 04:00:00,89500.00 - 90528.67 | bar 2053 | 2025-12-09 12:00:00,90240.01,88990.66,92579.23,,RUNNING LONG,0.02%
2025-12-14 12:00:00,90258.99,90329.24,90050.74,90245.6,-288.711468,-207.165261,-81.54620692,43.41683991,34.17886695,61.89278584,709.48,1447.52,92825.56 - 94150.00 | bar 2021 | 2025-12-04 04:00:00,89500.00 - 90528.67 | bar 2053 | 2025-12-09 12:00:00,90240.01,88990.66,92579.23,,RUNNING LONG,0.01%
2025-12-14 16:00:00,90245.6,90280.01,88687.27,89360,-355.619732,-236.8561552,-118.7635767,40.46028101,36.27267163,48.83549977,729.99,1445.49,92825.56 - 94150.00 | bar 2021 | 2025-12-04 04:00:00,87719.28 - 89707.54 | bar 2043 | 2025-12-07 20:00:00,90240.01,88990.66,92579.23,,RUNNING LONG,-0.98%
2025-12-14 20:00:00,89360.01,89666,88882.66,89022.91,-430.8784604,-275.6606163,-155.2178441,32.71897074,35.08810467,27.98070288,740.15,1440.38,92825.56 - 94150.00 | bar 2021 | 2025-12-04 04:00:00,87719.28 - 89707.54 | bar 2043 | 2025-12-07 20:00:00,90240.01,88990.66,92579.23,,RUNNING LONG,-1.35%
2025-12-15 00:00:00,89022.92,89398.71,88497.02,88644.88,-515.0877951,-323.546052,-191.541743,24.11842376,31.43154437,9.492182558,761.32,1441.21,92825.56 - 94150.00 | bar 2021 | 2025-12-04 04:00:00,87719.28 - 89707.54 | bar 2043 | 2025-12-07 20:00:00,90240.01,88990.66,92579.23,88644.88,HIT STOP LOSS,-1.77%
2025-12-15 04:00:00,88644.88,88827.71,87577.36,88172.17,-612.902883,-381.4174182,-231.4854648,22.92755921,28.59688265,11.58891234,644.87,1435.81,92825.56 - 94150.00 | bar 2021 | 2025-12-04 04:00:00,87719.28 - 89707.54 | bar 2043 | 2025-12-07 20:00:00,,,,,,
2025-12-15 08:00:00,88172.16,90052.64,88074.37,89282.6,-593.9726768,-423.9284699,-170.0442069,34.91908023,30.70428184,43.34867699,701.46,1441.26,92825.56 - 94150.00 | bar 2021 | 2025-12-04 04:00:00,87719.28 - 89707.54 | bar 2043 | 2025-12-07 20:00:00,,,,,,
2025-12-15 12:00:00,89282.6,89918.48,89272.88,89753.42,-534.8141088,-446.1055977,-88.70851106,48.33442348,36.58099572,71.84127899,711.46,1440.74,92825.56 - 94150.00 | bar 2021 | 2025-12-04 04:00:00,87719.28 - 89707.54 | bar 2043 | 2025-12-07 20:00:00,,,,,,
2025-12-15 16:00:00,89753.43,89986.68,89572.05,89641.28,-491.3156966,-455.1476175,-36.16807914,55.98681178,43.04960107,81.86123318,716.10,1439.05,92825.56 - 94150.00 | bar 2021 | 2025-12-04 04:00:00,87719.28 - 89707.54 | bar 2043 | 2025-12-07 20:00:00,,,,,,
2025-12-15 20:00:00,89641.28,89876.42,86621.91,87033.22,-659.6870752,-496.055509,-163.6315662,41.02271031,42.37397082,38.32018929,938.45,1452.11,92825.56 - 94150.00 | bar 2021 | 2025-12-04 04:00:00,83822.76 - 86674.00 | bar 2007 | 2025-12-01 20:00:00,,,,,,
2025-12-16 00:00:00,87033.21,87220,85146.64,86149.96,-854.5436587,-567.753139,-286.7905197,33.86349194,39.53714452,22.51618676,1061.94,1452.03,92825.56 - 94150.00 | bar 2021 | 2025-12-04 04:00:00,83822.76 - 86674.00 | bar 2007 | 2025-12-01 20:00:00,,,,,,
2025-12-16 04:00:00,86149.96,86472.7,85530.01,86432.08,-974.9653847,-649.1955881,-325.7697966,31.30945664,36.7945819,20.33920614,1090.89,1439.89,92825.56 - 94150.00 | bar 2021 | 2025-12-04 04:00:00,83822.76 - 86674.00 | bar 2007 | 2025-12-01 20:00:00,,,,,,
2025-12-16 08:00:00,86432.08,86535.22,85386,85875.92,-1102.568214,-739.8701133,-362.6981008,25.82799216,33.13905198,11.20587251,1152.47,1438.28,92825.56 - 94150.00 | bar 2021 | 2025-12-04 04:00:00,83822.76 - 86674.00 | bar 2007 | 2025-12-01 20:00:00,,,,,,
2025-12-16 12:00:00,85875.91,86615.38,85266,86021.51,-1178.363044,-827.5686994,-350.7943444,23.1628794,29.81366112,9.861315962,1212.12,1440.73,92825.56 - 94150.00 | bar 2021 | 2025-12-04 04:00:00,83822.76 - 86674.00 | bar 2007 | 2025-12-01 20:00:00,,,,,,
2025-12-16 16:00:00,86021.51,87330,85930.97,87261.45,-1125.405226,-887.1360047,-238.2692213,29.81078765,29.8127033,29.80695636,1286.66,1439.32,92825.56 - 94150.00 | bar 2021 | 2025-12-04 04:00:00,83822.76 - 86674.00 | bar 2007 | 2025-12-01 20:00:00,,,,,,
2025-12-16 20:00:00,87261.46,88175.98,86107.43,87977.43,-1013.973714,-912.5035466,-101.4701673,39.36949621,32.99830094,52.11188676,1414.53,1437.57,92825.56 - 94150.00 | bar 2021 | 2025-12-04 04:00:00,83822.76 - 86674.00 | bar 2007 | 2025-12-01 20:00:00,,,,,,
2025-12-17 00:00:00,87977.44,88050.17,87061.23,87585.77,-946.3580994,-919.2744571,-27.08364225,43.04460796,36.34706995,56.43968398,1371.40,1436.22,92825.56 - 94150.00 | bar 2021 | 2025-12-04 04:00:00,83822.76 - 86674.00 | bar 2007 | 2025-12-01 20:00:00,,,,,,
2025-12-17 04:00:00,87585.76,87931.48,87343.75,87863.42,-860.4494772,-907.5094611,47.05998397,47.84303228,40.17905739,63.17098206,1357.42,1427.66,92825.56 - 94150.00 | bar 2021 | 2025-12-04 04:00:00,83822.76 - 86674.00 | bar 2007 | 2025-12-01 20:00:00,,,,,,
2025-12-17 08:00:00,87863.43,87950,87150.01,87213.59,-835.1747506,-893.042519,57.8677684,54.63903279,44.99904919,73.919,1350.16,1414.69,92825.56 - 94150.00 | bar 2021 | 2025-12-04 04:00:00,83822.76 - 86674.00 | bar 2007 | 2025-12-01 20:00:00,,,,,,
2025-12-17 12:00:00,87213.6,87398.54,86209.11,87045.59,-819.2566629,-878.2853478,59.02868492,56.81092714,48.93634184,72.56009774,1345.81,1408.14,92825.56 - 94150.00 | bar 2021 | 2025-12-04 04:00:00,83822.76 - 86674.00 | bar 2007 | 2025-12-01 20:00:00,,,,,,
2025-12-17 16:00:00,87045.59,87137.42,86238.91,86983.26,-802.4211621,-863.1125107,60.69134858,57.544877,51.80585356,69.02292388,1268.68,1406.80,92825.56 - 94150.00 | bar 2021 | 2025-12-04 04:00:00,83822.76 - 86674.00 | bar 2007 | 2025-12-01 20:00:00,,,,,,
2025-12-17 20:00:00,86983.26,90365.85,86817.27,87233.44,-760.1291753,-842.5158436,82.38666831,51.22271452,51.61147388,50.4451958,1476.04,1408.32,92825.56 - 94150.00 | bar 2021 | 2025-12-04 04:00:00,83822.76 - 86674.00 | bar 2007 | 2025-12-01 20:00:00,,,,,,
2025-12-18 00:00:00,87233.44,87769.23,85314,86018.53,-815.2478845,-837.0622518,21.8143673,38.79713641,47.34002806,21.71135311,1621.80,1411.38,92825.56 - 94150.00 | bar 2021 | 2025-12-04 04:00:00,83822.76 - 86674.00 | bar 2007 | 2025-12-01 20:00:00,,,,,,
2025-12-18 04:00:00,86018.53,86431.14,85644.09,86243.22,-831.2174955,-835.8933005,4.675804972,31.99597686,42.22534433,11.53724194,1445.55,1401.51,86107.43 - 88175.98 | bar 2097 | 2025-12-16 20:00:00,83822.76 - 86674.00 | bar 2007 | 2025-12-01 20:00:00,,,,,,
2025-12-18 08:00:00,86243.23,86863.75,85863.93,86618.34,-804.3326325,-829.5811669,25.24853443,29.93700337,38.12923067,13.55254876,1368.87,1393.45,86107.43 - 88175.98 | bar 2097 | 2025-12-16 20:00:00,83822.76 - 86674.00 | bar 2007 | 2025-12-01 20:00:00,,,,,,
2025-12-18 12:00:00,86618.35,86901.4,86384.61,86833.84,-756.9119263,-815.0473188,58.13539249,29.98627572,35.41491236,19.12900244,1338.45,1386.40,86107.43 - 88175.98 | bar 2097 | 2025-12-16 20:00:00,83822.76 - 86674.00 | bar 2007 | 2025-12-01 20:00:00,,,,,,
2025-12-18 16:00:00,86833.83,87453.63,86685.14,87300.74,-673.8875904,-786.8153731,112.9277827,33.09984355,34.64322275,30.01308515,1311.25,1378.80,86107.43 - 88175.98 | bar 2097 | 2025-12-16 20:00:00,83822.76 - 86674.00 | bar 2007 | 2025-12-01 20:00:00,,,,,,
2025-12-18 20:00:00,87300.5,89477.61,87109.76,88513.44,-504.4208019,-730.3364589,225.9156569,43.17724459,37.4878967,54.55594038,1384.00,1387.39,92825.56 - 94150.00 | bar 2021 | 2025-12-04 04:00:00,83822.76 - 86674.00 | bar 2007 | 2025-12-01 20:00:00,,,,,,
2025-12-19 00:00:00,88513.43,88533.61,84481.31,84483.79,-687.3528532,-721.7397377,34.38688457,28.79887784,34.59155708,17.21351936,1573.52,1404.05,92825.56 - 94150.00 | bar 2021 | 2025-12-04 04:00:00,83822.76 - 86674.00 | bar 2007 | 2025-12-01 20:00:00,,,,,,
2025-12-19 04:00:00,84483.8,85835.9,84450.01,85516.41,-740.4683593,-725.4854621,-14.98289729,25.20797875,31.46369764,12.69654097,1524.76,1406.45,87109.76 - 89477.61 | bar 2109 | 2025-12-18 20:00:00,83822.76 - 86674.00 | bar 2007 | 2025-12-01 20:00:00,,,,,,
2025-12-19 08:00:00,85516.41,87568.99,85110.24,86891.39,-663.9596721,-713.1803041,49.220632,32.99183626,31.97307718,35.02935442,1629.74,1415.30,87109.76 - 89477.61 | bar 2109 | 2025-12-18 20:00:00,83822.76 - 86674.00 | bar 2007 | 2025-12-01 20:00:00,,,,,,
2025-12-19 12:00:00,86891.39,88449.06,86647.51,87953.4,-511.7317299,-672.8905892,161.1588593,45.22227384,36.38947607,62.8878694,1716.45,1419.85,87109.76 - 89477.61 | bar 2109 | 2025-12-18 20:00:00,83822.76 - 86674.00 | bar 2007 | 2025-12-01 20:00:00,,,,,,
2025-12-19 16:00:00,87953.39,88385.06,87742.6,88198.7,-367.0650319,-611.7254778,244.6604459,55.00225475,42.59373563,79.819293,1705.19,1417.37,87109.76 - 89477.61 | bar 2109 | 2025-12-18 20:00:00,83822.76 - 86674.00 | bar 2007 | 2025-12-01 20:00:00,,,,,,
2025-12-19 20:00:00,88198.7,89399.97,87514.59,87951.87,-269.2292425,-543.2262307,273.9969882,59.88574217,48.35773781,82.94175089,1754.90,1424.09,87109.76 - 89477.61 | bar 2109 | 2025-12-18 20:00:00,83822.76 - 86674.00 | bar 2007 | 2025-12-01 20:00:00,,,,,,
2025-12-20 00:00:00,87951.86,88882.55,86846.16,87845.92,-197.960983,-474.1731812,276.2121981,62.43894467,53.05147343,81.21388715,1836.18,1428.60,87109.76 - 89477.61 | bar 2109 | 2025-12-18 20:00:00,83822.76 - 86674.00 | bar 2007 | 2025-12-01 20:00:00,,,,,,
2025-12-20 04:00:00,87845.92,88426.85,87614.79,88136.94,-116.6527914,-402.6691032,286.0163118,66.07056226,57.3911697,83.42934737,1640.72,1425.00,87109.76 - 89477.61 | bar 2109 | 2025-12-18 20:00:00,83822.76 - 86674.00 | bar 2007 | 2025-12-01 20:00:00,,,,,,
2025-12-20 08:00:00,88136.95,88339.27,87961.6,88214.98,-45.39500255,-331.2142831,285.8192805,69.40057972,61.39430638,85.4131264,1492.32,1417.90,87109.76 - 89477.61 | bar 2109 | 2025-12-18 20:00:00,83822.76 - 86674.00 | bar 2007 | 2025-12-01 20:00:00,,,,,,
2025-12-20 12:00:00,88214.98,88573.07,88123.07,88275.41,15.77169812,-261.8170868,277.588785,72.02753067,64.93871447,86.20516306,1468.24,1411.48,87109.76 - 89477.61 | bar 2109 | 2025-12-18 20:00:00,83822.76 - 86674.00 | bar 2007 | 2025-12-01 20:00:00,,,,,,
2025-12-20 16:00:00,88275.41,88428,88107.35,88277.66,63.69407957,-196.7148536,260.4089331,72.63078082,67.50273659,82.88686929,1419.73,1404.12,87109.76 - 89477.61 | bar 2109 | 2025-12-18 20:00:00,83822.76 - 86674.00 | bar 2007 | 2025-12-01 20:00:00,,,,,,
2025-12-20 20:00:00,88277.66,88343.73,87795.76,88178.71,92.62079918,-138.847723,231.4685222,66.96393262,67.32313527,66.24552734,1421.96,1401.71,87109.76 - 89477.61 | bar 2109 | 2025-12-18 20:00:00,83822.76 - 86674.00 | bar 2007 | 2025-12-01 20:00:00,,,,,,
2025-12-21 00:00:00,88178.72,88418.73,88103.54,88232.92,118.5531203,-87.36755435,205.9206746,62.74315912,65.79647655,56.63652425,1389.58,1399.70,87109.76 - 89477.61 | bar 2109 | 2025-12-18 20:00:00,83822.76 - 86674.00 | bar 2007 | 2025-12-01 20:00:00,,,,,,
2025-12-21 04:00:00,88232.92,88443.44,88154.06,88360.9,147.7286639,-40.34831071,188.0769746,61.59975545,64.39756952,56.00412731,1241.12,1388.79,87109.76 - 89477.61 | bar 2109 | 2025-12-18 20:00:00,83822.76 - 86674.00 | bar 2007 | 2025-12-01 20:00:00,,,,,,
2025-12-21 08:00:00,88360.91,88433.64,87869.35,88070.64,145.7488344,-3.128881693,148.8777161,61.10981557,63.30165153,56.72614364,991.97,1377.45,87109.76 - 89477.61 | bar 2109 | 2025-12-18 20:00:00,83822.76 - 86674.00 | bar 2007 | 2025-12-01 20:00:00,,,,,,
2025-12-21 12:00:00,88070.64,88201.59,88050,88174.79,150.8449926,27.66589317,123.1790995,60.21922198,62.27417502,56.10931592,903.81,1372.31,87109.76 - 89477.61 | bar 2109 | 2025-12-18 20:00:00,83822.76 - 86674.00 | bar 2007 | 2025-12-01 20:00:00,,,,,,
2025-12-21 16:00:00,88174.79,89081.77,88141.87,88601.57,187.1638062,59.56547577,127.5983304,61.03271445,61.86035483,59.37743369,795.32,1363.72,87109.76 - 89477.61 | bar 2109 | 2025-12-18 20:00:00,83822.76 - 86674.00 | bar 2007 | 2025-12-01 20:00:00,,,,,,
2025-12-21 20:00:00,88601.57,88920.01,87600.04,88067.95,170.917819,81.83594441,89.08187456,51.21468553,58.31179839,37.02045979,760.92,1362.33,87109.76 - 89477.61 | bar 2109 | 2025-12-18 20:00:00,83822.76 - 86674.00 | bar 2007 | 2025-12-01 20:00:00,,,,,,
2025-12-22 00:00:00,88067.96,88600,87950,88484.01,189.4316715,103.3550898,86.07658169,54.02911281,56.88423653,48.31886537,761.46,1360.05,87109.76 - 89477.61 | bar 2109 | 2025-12-18 20:00:00,83822.76 - 86674.00 | bar 2007 | 2025-12-01 20:00:00,,,,,,
2025-12-22 04:00:00,88484.01,88823.52,88091.96,88658.86,215.7262093,125.8293137,89.89689559,59.83886283,57.86911196,63.77836455,679.04,1352.98,87109.76 - 89477.61 | bar 2109 | 2025-12-18 20:00:00,83822.76 - 86674.00 | bar 2007 | 2025-12-01 20:00:00,,,,,,
2025-12-22 08:00:00,88658.87,89627.24,87900,88774.12,243.0634545,149.2761419,93.78731261,59.19802115,58.31208169,60.96990007,656.96,1355.33,87109.76 - 89477.61 | bar 2109 | 2025-12-18 20:00:00,83822.76 - 86674.00 | bar 2007 | 2025-12-01 20:00:00,,,,,,
2025-12-22 12:00:00,88774.13,89200,88712.11,89170.1,293.2997183,178.0808572,115.2188612,65.28190887,60.63535742,74.57501176,633.81,1352.97,87109.76 - 89477.61 | bar 2109 | 2025-12-18 20:00:00,83822.76 - 86674.00 | bar 2007 | 2025-12-01 20:00:00,,,,,,
2025-12-22 16:00:00,89170.1,90118,89093.44,89945.43,391.1658542,220.6978566,170.4679976,74.57008458,65.28026647,93.14972079,680.01,1351.49,92825.56 - 94150.00 | bar 2021 | 2025-12-04 04:00:00,83822.76 - 86674.00 | bar 2007 | 2025-12-01 20:00:00,,,,,,
2025-12-22 20:00:00,89945.43,90588.23,89196.42,89726.92,445.9528739,265.74886,180.2040139,73.43878871,67.99977388,84.31681835,747.29,1348.43,92825.56 - 94150.00 | bar 2021 | 2025-12-04 04:00:00,83822.76 - 86674.00 | bar 2007 | 2025-12-01 20:00:00,,,,,,
2025-12-23 00:00:00,89726.93,90127,87965.76,88052.43,350.2175433,282.6425967,67.5749466,54.00561411,63.33505396,35.3467344,878.76,1354.85,92825.56 - 94150.00 | bar 2021 | 2025-12-04 04:00:00,83822.76 - 86674.00 | bar 2007 | 2025-12-01 20:00:00,,,,,,
2025-12-23 04:00:00,88052.42,88833.33,87911.79,88620.79,316.5594062,289.4259586,27.13344764,47.39023423,58.02011405,26.13047458,905.44,1346.94,92825.56 - 94150.00 | bar 2021 | 2025-12-04 04:00:00,83822.76 - 86674.00 | bar 2007 | 2025-12-01 20:00:00,,,,,,
2025-12-23 08:00:00,88620.79,88940,87800,88170,250.6211005,281.664987,-31.04388647,36.01684528,50.68569113,6.679153592,964.36,1344.63,92825.56 - 94150.00 | bar 2021 | 2025-12-04 04:00:00,83822.76 - 86674.00 | bar 2007 | 2025-12-01 20:00:00,,,,,,
2025-12-23 12:00:00,88170,88368.1,87051.52,87574.79,148.6228143,255.0565524,-106.4337382,28.9430265,43.43813625,-0.0471930029,1037.73,1336.28,92825.56 - 94150.00 | bar 2021 | 2025-12-04 04:00:00,83822.76 - 86674.00 | bar 2007 | 2025-12-01 20:00:00,,,,,,
2025-12-23 16:00:00,87574.78,87890,87297.69,87856.65,89.50047813,221.9453376,-132.4448594,26.88366519,37.91997923,4.811037101,1039.73,1331.18,89196.42 - 90588.23 | bar 2133 | 2025-12-22 20:00:00,83822.76 - 86674.00 | bar 2007 | 2025-12-01 20:00:00,,,,,,
2025-12-23 20:00:00,87856.66,87963.03,86601.9,87443.45,9.197787684,179.3958276,-170.1980399,24.95940895,33.59978914,7.678648587,1126.12,1330.62,89196.42 - 90588.23 | bar 2133 | 2025-12-22 20:00:00,83822.76 - 86674.00 | bar 2007 | 2025-12-01 20:00:00,,,,,,
2025-12-24 00:00:00,87443.45,88275.4,87162.39,87752.87,-29.1391668,137.6888287,-166.8279955,26.26391371,31.15449733,16.48274647,1138.49,1331.38,89196.42 - 90588.23 | bar 2133 | 2025-12-22 20:00:00,83822.76 - 86674.00 | bar 2007 | 2025-12-01 20:00:00,,,,,,
2025-12-24 04:00:00,87752.88,88372.35,87180,87486,-80.1319469,94.1246736,-174.2566205,24.90204058,29.07034508,16.56543158,1129.37,1323.81,89196.42 - 90588.23 | bar 2133 | 2025-12-22 20:00:00,83822.76 - 86674.00 | bar 2007 | 2025-12-01 20:00:00,,,,,,
2025-12-24 08:00:00,87486,87839.66,86863.88,87336.23,-131.117835,49.07617187,-180.1940069,23.54518231,27.22862416,16.17829862,1152.64,1309.63,89196.42 - 90588.23 | bar 2133 | 2025-12-22 20:00:00,83822.76 - 86674.00 | bar 2007 | 2025-12-01 20:00:00,,,,,,
2025-12-24 12:00:00,87336.23,87458.54,86796.65,86911.53,-203.4490256,-1.428867636,-202.020158,20.1110562,24.8561015,10.6209656,1147.67,1303.31,89196.42 - 90588.23 | bar 2133 | 2025-12-22 20:00:00,83822.76 - 86674.00 | bar 2007 | 2025-12-01 20:00:00,,,,,,
2025-12-24 16:00:00,86911.53,87359.59,86724.05,87203.94,-234.4741006,-48.03791423,-186.4361864,21.99040831,23.90087044,18.16948405,1069.69,1295.80,89196.42 - 90588.23 | bar 2133 | 2025-12-22 20:00:00,83822.76 - 86674.00 | bar 2007 | 2025-12-01 20:00:00,,,,,,
2025-12-24 20:00:00,87203.94,87478.59,86420,87049.99,-268.3903377,-92.10839892,-176.2819388,25.41636956,24.40603681,27.43703505,1110.45,1278.79,89196.42 - 90588.23 | bar 2133 | 2025-12-22 20:00:00,83822.76 - 86674.00 | bar 2007 | 2025-12-01 20:00:00,,,,,,
2025-12-25 00:00:00,87050,87670,86917.25,87566.06,-250.7363315,-123.8339854,-126.9023461,36.51143463,28.44116942,52.65196506,1091.04,1267.25,89196.42 - 90588.23 | bar 2133 | 2025-12-22 20:00:00,83822.76 - 86674.00 | bar 2007 | 2025-12-01 20:00:00,,,,,,
2025-12-25 04:00:00,87566.07,88049.89,87516.77,87669.45,-225.7998158,-144.2271515,-81.57266431,45.67336779,34.18523554,68.64963228,1029.70,1245.43,89196.42 - 90588.23 | bar 2133 | 2025-12-22 20:00:00,83822.76 - 86674.00 | bar 2007 | 2025-12-01 20:00:00,,,,,,
2025-12-25 08:00:00,87669.44,87967.5,87508.52,87840.42,-190.0508099,-153.3918832,-36.6589267,54.7003695,41.02361353,82.05388145,908.11,1231.53,89196.42 - 90588.23 | bar 2133 | 2025-12-22 20:00:00,83822.76 - 86674.00 | bar 2007 | 2025-12-01 20:00:00,,,,,,
2025-12-25 12:00:00,87840.42,87862.2,87661.17,87837.59,-160.1022632,-154.7339592,-5.368304041,60.67005281,47.57242662,86.86530518,856.65,1222.78,89196.42 - 90588.23 | bar 2133 | 2025-12-22 20:00:00,83822.76 - 86674.00 | bar 2007 | 2025-12-01 20:00:00,,,,,,
2025-12-25 16:00:00,87837.59,87888,87251.6,87519.44,-160.1932622,-155.8258198,-4.367442365,62.93165485,52.69216936,83.41062581,820.68,1218.92,89196.42 - 90588.23 | bar 2133 | 2025-12-22 20:00:00,83822.76 - 86674.00 | bar 2007 | 2025-12-01 20:00:00,,,,,,
2025-12-25 20:00:00,87519.45,88592.74,87398.78,88371.27,-90.48674266,-142.7580044,52.27126171,71.89006316,59.0914673,97.48725489,811.92,1220.06,89196.42 - 90588.23 | bar 2133 | 2025-12-22 20:00:00,83822.76 - 86674.00 | bar 2007 | 2025-12-01 20:00:00,,,,,,
2025-12-26 00:00:00,88371.27,88478,87993.21,88151.18,-52.39922176,-124.6862478,72.28702609,74.48580006,64.22291155,95.01157708,804.24,1217.05,89196.42 - 90588.23 | bar 2133 | 2025-12-22 20:00:00,83822.76 - 86674.00 | bar 2007 | 2025-12-01 20:00:00,,,,,,
2025-12-26 04:00:00,88151.19,88167.65,86934.72,87225.27,-95.82319574,-118.9136374,23.09044169,62.01133967,63.48572092,59.06257715,795.08,1217.53,89196.42 - 90588.23 | bar 2133 | 2025-12-22 20:00:00,83822.76 - 86674.00 | bar 2007 | 2025-12-01 20:00:00,,,,,,
2025-12-26 08:00:00,87225.27,89440,86891.7,88844.87,0.446034856,-95.04170297,95.48773783,66.88955954,64.6203338,71.42801104,897.60,1226.88,89196.42 - 90588.23 | bar 2133 | 2025-12-22 20:00:00,83822.76 - 86674.00 | bar 2007 | 2025-12-01 20:00:00,,,,,,
2025-12-26 12:00:00,88844.88,89567.75,88347.45,88470.75,46.02123222,-66.82911593,112.8503482,64.2619547,64.5008741,63.78411591,899.60,1227.87,89196.42 - 90588.23 | bar 2133 | 2025-12-22 20:00:00,86420.00 - 87478.59 | bar 2145 | 2025-12-24 20:00:00,,,,,,
2025-12-26 16:00:00,88470.75,88918.59,88414.81,88533.42,86.20315343,-36.22266206,122.4258155,63.2908463,64.0975315,61.67747591,865.88,1221.98,89196.42 - 90588.23 | bar 2133 | 2025-12-22 20:00:00,86420.00 - 87478.59 | bar 2145 | 2025-12-24 20:00:00,,,,,,
2025-12-26 20:00:00,88533.43,89050,86655.08,87137.81,5.371631267,-27.90380339,33.27543466,47.71838194,58.63781498,25.87951587,989.67,1226.75,89196.42 - 90588.23 | bar 2133 | 2025-12-22 20:00:00,86420.00 - 87478.59 | bar 2145 | 2025-12-24 20:00:00,,,,,,
2025-12-27 00:00:00,87137.81,87580.29,86818.18,87501.83,-28.98049158,-28.11914103,-0.8613505513,41.50267613,52.92610203,18.65582433,998.71,1227.08,89196.42 - 90588.23 | bar 2133 | 2025-12-22 20:00:00,86420.00 - 87478.59 | bar 2145 | 2025-12-24 20:00:00,,,,,,
2025-12-27 04:00:00,87501.83,87792.7,87321.4,87369.56,-66.11573893,-35.71846061,-30.39727832,35.84514087,47.23244831,13.07052599,956.76,1224.56,89196.42 - 90588.23 | bar 2133 | 2025-12-22 20:00:00,86420.00 - 87478.59 | bar 2145 | 2025-12-24 20:00:00,,,,,,
2025-12-27 08:00:00,87369.56,87532,87253.05,87514.22,-82.91702116,-45.15817272,-37.75884844,33.72897638,42.731291,15.72434714,922.92,1220.02,89196.42 - 90588.23 | bar 2133 | 2025-12-22 20:00:00,86420.00 - 87478.59 | bar 2145 | 2025-12-24 20:00:00,,,,,,
2025-12-27 12:00:00,87514.23,87702,87417.93,87539.26,-93.13800273,-54.75413872,-38.383864,32.60476416,39.35578205,19.10272837,905.13,1214.31,89196.42 - 90588.23 | bar 2133 | 2025-12-22 20:00:00,86420.00 - 87478.59 | bar 2145 | 2025-12-24 20:00:00,,,,,,
2025-12-27 16:00:00,87539.26,87677,87370.73,87475.98,-105.1324697,-64.82980492,-40.30266481,31.131097,36.61422037,20.16485025,894.22,1205.28,89196.42 - 90588.23 | bar 2133 | 2025-12-22 20:00:00,86420.00 - 87478.59 | bar 2145 | 2025-12-24 20:00:00,,,,,,
2025-12-27 20:00:00,87475.99,87589.99,87308.05,87551.25,-107.3273089,-73.32930572,-33.99800318,31.01006117,34.7461673,23.5378489,900.00,1199.75,89196.42 - 90588.23 | bar 2133 | 2025-12-22 20:00:00,86420.00 - 87478.59 | bar 2145 | 2025-12-24 20:00:00,,,,,,
2025-12-28 00:00:00,87551.26,87591,87442.08,87569.39,-106.3767435,-79.93879327,-26.4379502,33.39906015,34.29713158,31.60291727,865.18,1193.73,89196.42 - 90588.23 | bar 2133 | 2025-12-22 20:00:00,86420.00 - 87478.59 | bar 2145 | 2025-12-24 20:00:00,,,,,,
2025-12-28 04:00:00,87569.39,87984,87499.99,87877.01,-79.88024072,-79.92708276,0.04684203762,39.27328877,35.95585065,45.90816503,814.47,1188.80,89196.42 - 90588.23 | bar 2133 | 2025-12-22 20:00:00,86420.00 - 87478.59 | bar 2145 | 2025-12-24 20:00:00,,,,,,
2025-12-28 08:00:00,87877,87961.37,87705.97,87740.01,-69.13933127,-77.76953246,8.630201196,52.53932026,41.48367385,74.65061308,798.09,1178.99,89196.42 - 90588.23 | bar 2133 | 2025-12-22 20:00:00,86420.00 - 87478.59 | bar 2145 | 2025-12-24 20:00:00,,,,,,
2025-12-28 12:00:00,87740,87837.99,87614.79,87730.85,-60.66688846,-74.34900366,13.6821152,56.81520956,46.59418575,77.25725718,725.96,1175.23,89196.42 - 90588.23 | bar 2133 | 2025-12-22 20:00:00,86420.00 - 87478.59 | bar 2145 | 2025-12-24 20:00:00,,,,,,
2025-12-28 16:00:00,87730.86,88010,87720,87883.25,-41.18030918,-67.71526476,26.53495559,65.6285293,52.93896694,91.00765402,564.66,1172.46,89196.42 - 90588.23 | bar 2133 | 2025-12-22 20:00:00,86420.00 - 87478.59 | bar 2145 | 2025-12-24 20:00:00,,,,,,
2025-12-28 20:00:00,87883.25,88088.75,87794.86,87836.27,-29.19144725,-60.01050126,30.81905401,66.30561703,57.39451697,84.12781716,498.48,1167.83,89196.42 - 90588.23 | bar 2133 | 2025-12-22 20:00:00,86420.00 - 87478.59 | bar 2145 | 2025-12-24 20:00:00,,,,,,
2025-12-29 00:00:00,87836.27,87931.59,87500.26,87520.75,-44.6354848,-56.93549797,12.30001317,53.28533813,56.02479069,47.80643301,493.31,1165.29,89196.42 - 90588.23 | bar 2133 | 2025-12-22 20:00:00,86420.00 - 87478.59 | bar 2145 | 2025-12-24 20:00:00,,,,,,
2025-12-29 04:00:00,87520.75,88049.53,87435,87952.71,-21.76850015,-49.9020984,28.13359826,63.04842959,58.36600366,72.41328147,366.14,1159.98,89196.42 - 90588.23 | bar 2133 | 2025-12-22 20:00:00,86420.00 - 87478.59 | bar 2145 | 2025-12-24 20:00:00,,,,,,
2025-12-29 08:00:00,87952.71,90169.06,87813.17,90123.55,169.5677243,-6.008133863,175.5758582,74.81076724,63.84759152,96.73711868,479.98,1161.89,89196.42 - 90588.23 | bar 2133 | 2025-12-22 20:00:00,86420.00 - 87478.59 | bar 2145 | 2025-12-24 20:00:00,,,,,,
2025-12-29 12:00:00,90123.55,90406.08,89507.03,89617.71,277.1907181,50.63163653,226.5590816,74.36224635,67.35247646,88.38178613,510.53,1159.77,89196.42 - 90588.23 | bar 2133 | 2025-12-22 20:00:00,86420.00 - 87478.59 | bar 2145 | 2025-12-24 20:00:00,,,,,,
2025-12-29 16:00:00,89617.71,89825.01,87567.65,87567.66,194.8151068,79.46833058,115.3467762,51.06317857,61.9227105,29.34411472,651.85,1165.28,89196.42 - 90588.23 | bar 2133 | 2025-12-22 20:00:00,86420.00 - 87478.59 | bar 2145 | 2025-12-24 20:00:00,,,,,,
2025-12-29 20:00:00,87567.65,88190.71,86806.5,87691.62,137.944242,91.16351286,46.78072912,42.23863086,55.36135062,15.99319135,730.43,1166.91,89196.42 - 90588.23 | bar 2133 | 2025-12-22 20:00:00,86420.00 - 87478.59 | bar 2145 | 2025-12-24 20:00:00,,,,,,
2025-12-30 00:00:00,87691.62,87996.22,87312.34,87366.23,65.85824544,86.10245938,-20.24421394,33.34237714,48.02169279,3.983745844,757.40,1163.97,89196.42 - 90588.23 | bar 2133 | 2025-12-22 20:00:00,86420.00 - 87478.59 | bar 2145 | 2025-12-24 20:00:00,,,,,,
2025-12-30 04:00:00,87366.23,87597.59,87071.49,87237.13,-1.668483993,68.5482707,-70.21675469,26.21603149,40.75313902,-2.858183594,774.84,1159.67,89196.42 - 90588.23 | bar 2133 | 2025-12-22 20:00:00,86420.00 - 87478.59 | bar 2145 | 2025-12-24 20:00:00,,,,,,
2025-12-30 08:00:00,87237.13,87423.65,86845.66,87379,-43.23776222,46.19106412,-89.42882634,22.77889876,34.7617256,-1.18675492,805.49,1145.25,89196.42 - 90588.23 | bar 2133 | 2025-12-22 20:00:00,86420.00 - 87478.59 | bar 2145 | 2025-12-24 20:00:00,,,,,,
2025-12-30 12:00:00,87378.99,87600,87157.07,87502.85,-65.43377494,23.86609631,-89.29987124,21.63437001,30.38594041,4.131229221,802.55,1141.73,89196.42 - 90588.23 | bar 2133 | 2025-12-22 20:00:00,86420.00 - 87478.59 | bar 2145 | 2025-12-24 20:00:00,,,,,,
2025-12-30 16:00:00,87502.85,88224.76,87502.84,87903.89,-50.08633447,9.07561015,-59.16194462,24.58511745,28.45233275,16.85068684,835.88,1136.04,89196.42 - 90588.23 | bar 2133 | 2025-12-22 20:00:00,86420.00 - 87478.59 | bar 2145 | 2025-12-24 20:00:00,,,,,,
2025-12-30 20:00:00,87903.89,89159.52,87834.01,89016.35,51.25204577,17.51089727,33.74114849,36.85403984,31.25290178,48.05631595,914.61,1139.34,89196.42 - 90588.23 | bar 2133 | 2025-12-22 20:00:00,86420.00 - 87478.59 | bar 2145 | 2025-12-24 20:00:00,,,,,,
2025-12-31 00:00:00,89016.36,89400,87960.2,88226.16,67.02904401,27.41452662,39.61451739,40.24663113,34.25081156,52.23827025,996.74,1142.94,89196.42 - 90588.23 | bar 2133 | 2025-12-22 20:00:00,86420.00 - 87478.59 | bar 2145 | 2025-12-24 20:00:00,,,,,,
2025-12-31 04:00:00,88226.15,88573.65,87886.46,88485.49,99.31336977,41.79429525,57.51907452,48.41054889,38.97072401,67.29019866,1024.83,1141.28,89196.42 - 90588.23 | bar 2133 | 2025-12-22 20:00:00,86420.00 - 87478.59 | bar 2145 | 2025-12-24 20:00:00,,,,,,
2025-12-31 08:00:00,88485.5,88819.8,88172.15,88453.04,120.8869769,57.61283158,63.27414532,53.24950253,43.73031685,72.28787391,1040.29,1139.56,89196.42 - 90588.23 | bar 2133 | 2025-12-22 20:00:00,86420.00 - 87478.59 | bar 2145 | 2025-12-24 20:00:00,,,,,,
2025-12-31 12:00:00,88453.04,88638.76,88325.06,88613.12,149.1816608,75.92659743,73.25506339,58.56446526,48.67503299,78.34332982,1018.80,1138.70,89196.42 - 90588.23 | bar 2133 | 2025-12-22 20:00:00,86420.00 - 87478.59 | bar 2145 | 2025-12-24 20:00:00,,,,,,
2025-12-31 16:00:00,88613.11,89046.6,88393.52,89011.52,201.4309811,101.0274742,100.403507,67.3067684,54.88561146,92.14908229,897.17,1138.14,89196.42 - 90588.23 | bar 2133 | 2025-12-22 20:00:00,86420.00 - 87478.59 | bar 2145 | 2025-12-24 20:00:00,,,,,,
2025-12-31 20:00:00,89011.51,89200,87766.59,87953.97,155.7085856,111.9636965,43.74488914,56.71431864,55.49518052,59.15259488,935.34,1141.10,89196.42 - 90588.23 | bar 2133 | 2025-12-22 20:00:00,86420.00 - 87478.59 | bar 2145 | 2025-12-24 20:00:00,,,,,,
2026-01-01 00:00:00,87953.97,88053.49,87400.41,87541.85,85.2360696,106.6181711,-21.38210149,40.16736244,50.38590783,19.73027168,820.75,1138.76,89196.42 - 90588.23 | bar 2133 | 2025-12-22 20:00:00,86420.00 - 87478.59 | bar 2145 | 2025-12-24 20:00:00,,,,,,
2026-01-01 04:00:00,87541.85,87879.04,87250,87648.22,37.53656482,92.80184983,-55.26528502,32.95219512,44.57467026,9.707244839,766.81,1133.35,87960.20 - 89400.00 | bar 2182 | 2025-12-31 00:00:00,86420.00 - 87478.59 | bar 2145 | 2025-12-24 20:00:00,,,,,,
2026-01-01 08:00:00,87648.21,88088.1,87632.74,87846.02,15.51630819,77.34474151,-61.82843331,31.20875023,40.11936358,13.38752354,750.48,1124.65,87960.20 - 89400.00 | bar 2182 | 2025-12-31 00:00:00,86420.00 - 87478.59 | bar 2145 | 2025-12-24 20:00:00,,,,,,
,,,,,,,,,,,,,,,,,,,,Total Trades: 28
,,,,,,,,,,,,,,,,,,,,Total Net Return: 7.58%
,,,,,,,,,,,,,,,,,,,,Avg Return/Trade: 0.27%
,,,,,,,,,,,,,,,,,,,,Win Rate: 57.14%